triage_id,source_candidate_id,de_rar_record_id,de_rar_headword_diplomatic,candidate_span_diplomatic,graphic_key,printed_page,profile_class,machine_signal_confidence,review_priority_tier,profile_log_likelihood_ratio,german_anchor_token_ratio,nearest_rar_de_graphic_key,nearest_rar_de_edit_distance,nearest_rar_de_similarity,human_reviewed,decision
RHD-RTRI-000001,RHD-RSPAN-000309,RHD-S1809-00399,Einöde,Cauguiki,cauguiki,314,strong_raramuri_profile_signal,high_machine_signal,1,3.1461,0.0,cauguliki,1,0.889,False,not_assessed
RHD-RTRI-000002,RHD-RSPAN-001308,RHD-S1809-01516,Wald,Caugúiki,cauguiki,349,strong_raramuri_profile_signal,high_machine_signal,1,3.1461,0.0,cauguliki,1,0.889,False,not_assessed
RHD-RTRI-000003,RHD-RSPAN-001380,RHD-S1809-01575,Wüſte,cauguiki,cauguiki,351,strong_raramuri_profile_signal,high_machine_signal,1,3.1461,0.0,cauguliki,1,0.889,False,not_assessed
RHD-RTRI-000004,RHD-RSPAN-000368,RHD-S1809-00472,Faſttag,Jumaguáliki,jumagualiki,316,strong_raramuri_profile_signal,high_machine_signal,1,3.1215,0.0,jumagaliki,1,0.909,False,not_assessed
RHD-RTRI-000005,RHD-RSPAN-000390,RHD-S1809-00491,Feſttag,Jumaguáliki,jumagualiki,316,strong_raramuri_profile_signal,high_machine_signal,1,3.1215,0.0,jumagaliki,1,0.909,False,not_assessed
RHD-RTRI-000006,RHD-RSPAN-000408,RHD-S1809-00522,Fluß,Paugui,paugui,318,strong_raramuri_profile_signal,high_machine_signal,1,3.0969,0.0,pauguo,1,0.833,False,not_assessed
RHD-RTRI-000007,RHD-RSPAN-000029,RHD-S1809-00024,Alsdann,Guitſoco,guitsoco,302,strong_raramuri_profile_signal,high_machine_signal,1,2.8086,0.0,guitloco,1,0.875,False,not_assessed
RHD-RTRI-000008,RHD-RSPAN-000265,RHD-S1809-00341,Dorn,Soiguala,soiguala,312,strong_raramuri_profile_signal,high_machine_signal,1,2.7787,0.0,siguaca,2,0.75,False,not_assessed
RHD-RTRI-000009,RHD-RSPAN-000995,RHD-S1809-01175,Seil,uíla,uila,340,strong_raramuri_profile_signal,high_machine_signal,1,2.7598,0.0,uili,1,0.75,False,not_assessed
RHD-RTRI-000010,RHD-RSPAN-000683,RHD-S1809-00826,Krank,Cocojameke,cocojameke,327,strong_raramuri_profile_signal,high_machine_signal,1,2.7308,0.0,coajameke,2,0.8,False,not_assessed
RHD-RTRI-000011,RHD-RSPAN-001009,RHD-S1809-01198,Sieh,Cocojámeke,cocojameke,341,strong_raramuri_profile_signal,high_machine_signal,1,2.7308,0.0,coajameke,2,0.8,False,not_assessed
RHD-RTRI-000012,RHD-RSPAN-000651,RHD-S1809-00780,Kehren,Petſiki,petsiki,326,strong_raramuri_profile_signal,high_machine_signal,1,2.7267,0.0,pusiki,2,0.714,False,not_assessed
RHD-RTRI-000013,RHD-RSPAN-000389,RHD-S1809-00490,Feſt,Peguámeké,peguameke,316,strong_raramuri_profile_signal,high_machine_signal,1,2.7012,0.0,peguamecke,1,0.9,False,not_assessed
RHD-RTRI-000014,RHD-RSPAN-000523,RHD-S1809-00662,Hart,Peguämeke,peguameke,323,strong_raramuri_profile_signal,high_machine_signal,1,2.7012,0.0,peguamecke,1,0.9,False,not_assessed
RHD-RTRI-000015,RHD-RSPAN-001212,RHD-S1809-01435,Verhärtet,Peguameke,peguameke,347,strong_raramuri_profile_signal,high_machine_signal,1,2.7012,0.0,peguamecke,1,0.9,False,not_assessed
RHD-RTRI-000016,RHD-RSPAN-000132,RHD-S1809-00194,Bedecken,Polirúgameke,polirugameke,308,strong_raramuri_profile_signal,high_machine_signal,1,2.6955,0.0,parugameke,3,0.75,False,not_assessed
RHD-RTRI-000017,RHD-RSPAN-000241,RHD-S1809-00321,Decken,Polirúgameke,polirugameke,312,strong_raramuri_profile_signal,high_machine_signal,1,2.6955,0.0,parugameke,3,0.75,False,not_assessed
RHD-RTRI-000018,RHD-RSPAN-000491,RHD-S1809-00622,Gieſſen,Comiguá,comigua,322,strong_raramuri_profile_signal,high_machine_signal,1,2.6936,0.0,coigua,1,0.857,False,not_assessed
RHD-RTRI-000019,RHD-RSPAN-000150,RHD-S1809-00213,Beichten,Pigué,pigue,308,strong_raramuri_profile_signal,high_machine_signal,1,2.6864,0.0,pugue,1,0.8,False,not_assessed
RHD-RTRI-000020,RHD-RSPAN-000151,RHD-S1809-00216,Bekennen,Pigué,pigue,308,strong_raramuri_profile_signal,high_machine_signal,1,2.6864,0.0,pugue,1,0.8,False,not_assessed
RHD-RTRI-000021,RHD-RSPAN-000149,RHD-S1809-00212,Beichte,Piguelilá,piguelila,308,strong_raramuri_profile_signal,high_machine_signal,1,2.6819,0.0,pignelila,1,0.889,False,not_assessed
RHD-RTRI-000022,RHD-RSPAN-000152,RHD-S1809-00217,Bekenntniß,Piguelilá,piguelila,308,strong_raramuri_profile_signal,high_machine_signal,1,2.6819,0.0,pignelila,1,0.889,False,not_assessed
RHD-RTRI-000023,RHD-RSPAN-001313,RHD-S1809-01520,Warten,pugueameke,pugueameke,350,strong_raramuri_profile_signal,high_machine_signal,1,2.6567,0.0,pamagueameke,3,0.75,False,not_assessed
RHD-RTRI-000024,RHD-RSPAN-000712,RHD-S1809-00856,Lang,Najá,naja,328,strong_raramuri_profile_signal,high_machine_signal,1,2.6303,0.0,napa,1,0.75,False,not_assessed
RHD-RTRI-000025,RHD-RSPAN-001026,RHD-S1809-01214,Sonſt,naja,naja,342,strong_raramuri_profile_signal,high_machine_signal,1,2.6303,0.0,napa,1,0.75,False,not_assessed
RHD-RTRI-000026,RHD-RSPAN-000401,RHD-S1809-00510,Fleiſch,pepuliki,pepuliki,318,strong_raramuri_profile_signal,high_machine_signal,1,2.6285,0.0,pemoliki,2,0.75,False,not_assessed
RHD-RTRI-000027,RHD-RSPAN-000404,RHD-S1809-00517,Fleiſch,pepuliki,pepuliki,318,strong_raramuri_profile_signal,high_machine_signal,1,2.6285,0.0,pemoliki,2,0.75,False,not_assessed
RHD-RTRI-000028,RHD-RSPAN-000748,RHD-S1809-00894,Lüge,Jejegalíki,jejegaliki,330,strong_raramuri_profile_signal,high_machine_signal,1,2.6284,0.0,jumagaliki,3,0.7,False,not_assessed
RHD-RTRI-000029,RHD-RSPAN-000461,RHD-S1809-00586,Geißeln,Guechpilóco,guechpiloco,320,strong_raramuri_profile_signal,high_machine_signal,1,2.5804,0.0,guechpisoco,1,0.909,False,not_assessed
RHD-RTRI-000030,RHD-RSPAN-001318,RHD-S1809-01524,Wäſſerig,Pauguirugameke,pauguirugameke,350,strong_raramuri_profile_signal,high_machine_signal,1,2.5718,0.0,pagotugameke,4,0.714,False,not_assessed
RHD-RTRI-000031,RHD-RSPAN-001134,RHD-S1809-01330,Thun,jolájameke,jolajameke,346,strong_raramuri_profile_signal,high_machine_signal,1,2.5662,0.0,jolajameka,1,0.9,False,not_assessed
RHD-RTRI-000032,RHD-RSPAN-000015,RHD-S1809-00012,Abwaſchung,Pavoliki,pavoliki,301,strong_raramuri_profile_signal,high_machine_signal,1,2.5573,0.0,pauvoliki,1,0.889,False,not_assessed
RHD-RTRI-000033,RHD-RSPAN-001149,RHD-S1809-01345,Traurigkeit,Tſelſiguala,tselsiguala,346,strong_raramuri_profile_signal,high_machine_signal,1,2.5267,0.0,telsiguala,1,0.909,False,not_assessed
RHD-RTRI-000034,RHD-RSPAN-000979,RHD-S1809-01166,Sechs,Pulaniki,pulaniki,340,strong_raramuri_profile_signal,high_machine_signal,1,2.5079,0.0,puaniki,1,0.875,False,not_assessed
RHD-RTRI-000035,RHD-RSPAN-000854,RHD-S1809-01021,Raſen,Loguiameke,loguiameke,336,strong_raramuri_profile_signal,high_machine_signal,1,2.5038,0.0,loguijameke,1,0.909,False,not_assessed
RHD-RTRI-000036,RHD-RSPAN-001179,RHD-S1809-01388,Unſinnig,Loguiameke,loguiameke,347,strong_raramuri_profile_signal,high_machine_signal,1,2.5038,0.0,loguijameke,1,0.909,False,not_assessed
RHD-RTRI-000037,RHD-RSPAN-001304,RHD-S1809-01511,Wahnſinnig,Loguiameke,loguiameke,349,strong_raramuri_profile_signal,high_machine_signal,1,2.5038,0.0,loguijameke,1,0.909,False,not_assessed
RHD-RTRI-000038,RHD-RSPAN-001382,RHD-S1809-01577,Wüthig,Loguiameke,loguiameke,351,strong_raramuri_profile_signal,high_machine_signal,1,2.5038,0.0,loguijameke,1,0.909,False,not_assessed
RHD-RTRI-000039,RHD-RSPAN-001381,RHD-S1809-01575,Wüſte,Cauguilu,cauguilu,351,strong_raramuri_profile_signal,high_machine_signal,1,2.5022,0.0,cauguila,1,0.875,False,not_assessed
RHD-RTRI-000040,RHD-RSPAN-000814,RHD-S1809-00974,Namen,Reguála,reguala,333,strong_raramuri_profile_signal,high_machine_signal,1,2.4929,0.0,r-guala,1,0.857,False,not_assessed
RHD-RTRI-000041,RHD-RSPAN-000134,RHD-S1809-00198,Befehl,Nulálila,nulalila,308,strong_raramuri_profile_signal,high_machine_signal,1,2.4808,0.0,nulalilla,1,0.889,False,not_assessed
RHD-RTRI-000042,RHD-RSPAN-000443,RHD-S1809-00571,Gebot,Nulálila,nulalila,320,strong_raramuri_profile_signal,high_machine_signal,1,2.4808,0.0,nulalilla,1,0.889,False,not_assessed
RHD-RTRI-000043,RHD-RSPAN-001092,RHD-S1809-01281,Stinken,Tſchipúgameke,tschipugameke,344,strong_raramuri_profile_signal,high_machine_signal,1,2.4579,0.0,tschiperameke,2,0.846,False,not_assessed
RHD-RTRI-000044,RHD-RSPAN-000007,RHD-S1809-00003,Abhauen,Tepulirúgameke,tepulirugameke,301,strong_raramuri_profile_signal,high_machine_signal,1,2.4397,0.0,teculuameke,4,0.714,False,not_assessed
RHD-RTRI-000045,RHD-RSPAN-000778,RHD-S1809-00940,Miſſethat,Tſainájolíki,tsainajoliki,332,strong_raramuri_profile_signal,high_machine_signal,1,2.4237,0.0,tsainijoliki,1,0.917,False,not_assessed
RHD-RTRI-000046,RHD-RSPAN-000962,RHD-S1809-01146,Schuld,Tſainajolíki,tsainajoliki,340,strong_raramuri_profile_signal,high_machine_signal,1,2.4237,0.0,tsainijoliki,1,0.917,False,not_assessed
RHD-RTRI-000047,RHD-RSPAN-001200,RHD-S1809-01419,Verbrechen,Tſainájoliki,tsainajoliki,347,strong_raramuri_profile_signal,high_machine_signal,1,2.4237,0.0,tsainijoliki,1,0.917,False,not_assessed
RHD-RTRI-000048,RHD-RSPAN-000590,RHD-S1809-00736,Hölzern,Cusigameke,cusigameke,325,strong_raramuri_profile_signal,high_machine_signal,1,2.4028,0.0,cusigueameke,2,0.833,False,not_assessed
RHD-RTRI-000049,RHD-RSPAN-000866,RHD-S1809-01043,Roſe,Seguá,segua,338,strong_raramuri_profile_signal,high_machine_signal,1,2.3953,0.0,segui,1,0.8,False,not_assessed
RHD-RTRI-000050,RHD-RSPAN-001147,RHD-S1809-01343,Trauren,Tſeliguá,tseligua,346,strong_raramuri_profile_signal,high_machine_signal,1,2.3894,0.0,t-fligua,2,0.75,False,not_assessed
RHD-RTRI-000051,RHD-RSPAN-001453,RHD-S1809-01634,Zutragen,Jiki,jiki,353,strong_raramuri_profile_signal,high_machine_signal,1,2.3888,0.0,juki,1,0.75,False,not_assessed
RHD-RTRI-000052,RHD-RSPAN-000926,RHD-S1809-01108,Scheuen,Ikisíki,ikisiki,338,strong_raramuri_profile_signal,high_machine_signal,1,2.3816,0.0,ikitsiki,1,0.875,False,not_assessed
RHD-RTRI-000053,RHD-RSPAN-000292,RHD-S1809-00375,Ehemann,Mukíameke,mukiameke,313,strong_raramuri_profile_signal,high_machine_signal,1,2.3807,0.0,mukijameke,1,0.9,False,not_assessed
RHD-RTRI-000054,RHD-RSPAN-000539,RHD-S1809-00676,Heiſſen,Reguá,regua,324,strong_raramuri_profile_signal,high_machine_signal,1,2.3762,0.0,r-gua,1,0.8,False,not_assessed
RHD-RTRI-000055,RHD-RSPAN-000817,RHD-S1809-00979,Nieſſen,Tſchuſiguá,tschusigua,334,strong_raramuri_profile_signal,high_machine_signal,1,2.3664,0.0,tirhutsigua,3,0.727,False,not_assessed
RHD-RTRI-000056,RHD-RSPAN-001102,RHD-S1809-01290,Strick,cató guila,cato guila,344,strong_raramuri_profile_signal,high_machine_signal,1,2.3477,0.0,cauguila,3,0.7,False,not_assessed
RHD-RTRI-000057,RHD-RSPAN-001203,RHD-S1809-01423,Verfault,Mujámeke,mujameke,347,strong_raramuri_profile_signal,high_machine_signal,1,2.3423,0.0,mukijameke,2,0.8,False,not_assessed
RHD-RTRI-000058,RHD-RSPAN-000565,RHD-S1809-00716,Hinauf,Regui,regui,324,strong_raramuri_profile_signal,high_machine_signal,1,2.341,0.0,regue,1,0.8,False,not_assessed
RHD-RTRI-000059,RHD-RSPAN-000974,RHD-S1809-01161,Schwitzen,Pauguína,pauguina,340,strong_raramuri_profile_signal,high_machine_signal,1,2.3398,0.0,pauguila,1,0.875,False,not_assessed
RHD-RTRI-000060,RHD-RSPAN-000869,RHD-S1809-01045,Roſt,Mujájameke,mujajameke,338,strong_raramuri_profile_signal,high_machine_signal,1,2.3391,0.0,mukijameke,2,0.8,False,not_assessed
RHD-RTRI-000061,RHD-RSPAN-000871,RHD-S1809-01046,Roſtig,Mujájameke,mujajameke,338,strong_raramuri_profile_signal,high_machine_signal,1,2.3391,0.0,mukijameke,2,0.8,False,not_assessed
RHD-RTRI-000062,RHD-RSPAN-000945,RHD-S1809-01124,Schlinge,Buila,buila,339,strong_raramuri_profile_signal,high_machine_signal,1,2.317,0.0,bula,1,0.8,False,not_assessed
RHD-RTRI-000063,RHD-RSPAN-001098,RHD-S1809-01287,Strang,Buila,buila,344,strong_raramuri_profile_signal,high_machine_signal,1,2.317,0.0,bula,1,0.8,False,not_assessed
RHD-RTRI-000064,RHD-RSPAN-001101,RHD-S1809-01290,Strick,Buila,buila,344,strong_raramuri_profile_signal,high_machine_signal,1,2.317,0.0,bula,1,0.8,False,not_assessed
RHD-RTRI-000065,RHD-RSPAN-000687,RHD-S1809-00830,Kraut,Páca,paca,327,strong_raramuri_profile_signal,high_machine_signal,1,2.3069,0.0,paa,1,0.75,False,not_assessed
RHD-RTRI-000066,RHD-RSPAN-001107,RHD-S1809-01293,Stroh,Páca,paca,344,strong_raramuri_profile_signal,high_machine_signal,1,2.3069,0.0,paa,1,0.75,False,not_assessed
RHD-RTRI-000067,RHD-RSPAN-000915,RHD-S1809-01099,Scheibe,Tſchitſúla,tschitsula,338,strong_raramuri_profile_signal,high_machine_signal,1,2.3043,0.0,tschirula,2,0.8,False,not_assessed
RHD-RTRI-000068,RHD-RSPAN-001148,RHD-S1809-01344,Traurig,Tſelſiguati,tselsiguati,346,strong_raramuri_profile_signal,high_machine_signal,1,2.2973,0.0,telsiguati,1,0.909,False,not_assessed
RHD-RTRI-000069,RHD-RSPAN-000939,RHD-S1809-01120,Schleunig,Gualiréke,gualireke,339,strong_raramuri_profile_signal,high_machine_signal,1,2.2931,0.0,gualineke,1,0.889,False,not_assessed
RHD-RTRI-000070,RHD-RSPAN-000337,RHD-S1809-00431,Ergreifen,tſchapirúgameke,tschapirugameke,315,strong_raramuri_profile_signal,high_machine_signal,1,2.2892,0.0,tschirulameke,3,0.8,False,not_assessed
RHD-RTRI-000071,RHD-RSPAN-000689,RHD-S1809-00832,Kreis,Tſchitúla,tschitula,327,strong_raramuri_profile_signal,high_machine_signal,1,2.2562,0.0,tschirula,1,0.889,False,not_assessed
RHD-RTRI-000072,RHD-RSPAN-001160,RHD-S1809-01368,Umkreis,Tſchitúla,tschitula,346,strong_raramuri_profile_signal,high_machine_signal,1,2.2562,0.0,tschirula,1,0.889,False,not_assessed
RHD-RTRI-000073,RHD-RSPAN-000882,RHD-S1809-01056,Runde,Tſchicúla,tschicula,338,strong_raramuri_profile_signal,high_machine_signal,1,2.2469,0.0,tschiculi,1,0.889,False,not_assessed
RHD-RTRI-000074,RHD-RSPAN-000906,RHD-S1809-01085,Schaf,Pouguáca ſ,pouguaca s,338,strong_raramuri_profile_signal,high_machine_signal,1,2.2456,0.0,pouguaca,2,0.8,False,not_assessed
RHD-RTRI-000075,RHD-RSPAN-000740,RHD-S1809-00884,Lichtputze,Natſíla,natsila,330,strong_raramuri_profile_signal,high_machine_signal,1,2.2401,0.0,nassila,1,0.857,False,not_assessed
RHD-RTRI-000076,RHD-RSPAN-001290,RHD-S1809-01497,Vollenden,canapa,canapa,349,strong_raramuri_profile_signal,high_machine_signal,1,2.2293,0.0,cajenapa,2,0.75,False,not_assessed
RHD-RTRI-000077,RHD-RSPAN-000291,RHD-S1809-00375,Ehemann,Cunála,cunala,313,strong_raramuri_profile_signal,high_machine_signal,1,2.228,0.0,cuvala,1,0.833,False,not_assessed
RHD-RTRI-000078,RHD-RSPAN-000465,RHD-S1809-00593,Gemahl,Cunála,cunala,320,strong_raramuri_profile_signal,high_machine_signal,1,2.228,0.0,cuvala,1,0.833,False,not_assessed
RHD-RTRI-000079,RHD-RSPAN-001315,RHD-S1809-01522,Waſchen,Guitlóna,guitlona,350,strong_raramuri_profile_signal,high_machine_signal,1,2.2228,0.0,guitloma,1,0.875,False,not_assessed
RHD-RTRI-000080,RHD-RSPAN-000691,RHD-S1809-00833,Kriechen,tſchucúameke,tschucuameke,327,strong_raramuri_profile_signal,high_machine_signal,1,2.2194,0.0,teculuameke,3,0.75,False,not_assessed
RHD-RTRI-000081,RHD-RSPAN-000083,RHD-S1809-00132,Arſch,Mujaca,mujaca,304,strong_raramuri_profile_signal,high_machine_signal,1,2.2171,0.0,mujaba,1,0.833,False,not_assessed
RHD-RTRI-000082,RHD-RSPAN-001090,RHD-S1809-01280,Stillhalten,Uli,uli,344,strong_raramuri_profile_signal,high_machine_signal,1,2.2142,0.0,uili,1,0.75,False,not_assessed
RHD-RTRI-000083,RHD-RSPAN-000912,RHD-S1809-01092,Scharf,Tſchutárugameke,tschutarugameke,338,strong_raramuri_profile_signal,high_machine_signal,1,2.2068,0.0,tschirulameke,4,0.733,False,not_assessed
RHD-RTRI-000084,RHD-RSPAN-000848,RHD-S1809-01005,Pferd,Cajútschi,cajutschi,335,strong_raramuri_profile_signal,high_machine_signal,1,2.2067,0.0,cajatschi,1,0.889,False,not_assessed
RHD-RTRI-000085,RHD-RSPAN-000867,RHD-S1809-01044,Roß,Cajútschi,cajutschi,338,strong_raramuri_profile_signal,high_machine_signal,1,2.2067,0.0,cajatschi,1,0.889,False,not_assessed
RHD-RTRI-000086,RHD-RSPAN-001209,RHD-S1809-01431,Vergeltung,Naregui,naregui,347,strong_raramuri_profile_signal,high_machine_signal,1,2.1948,0.0,nategui,1,0.857,False,not_assessed
RHD-RTRI-000087,RHD-RSPAN-000752,RHD-S1809-00895,Machen,Jolárugameke,jolarugameke,330,strong_raramuri_profile_signal,high_machine_signal,1,2.1925,0.0,jumarugameke,2,0.833,False,not_assessed
RHD-RTRI-000088,RHD-RSPAN-001135,RHD-S1809-01330,Thun,jolarúgameke,jolarugameke,346,strong_raramuri_profile_signal,high_machine_signal,1,2.1925,0.0,jumarugameke,2,0.833,False,not_assessed
RHD-RTRI-000089,RHD-RSPAN-000700,RHD-S1809-00840,Kugelförmig,Tſchitulámeke,tschitulameke,328,strong_raramuri_profile_signal,high_machine_signal,1,2.181,0.0,tschirulameke,1,0.923,False,not_assessed
RHD-RTRI-000090,RHD-RSPAN-000881,RHD-S1809-01055,Rund,tſchitúlameke,tschitulameke,338,strong_raramuri_profile_signal,high_machine_signal,1,2.181,0.0,tschirulameke,1,0.923,False,not_assessed
RHD-RTRI-000091,RHD-RSPAN-000122,RHD-S1809-00178,Bärtig,Etſchaguéameke,etschagueameke,307,strong_raramuri_profile_signal,high_machine_signal,1,2.1809,0.0,etschaguoameke,1,0.929,False,not_assessed
RHD-RTRI-000092,RHD-RSPAN-000004,RHD-S1809-00001,Abgehen,Simiameke,simiameke,301,strong_raramuri_profile_signal,high_machine_signal,1,2.1785,0.0,samiameke,1,0.889,False,not_assessed
RHD-RTRI-000093,RHD-RSPAN-001010,RHD-S1809-01199,Sieden,baſſirújameke,bassirujameke,341,strong_raramuri_profile_signal,high_machine_signal,1,2.1751,0.0,bassirugameke,1,0.923,False,not_assessed
RHD-RTRI-000094,RHD-RSPAN-000703,RHD-S1809-00844,Kummer,Teſſiguála,tessiguala,328,strong_raramuri_profile_signal,high_machine_signal,1,2.1715,0.0,telsiguala,1,0.9,False,not_assessed
RHD-RTRI-000095,RHD-RSPAN-000949,RHD-S1809-01129,Schmerz,Teſſiguala,tessiguala,339,strong_raramuri_profile_signal,high_machine_signal,1,2.1715,0.0,telsiguala,1,0.9,False,not_assessed
RHD-RTRI-000096,RHD-RSPAN-000076,RHD-S1809-00120,Armbruſt,Atáca,ataca,304,strong_raramuri_profile_signal,high_machine_signal,1,2.1688,0.0,acaca,1,0.8,False,not_assessed
RHD-RTRI-000097,RHD-RSPAN-000901,RHD-S1809-01080,Saufer,Pahíameke,pahiameke,338,strong_raramuri_profile_signal,high_machine_signal,1,2.1575,0.0,parugameke,3,0.7,False,not_assessed
RHD-RTRI-000098,RHD-RSPAN-001150,RHD-S1809-01347,Trinker,Pahiameke,pahiameke,346,strong_raramuri_profile_signal,high_machine_signal,1,2.1575,0.0,parugameke,3,0.7,False,not_assessed
RHD-RTRI-000099,RHD-RSPAN-000919,RHD-S1809-01103,Scherben,Caſſiníki,cassiniki,338,strong_raramuri_profile_signal,high_machine_signal,1,2.1561,0.0,caisiniki,1,0.889,False,not_assessed
RHD-RTRI-000100,RHD-RSPAN-001403,RHD-S1809-01593,Zerbrechen,Caſſiniki,cassiniki,352,strong_raramuri_profile_signal,high_machine_signal,1,2.1561,0.0,caisiniki,1,0.889,False,not_assessed
RHD-RTRI-000101,RHD-RSPAN-000130,RHD-S1809-00191,Baumfrüchte,Khutugála,khutugala,307,strong_raramuri_profile_signal,high_machine_signal,1,2.1512,0.0,khutagala,1,0.889,False,not_assessed
RHD-RTRI-000102,RHD-RSPAN-000907,RHD-S1809-01086,Schafhirt,Pouguá naſſéameke,pougua nasseameke,338,strong_raramuri_profile_signal,high_machine_signal,1,2.1469,0.0,pitschaburameke,5,0.706,False,not_assessed
RHD-RTRI-000103,RHD-RSPAN-000402,RHD-S1809-00512,Fleiſchig,Sapéameke,sapeameke,318,strong_raramuri_profile_signal,high_machine_signal,1,2.1449,0.0,saateameke,2,0.8,False,not_assessed
RHD-RTRI-000104,RHD-RSPAN-001201,RHD-S1809-01420,Verbrecher,Tſetijolámeke,tsetijolameke,347,strong_raramuri_profile_signal,high_machine_signal,1,2.1436,0.0,tsetijolajameke,2,0.867,False,not_assessed
RHD-RTRI-000105,RHD-RSPAN-001223,RHD-S1809-01447,Verlobt,Tſcuapiboli,tscuapiboli,348,strong_raramuri_profile_signal,high_machine_signal,1,2.1408,0.0,tschapiboli,1,0.909,False,not_assessed
RHD-RTRI-000106,RHD-RSPAN-000552,RHD-S1809-00704,Heulen,Nſlagui,nslagui,324,strong_raramuri_profile_signal,high_machine_signal,1,2.1375,0.0,nalagui,1,0.857,False,not_assessed
RHD-RTRI-000107,RHD-RSPAN-000315,RHD-S1809-00409,Einzig,Pilépilo,pilepilo,314,strong_raramuri_profile_signal,high_machine_signal,1,2.1345,0.0,pilepi,2,0.75,False,not_assessed
RHD-RTRI-000108,RHD-RSPAN-001266,RHD-S1809-01485,Viermal,Naguoſſa,naguossa,349,strong_raramuri_profile_signal,high_machine_signal,1,2.1276,0.0,naguossani,2,0.8,False,not_assessed
RHD-RTRI-000109,RHD-RSPAN-000208,RHD-S1809-00287,Bös,Tſetí,tseti,310,strong_raramuri_profile_signal,high_machine_signal,1,2.125,0.0,tleti,1,0.8,False,not_assessed
RHD-RTRI-000110,RHD-RSPAN-000716,RHD-S1809-00861,Laſter,tſetí,tseti,328,strong_raramuri_profile_signal,high_machine_signal,1,2.125,0.0,tleti,1,0.8,False,not_assessed
RHD-RTRI-000111,RHD-RSPAN-000717,RHD-S1809-00862,Laſterhaft,Tſetí,tseti,328,strong_raramuri_profile_signal,high_machine_signal,1,2.125,0.0,tleti,1,0.8,False,not_assessed
RHD-RTRI-000112,RHD-RSPAN-001153,RHD-S1809-01353,Uebel,Tſeti,tseti,346,strong_raramuri_profile_signal,high_machine_signal,1,2.125,0.0,tleti,1,0.8,False,not_assessed
RHD-RTRI-000113,RHD-RSPAN-001178,RHD-S1809-01387,Unrecht,Tſeti,tseti,347,strong_raramuri_profile_signal,high_machine_signal,1,2.125,0.0,tleti,1,0.8,False,not_assessed
RHD-RTRI-000114,RHD-RSPAN-000048,RHD-S1809-00091,Andeuten,Nagueſſá,naguessa,302,strong_raramuri_profile_signal,high_machine_signal,1,2.1098,0.0,naguella,2,0.75,False,not_assessed
RHD-RTRI-000115,RHD-RSPAN-000054,RHD-S1809-00099,Ankündigen,Nagueſſá,naguessa,302,strong_raramuri_profile_signal,high_machine_signal,1,2.1098,0.0,naguella,2,0.75,False,not_assessed
RHD-RTRI-000116,RHD-RSPAN-000766,RHD-S1809-00921,Melden,Nagueſſá,naguessa,331,strong_raramuri_profile_signal,high_machine_signal,1,2.1098,0.0,naguella,2,0.75,False,not_assessed
RHD-RTRI-000117,RHD-RSPAN-000875,RHD-S1809-01051,Rufen,Bajéliruc,bajeliruc,338,strong_raramuri_profile_signal,high_machine_signal,1,2.1092,0.0,balaliruc,2,0.778,False,not_assessed
RHD-RTRI-000118,RHD-RSPAN-001414,RHD-S1809-01600,Zeugen,tanarúgameke,tanarugameke,352,strong_raramuri_profile_signal,high_machine_signal,1,2.1036,0.0,taragameke,3,0.75,False,not_assessed
RHD-RTRI-000119,RHD-RSPAN-000902,RHD-S1809-01081,Saugen,Tſchutſchí,tschutschi,338,strong_raramuri_profile_signal,high_machine_signal,1,2.0981,0.0,tschitschi,1,0.9,False,not_assessed
RHD-RTRI-000120,RHD-RSPAN-001289,RHD-S1809-01497,Vollenden,cajenamela,cajenamela,349,strong_raramuri_profile_signal,high_machine_signal,1,2.0941,0.0,cajenapa,3,0.7,False,not_assessed
RHD-RTRI-000121,RHD-RSPAN-000274,RHD-S1809-00350,Dritter,Baicáraje,baicaraje,313,strong_raramuri_profile_signal,high_machine_signal,1,2.0913,0.0,baicataje,1,0.889,False,not_assessed
RHD-RTRI-000122,RHD-RSPAN-000529,RHD-S1809-00669,Heide,Tà pagotúgameke,ta pagotugameke,323,strong_raramuri_profile_signal,high_machine_signal,1,2.0908,0.0,tepagatigameke,4,0.733,False,not_assessed
RHD-RTRI-000123,RHD-RSPAN-001172,RHD-S1809-01381,Ungewaſchen,Tá pagótugameke,ta pagotugameke,347,strong_raramuri_profile_signal,high_machine_signal,1,2.0908,0.0,tepagatigameke,4,0.733,False,not_assessed
RHD-RTRI-000124,RHD-RSPAN-001025,RHD-S1809-01212,Sommer,Cuveſſali,cuvessali,342,strong_raramuri_profile_signal,high_machine_signal,1,2.0861,0.0,cuvesali,1,0.889,False,not_assessed
RHD-RTRI-000125,RHD-RSPAN-001408,RHD-S1809-01596,Zerreiben,tutſchirúgameke,tutschirugameke,352,strong_raramuri_profile_signal,high_machine_signal,1,2.086,0.0,tschirulameke,3,0.8,False,not_assessed
RHD-RTRI-000126,RHD-RSPAN-000013,RHD-S1809-00011,Abwaſchen,Pagorúgameke,pagorugameke,301,strong_raramuri_profile_signal,high_machine_signal,1,2.0838,0.0,pagotugameke,1,0.917,False,not_assessed
RHD-RTRI-000127,RHD-RSPAN-000485,RHD-S1809-00607,Getauft,Pagorúgameke,pagorugameke,321,strong_raramuri_profile_signal,high_machine_signal,1,2.0838,0.0,pagotugameke,1,0.917,False,not_assessed
RHD-RTRI-000128,RHD-RSPAN-000592,RHD-S1809-00740,Hülfe,Cugnila,cugnila,325,strong_raramuri_profile_signal,high_machine_signal,1,2.0816,0.0,cuguila,1,0.857,False,not_assessed
RHD-RTRI-000129,RHD-RSPAN-001399,RHD-S1809-01591,Zeitig,Baſſiameke,bassiameke,352,strong_raramuri_profile_signal,high_machine_signal,1,2.0786,0.0,bajeameke,3,0.7,False,not_assessed
RHD-RTRI-000130,RHD-RSPAN-000336,RHD-S1809-00431,Ergreifen,Tſchapirúc,tschapiruc,315,strong_raramuri_profile_signal,high_machine_signal,1,2.0777,0.0,tschapi,3,0.7,False,not_assessed
RHD-RTRI-000131,RHD-RSPAN-001195,RHD-S1809-01408,Urbar,Baſſatiameke,bassatiameke,347,strong_raramuri_profile_signal,high_machine_signal,1,2.0773,0.0,bassaraleke,3,0.75,False,not_assessed
RHD-RTRI-000132,RHD-RSPAN-001268,RHD-S1809-01487,Vierter,Naguóſáni,naguosani,349,strong_raramuri_profile_signal,high_machine_signal,1,2.0765,0.0,naguossani,1,0.9,False,not_assessed
RHD-RTRI-000133,RHD-RSPAN-000369,RHD-S1809-00473,Faul,Naſsiameke,nassiameke,316,strong_raramuri_profile_signal,high_machine_signal,1,2.0761,0.0,nesseameke,2,0.8,False,not_assessed
RHD-RTRI-000134,RHD-RSPAN-000968,RHD-S1809-01154,Schweif,Caliſtſchíki,calistschiki,340,strong_raramuri_profile_signal,high_machine_signal,1,2.0747,0.0,calitschiki,1,0.917,False,not_assessed
RHD-RTRI-000135,RHD-RSPAN-001082,RHD-S1809-01277,Sterblich,mukílati,mukilati,344,strong_raramuri_profile_signal,high_machine_signal,1,2.0657,0.0,mukiiati,1,0.875,False,not_assessed
RHD-RTRI-000136,RHD-RSPAN-000534,RHD-S1809-00674,Heiß,Baſſujameke,bassujameke,324,strong_raramuri_profile_signal,high_machine_signal,1,2.0617,0.0,bassaraleke,3,0.727,False,not_assessed
RHD-RTRI-000137,RHD-RSPAN-001012,RHD-S1809-01199,Sieden,baſſújameke,bassujameke,341,strong_raramuri_profile_signal,high_machine_signal,1,2.0617,0.0,bassaraleke,3,0.727,False,not_assessed
RHD-RTRI-000138,RHD-RSPAN-000870,RHD-S1809-01045,Roſt,Mujála,mujala,338,strong_raramuri_profile_signal,high_machine_signal,1,2.0593,0.0,mujaba,1,0.833,False,not_assessed
RHD-RTRI-000139,RHD-RSPAN-001093,RHD-S1809-01283,Stirn,Covára,covara,344,strong_raramuri_profile_signal,high_machine_signal,1,2.0544,0.0,cavara,1,0.833,False,not_assessed
RHD-RTRI-000140,RHD-RSPAN-000085,RHD-S1809-00134,Aſche,Nachpiſóco,nachpisoco,304,strong_raramuri_profile_signal,high_machine_signal,1,2.0537,0.0,nachpiloco,1,0.9,False,not_assessed
RHD-RTRI-000141,RHD-RSPAN-001063,RHD-S1809-01260,Staub,Nachpiſóco,nachpisoco,343,strong_raramuri_profile_signal,high_machine_signal,1,2.0537,0.0,nachpiloco,1,0.9,False,not_assessed
RHD-RTRI-000142,RHD-RSPAN-001028,RHD-S1809-01216,Sorglos,Nalſiameke,nalsiameke,342,strong_raramuri_profile_signal,high_machine_signal,1,2.0449,0.0,najujameke,3,0.7,False,not_assessed
RHD-RTRI-000143,RHD-RSPAN-001143,RHD-S1809-01340,Trag,Nalſiameke,nalsiameke,346,strong_raramuri_profile_signal,high_machine_signal,1,2.0449,0.0,najujameke,3,0.7,False,not_assessed
RHD-RTRI-000144,RHD-RSPAN-001139,RHD-S1809-01335,Todtſeyn,ſchuguiameke,schuguiameke,346,strong_raramuri_profile_signal,high_machine_signal,1,2.0367,0.0,schugiameke,1,0.917,False,not_assessed
RHD-RTRI-000145,RHD-RSPAN-001238,RHD-S1809-01464,Verſtorben,Schuguiameke,schuguiameke,348,strong_raramuri_profile_signal,high_machine_signal,1,2.0367,0.0,schugiameke,1,0.917,False,not_assessed
RHD-RTRI-000146,RHD-RSPAN-001243,RHD-S1809-01475,Verzehren,ſchuguiameke,schuguiameke,348,strong_raramuri_profile_signal,high_machine_signal,1,2.0367,0.0,schugiameke,1,0.917,False,not_assessed
RHD-RTRI-000147,RHD-RSPAN-000275,RHD-S1809-00354,Dunkel,Tamatsiame,tamatsiame,313,strong_raramuri_profile_signal,high_machine_signal,1,2.0354,0.0,tamateiame,1,0.9,False,not_assessed
RHD-RTRI-000148,RHD-RSPAN-000786,RHD-S1809-00950,Mörtel,Voſſaguáca,vossaguaca,332,strong_raramuri_profile_signal,high_machine_signal,1,2.0252,0.0,vuossaguaca,1,0.909,False,not_assessed
RHD-RTRI-000149,RHD-RSPAN-001215,RHD-S1809-01438,Verhexen,ópiruc,opiruc,347,strong_raramuri_profile_signal,high_machine_signal,1,2.0242,0.0,opirue,1,0.833,False,not_assessed
RHD-RTRI-000150,RHD-RSPAN-001253,RHD-S1809-01480,Viel,ekitſchigo,ekitschigo,348,strong_raramuri_profile_signal,high_machine_signal,1,2.0204,0.0,ekitschipi,2,0.8,False,not_assessed
RHD-RTRI-000151,RHD-RSPAN-001089,RHD-S1809-01279,Stiefvater,Pileliga,pileliga,344,strong_raramuri_profile_signal,high_machine_signal,1,2.0055,0.0,piseliga,1,0.875,False,not_assessed
RHD-RTRI-000152,RHD-RSPAN-000770,RHD-S1809-00928,Meſſer,Tepigacá,tepigaca,331,strong_raramuri_profile_signal,high_machine_signal,1,1.9962,0.0,tepulaca,2,0.75,False,not_assessed
RHD-RTRI-000153,RHD-RSPAN-000922,RHD-S1809-01105,Schermeſſer,Tepigáca,tepigaca,338,strong_raramuri_profile_signal,high_machine_signal,1,1.9962,0.0,tepulaca,2,0.75,False,not_assessed
RHD-RTRI-000154,RHD-RSPAN-000640,RHD-S1809-00762,Jemand,Pilé,pile,326,strong_raramuri_profile_signal,high_machine_signal,1,1.995,0.0,pole,1,0.75,False,not_assessed
RHD-RTRI-000155,RHD-RSPAN-001307,RHD-S1809-01514,Wahrheit,pitſchiguali húccu,pitschiguali huccu,349,strong_raramuri_profile_signal,high_machine_signal,1,1.993,0.0,pitschaburameke,5,0.722,False,not_assessed
RHD-RTRI-000156,RHD-RSPAN-000206,RHD-S1809-00285,Bohren,Hóco,hoco,310,strong_raramuri_profile_signal,high_machine_signal,1,1.9914,0.0,hoca,1,0.75,False,not_assessed
RHD-RTRI-000157,RHD-RSPAN-000503,RHD-S1809-00639,Graben,Hóco,hoco,322,strong_raramuri_profile_signal,high_machine_signal,1,1.9914,0.0,hoca,1,0.75,False,not_assessed
RHD-RTRI-000158,RHD-RSPAN-001251,RHD-S1809-01480,Viel,ekipu,ekipu,348,strong_raramuri_profile_signal,high_machine_signal,1,1.988,0.0,ekipi,1,0.8,False,not_assessed
RHD-RTRI-000159,RHD-RSPAN-000663,RHD-S1809-00801,Knie,Tſchochcò,tschochco,326,strong_raramuri_profile_signal,high_machine_signal,1,1.9831,0.0,tschoche,2,0.778,False,not_assessed
RHD-RTRI-000160,RHD-RSPAN-000025,RHD-S1809-00019,Allein,pilépitsu,pilepitsu,301,strong_raramuri_profile_signal,high_machine_signal,1,1.9774,0.0,pilepitso,1,0.889,False,not_assessed
RHD-RTRI-000161,RHD-RSPAN-000832,RHD-S1809-00988,Oft,Gueſſá,guessa,334,strong_raramuri_profile_signal,high_machine_signal,1,1.9696,0.0,guossa,1,0.833,False,not_assessed
RHD-RTRI-000162,RHD-RSPAN-001217,RHD-S1809-01442,Verkündigen,Nagueſlá,naguesla,348,strong_raramuri_profile_signal,high_machine_signal,1,1.9631,0.0,naguella,1,0.875,False,not_assessed
RHD-RTRI-000163,RHD-RSPAN-001198,RHD-S1809-01416,Verbittern,Ajáruje,ajaruje,347,strong_raramuri_profile_signal,high_machine_signal,1,1.9613,0.0,ajoruje,1,0.857,False,not_assessed
RHD-RTRI-000164,RHD-RSPAN-000429,RHD-S1809-00550,Furchtſam,Mahajámeke,mahajameke,319,strong_raramuri_profile_signal,high_machine_signal,1,1.9523,0.0,mukijameke,3,0.7,False,not_assessed
RHD-RTRI-000165,RHD-RSPAN-000453,RHD-S1809-00578,Gehen,ſimíba,simiba,320,strong_raramuri_profile_signal,high_machine_signal,1,1.9517,0.0,simibe,1,0.833,False,not_assessed
RHD-RTRI-000166,RHD-RSPAN-001436,RHD-S1809-01615,Zügen,Simiba,simiba,352,strong_raramuri_profile_signal,high_machine_signal,1,1.9517,0.0,simibe,1,0.833,False,not_assessed
RHD-RTRI-000167,RHD-RSPAN-000479,RHD-S1809-00602,Geſtern,Tapáco,tapaco,320,strong_raramuri_profile_signal,high_machine_signal,1,1.951,0.0,tapeco,1,0.833,False,not_assessed
RHD-RTRI-000168,RHD-RSPAN-000785,RHD-S1809-00948,Morgen,Tapáco,tapaco,332,strong_raramuri_profile_signal,high_machine_signal,1,1.951,0.0,tapeco,1,0.833,False,not_assessed
RHD-RTRI-000169,RHD-RSPAN-000692,RHD-S1809-00833,Kriechen,Tſchucúcu,tschucucu,327,strong_raramuri_profile_signal,high_machine_signal,1,1.95,0.0,tschucu,2,0.778,False,not_assessed
RHD-RTRI-000170,RHD-RSPAN-001109,RHD-S1809-01297,Stute,Caú mukíla,cau mukila,345,strong_raramuri_profile_signal,high_machine_signal,1,1.9366,0.0,cauguila,3,0.7,False,not_assessed
RHD-RTRI-000171,RHD-RSPAN-001285,RHD-S1809-01492,Vogel,Tichulugui,tichulugui,349,strong_raramuri_profile_signal,high_machine_signal,1,1.9323,0.0,tschulugui,1,0.9,False,not_assessed
RHD-RTRI-000172,RHD-RSPAN-000139,RHD-S1809-00202,Begeben,Jeki,jeki,308,strong_raramuri_profile_signal,high_machine_signal,1,1.9314,0.0,juki,1,0.75,False,not_assessed
RHD-RTRI-000173,RHD-RSPAN-000333,RHD-S1809-00428,Ereignen,Jekí,jeki,315,strong_raramuri_profile_signal,high_machine_signal,1,1.9314,0.0,juki,1,0.75,False,not_assessed
RHD-RTRI-000174,RHD-RSPAN-000469,RHD-S1809-00596,Geſchehen,Jekí,jeki,320,strong_raramuri_profile_signal,high_machine_signal,1,1.9314,0.0,juki,1,0.75,False,not_assessed
RHD-RTRI-000175,RHD-RSPAN-000992,RHD-S1809-01174,Seidenzeug,Tſchirí,tschiri,340,strong_raramuri_profile_signal,high_machine_signal,1,1.9238,0.0,tschini,1,0.857,False,not_assessed
RHD-RTRI-000176,RHD-RSPAN-000074,RHD-S1809-00119,Arm,Teſſiguati,tessiguati,304,strong_raramuri_profile_signal,high_machine_signal,1,1.9192,0.0,telsiguati,1,0.9,False,not_assessed
RHD-RTRI-000177,RHD-RSPAN-000681,RHD-S1809-00816,Kraftlos,Teſſiguati,tessiguati,327,strong_raramuri_profile_signal,high_machine_signal,1,1.9192,0.0,telsiguati,1,0.9,False,not_assessed
RHD-RTRI-000178,RHD-RSPAN-001240,RHD-S1809-01469,Verunglückt,Teſſiguati,tessiguati,348,strong_raramuri_profile_signal,high_machine_signal,1,1.9192,0.0,telsiguati,1,0.9,False,not_assessed
RHD-RTRI-000179,RHD-RSPAN-000279,RHD-S1809-00361,Dürr,Sakiameke,sakiameke,313,strong_raramuri_profile_signal,high_machine_signal,1,1.9192,0.0,samiameke,1,0.889,False,not_assessed
RHD-RTRI-000180,RHD-RSPAN-001191,RHD-S1809-01404,Unwillig ſeyn,Ajo-nóco,ajo-noco,347,strong_raramuri_profile_signal,high_machine_signal,1,1.9187,0.0,ajonoco,1,0.875,False,not_assessed
RHD-RTRI-000181,RHD-RSPAN-000310,RHD-S1809-00400,Einſalben,Tſchutſchá,tschutscha,314,strong_raramuri_profile_signal,high_machine_signal,1,1.917,0.0,tschutschu,1,0.9,False,not_assessed
RHD-RTRI-000182,RHD-RSPAN-000313,RHD-S1809-00405,Einſchmieren,Tſchutſchä,tschutscha,314,strong_raramuri_profile_signal,high_machine_signal,1,1.917,0.0,tschutschu,1,0.9,False,not_assessed
RHD-RTRI-000183,RHD-RSPAN-000893,RHD-S1809-01066,Salben,Tſchutſchá,tschutscha,338,strong_raramuri_profile_signal,high_machine_signal,1,1.917,0.0,tschutschu,1,0.9,False,not_assessed
RHD-RTRI-000184,RHD-RSPAN-000950,RHD-S1809-01130,Schmieren,Tſchutſchá,tschutscha,339,strong_raramuri_profile_signal,high_machine_signal,1,1.917,0.0,tschutschu,1,0.9,False,not_assessed
RHD-RTRI-000185,RHD-RSPAN-000480,RHD-S1809-00603,Geſtirn,Sopóli,sopoli,320,strong_raramuri_profile_signal,high_machine_signal,1,1.9163,0.0,sapoli,1,0.833,False,not_assessed
RHD-RTRI-000186,RHD-RSPAN-001088,RHD-S1809-01278,Stern,Sopoli,sopoli,344,strong_raramuri_profile_signal,high_machine_signal,1,1.9163,0.0,sapoli,1,0.833,False,not_assessed
RHD-RTRI-000187,RHD-RSPAN-000976,RHD-S1809-01162,Schwißſtube,Te nalcáli,te nalcali,340,strong_raramuri_profile_signal,high_machine_signal,1,1.9007,0.0,tomalcali,3,0.7,False,not_assessed
RHD-RTRI-000188,RHD-RSPAN-001336,RHD-S1809-01538,Weiß,Rolácameke,rolacameke,350,strong_raramuri_profile_signal,high_machine_signal,1,1.8999,0.0,rosacameke,1,0.9,False,not_assessed
RHD-RTRI-000189,RHD-RSPAN-000416,RHD-S1809-00543,Froſtig,Thúlameke,thulameke,319,strong_raramuri_profile_signal,high_machine_signal,1,1.8939,0.0,thulaneke,1,0.889,False,not_assessed
RHD-RTRI-000190,RHD-RSPAN-000646,RHD-S1809-00770,Kalt,Thulämeke,thulameke,326,strong_raramuri_profile_signal,high_machine_signal,1,1.8939,0.0,thulaneke,1,0.889,False,not_assessed
RHD-RTRI-000191,RHD-RSPAN-000468,RHD-S1809-00595,Geneſen,Sauguiba,sauguiba,320,strong_raramuri_profile_signal,high_machine_signal,1,1.8869,0.0,sauguera,2,0.75,False,not_assessed
RHD-RTRI-000192,RHD-RSPAN-000801,RHD-S1809-00957,Müßig,Nalſinaja,nalsinaja,332,strong_raramuri_profile_signal,high_machine_signal,1,1.8811,0.0,nassinaja,1,0.889,False,not_assessed
RHD-RTRI-000193,RHD-RSPAN-001059,RHD-S1809-01251,Staar,Tſchacháca,tschachaca,343,strong_raramuri_profile_signal,high_machine_signal,1,1.88,0.0,tschacheaca,1,0.909,False,not_assessed
RHD-RTRI-000194,RHD-RSPAN-001116,RHD-S1809-01303,Suppe,Tſchorike Pauguila,tschorike pauguila,345,strong_raramuri_profile_signal,high_machine_signal,1,1.8785,0.0,tlestataccameke,5,0.722,False,not_assessed
RHD-RTRI-000195,RHD-RSPAN-000189,RHD-S1809-00265,Bezahlung,Natejui,natejui,309,strong_raramuri_profile_signal,high_machine_signal,1,1.8774,0.0,nategui,1,0.857,False,not_assessed
RHD-RTRI-000196,RHD-RSPAN-000201,RHD-S1809-00278,Blitzen,Repágameke,repagameke,309,strong_raramuri_profile_signal,high_machine_signal,1,1.877,0.0,rosacameke,3,0.7,False,not_assessed
RHD-RTRI-000197,RHD-RSPAN-000492,RHD-S1809-00623,Glänzend,Repágameke,repagameke,322,strong_raramuri_profile_signal,high_machine_signal,1,1.877,0.0,rosacameke,3,0.7,False,not_assessed
RHD-RTRI-000198,RHD-RSPAN-000734,RHD-S1809-00879,Leuchten,repágameke,repagameke,330,strong_raramuri_profile_signal,high_machine_signal,1,1.877,0.0,rosacameke,3,0.7,False,not_assessed
RHD-RTRI-000199,RHD-RSPAN-000735,RHD-S1809-00880,Leuchtend,repágameke,repagameke,330,strong_raramuri_profile_signal,high_machine_signal,1,1.877,0.0,rosacameke,3,0.7,False,not_assessed
RHD-RTRI-000200,RHD-RSPAN-001193,RHD-S1809-01406,Unzahlbar,Tá tarálati,ta taralati,347,strong_raramuri_profile_signal,high_machine_signal,1,1.8683,0.0,taralati,3,0.727,False,not_assessed
RHD-RTRI-000201,RHD-RSPAN-000288,RHD-S1809-00370,Ehelos,Tatló,tatlo,313,strong_raramuri_profile_signal,high_machine_signal,1,1.8661,0.0,tat lo,1,0.833,False,not_assessed
RHD-RTRI-000202,RHD-RSPAN-001356,RHD-S1809-01554,Wo,Cabú,cabu,351,strong_raramuri_profile_signal,high_machine_signal,1,1.8654,0.0,cau,1,0.75,False,not_assessed
RHD-RTRI-000203,RHD-RSPAN-001265,RHD-S1809-01484,Vierfach,Naguóſſaeki,naguossaeki,348,strong_raramuri_profile_signal,high_machine_signal,1,1.8601,0.0,naguossani,2,0.818,False,not_assessed
RHD-RTRI-000204,RHD-RSPAN-000387,RHD-S1809-00489,Fertig,Cajéuopa,cajeuopa,316,strong_raramuri_profile_signal,high_machine_signal,1,1.8529,0.0,cajenapa,2,0.75,False,not_assessed
RHD-RTRI-000205,RHD-RSPAN-000386,RHD-S1809-00488,Felſen,Teculéke,teculeke,316,strong_raramuri_profile_signal,high_machine_signal,1,1.8411,0.0,tetuleke,1,0.875,False,not_assessed
RHD-RTRI-000206,RHD-RSPAN-000344,RHD-S1809-00443,Erſchaffer,Netéjameke,netejameke,315,strong_raramuri_profile_signal,high_machine_signal,1,1.8353,0.0,neteijameke,1,0.909,False,not_assessed
RHD-RTRI-000207,RHD-RSPAN-000133,RHD-S1809-00196,Bedrängt,Telſivuati,telsivuati,308,strong_raramuri_profile_signal,high_machine_signal,1,1.822,0.0,telsiguati,1,0.9,False,not_assessed
RHD-RTRI-000208,RHD-RSPAN-001205,RHD-S1809-01427,Vergänglich,Mukiſati,mukisati,347,strong_raramuri_profile_signal,high_machine_signal,1,1.8193,0.0,mukiiati,1,0.875,False,not_assessed
RHD-RTRI-000209,RHD-RSPAN-000899,RHD-S1809-01076,Satan,Sriameke,sriameke,338,strong_raramuri_profile_signal,high_machine_signal,1,1.8174,0.0,samiameke,2,0.778,False,not_assessed
RHD-RTRI-000210,RHD-RSPAN-001035,RHD-S1809-01226,Speyen,Acaſí,acasi,342,strong_raramuri_profile_signal,high_machine_signal,1,1.8085,0.0,acatsi,1,0.833,False,not_assessed
RHD-RTRI-000211,RHD-RSPAN-000812,RHD-S1809-00968,Nachteule,Uilulú,uilulu,333,strong_raramuri_profile_signal,high_machine_signal,1,1.8078,0.0,ululu,1,0.833,False,not_assessed
RHD-RTRI-000212,RHD-RSPAN-001175,RHD-S1809-01383,Unglücklich,Teiſiguati,teisiguati,347,strong_raramuri_profile_signal,high_machine_signal,1,1.8051,0.0,telsiguati,1,0.9,False,not_assessed
RHD-RTRI-000213,RHD-RSPAN-000600,RHD-S1809-00746,Huhn,Totolí,totoli,325,strong_raramuri_profile_signal,high_machine_signal,1,1.8008,0.0,toroli,1,0.833,False,not_assessed
RHD-RTRI-000214,RHD-RSPAN-000559,RHD-S1809-00708,Heut,Hipé hoinéla,hipe hoinela,324,strong_raramuri_profile_signal,high_machine_signal,1,1.7986,0.0,hipehoinela,1,0.917,False,not_assessed
RHD-RTRI-000215,RHD-RSPAN-000342,RHD-S1809-00438,Ermüden,Leſiameke,lesiameke,315,strong_raramuri_profile_signal,high_machine_signal,1,1.7939,0.0,lessiameke,1,0.9,False,not_assessed
RHD-RTRI-000216,RHD-RSPAN-001016,RHD-S1809-01203,Sitzen,Jaſſá,jassa,341,strong_raramuri_profile_signal,high_machine_signal,1,1.7921,0.0,jassala,2,0.714,False,not_assessed
RHD-RTRI-000217,RHD-RSPAN-000952,RHD-S1809-01134,Schneyen,Kepä,kepa,339,strong_raramuri_profile_signal,high_machine_signal,1,1.7907,0.0,keta,1,0.75,False,not_assessed
RHD-RTRI-000218,RHD-RSPAN-000438,RHD-S1809-00564,Gebährerin,Jojé,joje,319,strong_raramuri_profile_signal,high_machine_signal,1,1.7848,0.0,jeje,1,0.75,False,not_assessed
RHD-RTRI-000219,RHD-RSPAN-000542,RHD-S1809-00680,Hell,Tajenaba,tajenaba,324,strong_raramuri_profile_signal,high_machine_signal,1,1.7842,0.0,tajena,2,0.75,False,not_assessed
RHD-RTRI-000220,RHD-RSPAN-000739,RHD-S1809-00883,Licht,tajenába,tajenaba,330,strong_raramuri_profile_signal,high_machine_signal,1,1.7842,0.0,tajena,2,0.75,False,not_assessed
RHD-RTRI-000221,RHD-RSPAN-000784,RHD-S1809-00948,Morgen,Tajénaba,tajenaba,332,strong_raramuri_profile_signal,high_machine_signal,1,1.7842,0.0,tajena,2,0.75,False,not_assessed
RHD-RTRI-000222,RHD-RSPAN-001406,RHD-S1809-01595,Zerquetſchen,Tutſchi,tutschi,352,strong_raramuri_profile_signal,high_machine_signal,1,1.78,0.0,totschi,1,0.857,False,not_assessed
RHD-RTRI-000223,RHD-RSPAN-001407,RHD-S1809-01596,Zerreiben,Tutſchi,tutschi,352,strong_raramuri_profile_signal,high_machine_signal,1,1.78,0.0,totschi,1,0.857,False,not_assessed
RHD-RTRI-000224,RHD-RSPAN-001411,RHD-S1809-01599,Zerſtoßen,Tutſchi,tutschi,352,strong_raramuri_profile_signal,high_machine_signal,1,1.78,0.0,totschi,1,0.857,False,not_assessed
RHD-RTRI-000225,RHD-RSPAN-000585,RHD-S1809-00731,Hoffen,puguèe,puguee,325,strong_raramuri_profile_signal,high_machine_signal,1,1.7799,0.0,pugue,1,0.833,False,not_assessed
RHD-RTRI-000226,RHD-RSPAN-000894,RHD-S1809-01066,Salben,Tſchutſcheliameke,tschutscheliameke,338,strong_raramuri_profile_signal,high_machine_signal,1,1.7772,0.0,tschitschiameke,3,0.824,False,not_assessed
RHD-RTRI-000227,RHD-RSPAN-000049,RHD-S1809-00092,Anfaſſen,Tſchepi,tschepi,302,strong_raramuri_profile_signal,high_machine_signal,1,1.767,0.0,tschapi,1,0.857,False,not_assessed
RHD-RTRI-000228,RHD-RSPAN-000338,RHD-S1809-00431,Ergreifen,Tſchepi,tschepi,315,strong_raramuri_profile_signal,high_machine_signal,1,1.767,0.0,tschapi,1,0.857,False,not_assessed
RHD-RTRI-000229,RHD-RSPAN-000212,RHD-S1809-00292,Brav,igué galála huccu,igue galala huccu,310,strong_raramuri_profile_signal,high_machine_signal,1,1.7622,0.0,itschiguajameke,5,0.706,False,not_assessed
RHD-RTRI-000230,RHD-RSPAN-000925,RHD-S1809-01107,Scherzhaft,Teejá,teeja,338,strong_raramuri_profile_signal,high_machine_signal,1,1.7607,0.0,teea,1,0.8,False,not_assessed
RHD-RTRI-000231,RHD-RSPAN-000339,RHD-S1809-00436,Ermatten,Letſi,letsi,315,strong_raramuri_profile_signal,high_machine_signal,1,1.7585,0.0,lessi,1,0.8,False,not_assessed
RHD-RTRI-000232,RHD-RSPAN-001117,RHD-S1809-01305,Sumpfig,Pabahitſchic,pabahitschic,345,strong_raramuri_profile_signal,high_machine_signal,1,1.7553,0.0,pabahischie,2,0.833,False,not_assessed
RHD-RTRI-000233,RHD-RSPAN-000898,RHD-S1809-01074,Sandig,Saaéameke,saaeameke,338,strong_raramuri_profile_signal,high_machine_signal,1,1.7539,0.0,saateameke,1,0.9,False,not_assessed
RHD-RTRI-000234,RHD-RSPAN-000780,RHD-S1809-00946,Mond,Maitſáca,maitsaca,332,strong_raramuri_profile_signal,high_machine_signal,1,1.7538,0.0,mataca,2,0.75,False,not_assessed
RHD-RTRI-000235,RHD-RSPAN-001341,RHD-S1809-01541,Waizen,honéameke,honeameke,350,strong_raramuri_profile_signal,high_machine_signal,1,1.748,0.0,humeameke,2,0.778,False,not_assessed
RHD-RTRI-000236,RHD-RSPAN-000277,RHD-S1809-00356,Dunſt,Pemolé,pemole,313,strong_raramuri_profile_signal,high_machine_signal,1,1.7415,0.0,peimole,1,0.857,False,not_assessed
RHD-RTRI-000237,RHD-RSPAN-000278,RHD-S1809-00358,Dünſten,Pemolé,pemole,313,strong_raramuri_profile_signal,high_machine_signal,1,1.7415,0.0,peimole,1,0.857,False,not_assessed
RHD-RTRI-000238,RHD-RSPAN-000885,RHD-S1809-01061,Säen,echutſchiruc,echutschiruc,338,strong_raramuri_profile_signal,high_machine_signal,1,1.7391,0.0,echtschiruc,1,0.917,False,not_assessed
RHD-RTRI-000239,RHD-RSPAN-000239,RHD-S1809-00315,Da,ſiga,siga,311,strong_raramuri_profile_signal,high_machine_signal,1,1.7326,0.0,sika,1,0.75,False,not_assessed
RHD-RTRI-000240,RHD-RSPAN-001366,RHD-S1809-01560,Wolf,Neligóli,neligoli,351,strong_raramuri_profile_signal,high_machine_signal,1,1.7304,0.0,naligoli,1,0.875,False,not_assessed
RHD-RTRI-000241,RHD-RSPAN-000656,RHD-S1809-00790,Kind,Curſchigua,curschigua,326,strong_raramuri_profile_signal,high_machine_signal,1,1.7272,0.0,cutschigua,1,0.9,False,not_assessed
RHD-RTRI-000242,RHD-RSPAN-001291,RHD-S1809-01499,Vor,Batlá,batla,349,strong_raramuri_profile_signal,high_machine_signal,1,1.722,0.0,bala,1,0.8,False,not_assessed
RHD-RTRI-000243,RHD-RSPAN-001295,RHD-S1809-01501,Voraus,Batlá,batla,349,strong_raramuri_profile_signal,high_machine_signal,1,1.722,0.0,bala,1,0.8,False,not_assessed
RHD-RTRI-000244,RHD-RSPAN-001064,RHD-S1809-01260,Staub,Tuſchíki,tuschiki,343,strong_raramuri_profile_signal,high_machine_signal,1,1.7102,0.0,tschini,2,0.75,False,not_assessed
RHD-RTRI-000245,RHD-RSPAN-000841,RHD-S1809-00994,Packen,Seguiná,seguina,334,strong_raramuri_profile_signal,high_machine_signal,1,1.7054,0.0,segui,2,0.714,False,not_assessed
RHD-RTRI-000246,RHD-RSPAN-000763,RHD-S1809-00915,Maulwurf,Tepóſi,teposi,331,strong_raramuri_profile_signal,high_machine_signal,1,1.705,0.0,tepoli,1,0.833,False,not_assessed
RHD-RTRI-000247,RHD-RSPAN-001410,RHD-S1809-01597,Zerreiſſen,Tepuná,tepuna,352,strong_raramuri_profile_signal,high_machine_signal,1,1.704,0.0,tepula,1,0.833,False,not_assessed
RHD-RTRI-000248,RHD-RSPAN-000367,RHD-S1809-00468,Fallen,Guechtíchiki,guechtichiki,316,strong_raramuri_profile_signal,high_machine_signal,1,1.6951,0.0,guechtschic,3,0.75,False,not_assessed
RHD-RTRI-000249,RHD-RSPAN-000098,RHD-S1809-00151,"Bad, Warmbad",Vaſſútſchi,vassutschi,305,strong_raramuri_profile_signal,high_machine_signal,1,1.6891,0.0,vassuritschi,2,0.833,False,not_assessed
RHD-RTRI-000250,RHD-RSPAN-000141,RHD-S1809-00205,Begraben,Tecá,teca,308,strong_raramuri_profile_signal,high_machine_signal,1,1.6864,0.0,teea,1,0.75,False,not_assessed
RHD-RTRI-000251,RHD-RSPAN-000676,RHD-S1809-00809,Körper,Sepála,sepala,327,strong_raramuri_profile_signal,high_machine_signal,1,1.6863,0.0,sapala,1,0.833,False,not_assessed
RHD-RTRI-000252,RHD-RSPAN-000660,RHD-S1809-00797,Klippe,Teéke,teeke,326,strong_raramuri_profile_signal,high_machine_signal,1,1.6796,0.0,teeje,1,0.8,False,not_assessed
RHD-RTRI-000253,RHD-RSPAN-001075,RHD-S1809-01267,Stein,Teéke,teeke,344,strong_raramuri_profile_signal,high_machine_signal,1,1.6796,0.0,teeje,1,0.8,False,not_assessed
RHD-RTRI-000254,RHD-RSPAN-000873,RHD-S1809-01047,Roth,Tleſtatäcameke,tlestatacameke,338,strong_raramuri_profile_signal,high_machine_signal,1,1.6782,0.0,tlestataccameke,1,0.933,False,not_assessed
RHD-RTRI-000255,RHD-RSPAN-000180,RHD-S1809-00244,Beiſſen,Iki,iki,308,strong_raramuri_profile_signal,high_machine_signal,2,3.0309,0.0,ibe,2,0.333,False,not_assessed
RHD-RTRI-000256,RHD-RSPAN-000861,RHD-S1809-01033,Regen,Jukíki,jukiki,336,strong_raramuri_profile_signal,high_machine_signal,2,2.846,0.0,juki,2,0.667,False,not_assessed
RHD-RTRI-000257,RHD-RSPAN-000422,RHD-S1809-00548,Für,guitaje,guitaje,319,strong_raramuri_profile_signal,high_machine_signal,2,2.7581,0.0,guale,3,0.571,False,not_assessed
RHD-RTRI-000258,RHD-RSPAN-001325,RHD-S1809-01529,Wegen,guitaje,guitaje,350,strong_raramuri_profile_signal,high_machine_signal,2,2.7581,0.0,guale,3,0.571,False,not_assessed
RHD-RTRI-000259,RHD-RSPAN-001306,RHD-S1809-01514,Wahrheit,Pitſchiguali,pitschiguali,349,strong_raramuri_profile_signal,high_machine_signal,2,2.6804,0.0,pitschige,4,0.667,False,not_assessed
RHD-RTRI-000260,RHD-RSPAN-000223,RHD-S1809-00310,Brunſt,Náiki,naiki,311,strong_raramuri_profile_signal,high_machine_signal,2,2.6228,0.0,nachki,2,0.667,False,not_assessed
RHD-RTRI-000261,RHD-RSPAN-000394,RHD-S1809-00495,Feuer,Náiki,naiki,317,strong_raramuri_profile_signal,high_machine_signal,2,2.6228,0.0,nachki,2,0.667,False,not_assessed
RHD-RTRI-000262,RHD-RSPAN-000500,RHD-S1809-00635,Glut,Naiki,naiki,322,strong_raramuri_profile_signal,high_machine_signal,2,2.6228,0.0,nachki,2,0.667,False,not_assessed
RHD-RTRI-000263,RHD-RSPAN-001353,RHD-S1809-01550,Willen,Jelalíki,jelaliki,351,strong_raramuri_profile_signal,high_machine_signal,2,2.6122,0.0,jomeiki,4,0.5,False,not_assessed
RHD-RTRI-000264,RHD-RSPAN-000084,RHD-S1809-00133,Arzney,Oguéameke,ogueameke,304,strong_raramuri_profile_signal,high_machine_signal,2,2.5524,0.0,ocanica,5,0.444,False,not_assessed
RHD-RTRI-000265,RHD-RSPAN-000282,RHD-S1809-00366,Ekel haben,Tkitsiki,tkitsiki,313,strong_raramuri_profile_signal,high_machine_signal,2,2.5504,0.0,taiteke,4,0.5,False,not_assessed
RHD-RTRI-000266,RHD-RSPAN-000053,RHD-S1809-00098,Anhöhe,Reguiguiki,reguiguiki,302,strong_raramuri_profile_signal,high_machine_signal,2,2.5418,0.0,r-guala,5,0.5,False,not_assessed
RHD-RTRI-000267,RHD-RSPAN-000163,RHD-S1809-00229,Berg,Reguiguiki,reguiguiki,308,strong_raramuri_profile_signal,high_machine_signal,2,2.5418,0.0,r-guala,5,0.5,False,not_assessed
RHD-RTRI-000268,RHD-RSPAN-000432,RHD-S1809-00553,Gebirg,Reguigúiki,reguiguiki,319,strong_raramuri_profile_signal,high_machine_signal,2,2.5418,0.0,r-guala,5,0.5,False,not_assessed
RHD-RTRI-000269,RHD-RSPAN-000591,RHD-S1809-00739,Hügel,Reguiguíki,reguiguiki,325,strong_raramuri_profile_signal,high_machine_signal,2,2.5418,0.0,r-guala,5,0.5,False,not_assessed
RHD-RTRI-000270,RHD-RSPAN-000908,RHD-S1809-01087,Schafpelz,Pouguá guitſchía,pougua guitschia,338,strong_raramuri_profile_signal,high_machine_signal,2,2.5321,0.0,pitschaburameke,5,0.688,False,not_assessed
RHD-RTRI-000271,RHD-RSPAN-000246,RHD-S1809-00324,Derswegen,Hipéguitaje,hipeguitaje,312,strong_raramuri_profile_signal,high_machine_signal,2,2.5051,0.0,haagameke,5,0.545,False,not_assessed
RHD-RTRI-000272,RHD-RSPAN-000244,RHD-S1809-00324,Derswegen,Elaguitaje,elaguitaje,312,strong_raramuri_profile_signal,high_machine_signal,2,2.4913,0.0,echsamela,5,0.5,False,not_assessed
RHD-RTRI-000273,RHD-RSPAN-000890,RHD-S1809-01064,Saite,Tſiáca,tsiaca,338,strong_raramuri_profile_signal,high_machine_signal,2,2.4434,0.0,taica,2,0.667,False,not_assessed
RHD-RTRI-000274,RHD-RSPAN-001131,RHD-S1809-01328,That,Jolali,jolali,346,strong_raramuri_profile_signal,high_machine_signal,2,2.4142,0.0,jola,2,0.667,False,not_assessed
RHD-RTRI-000275,RHD-RSPAN-001345,RHD-S1809-01541,Waizen,patſchiki,patschiki,350,strong_raramuri_profile_signal,high_machine_signal,2,2.4134,0.0,pataliki,3,0.667,False,not_assessed
RHD-RTRI-000276,RHD-RSPAN-000027,RHD-S1809-00021,Allenthalben,Jumá guetſi,juma guetsi,301,strong_raramuri_profile_signal,high_machine_signal,2,2.4061,0.0,jachcala,5,0.545,False,not_assessed
RHD-RTRI-000277,RHD-RSPAN-001261,RHD-S1809-01482,Vier,naguó Pamivaliki,naguo pamivaliki,348,strong_raramuri_profile_signal,high_machine_signal,2,2.4052,0.0,nachpigualeke,5,0.688,False,not_assessed
RHD-RTRI-000278,RHD-RSPAN-000444,RHD-S1809-00573,Gebraten,Guauguérúgameke,guauguerugameke,320,strong_raramuri_profile_signal,high_machine_signal,2,2.3995,0.0,gala ta simega,5,0.667,False,not_assessed
RHD-RTRI-000279,RHD-RSPAN-000365,RHD-S1809-00465,Eule,Ulalä,ulala,316,strong_raramuri_profile_signal,high_machine_signal,2,2.3746,0.0,ululu,2,0.6,False,not_assessed
RHD-RTRI-000280,RHD-RSPAN-000532,RHD-S1809-00673,Heilend,Ogájameke,ogajameke,324,strong_raramuri_profile_signal,high_machine_signal,2,2.3556,0.0,ocanica,5,0.444,False,not_assessed
RHD-RTRI-000281,RHD-RSPAN-000857,RHD-S1809-01028,Recht,galála,galala,336,strong_raramuri_profile_signal,high_machine_signal,2,2.3531,0.0,gala,2,0.667,False,not_assessed
RHD-RTRI-000282,RHD-RSPAN-001351,RHD-S1809-01546,Widder,Pouguáca jumarúgameke,pouguaca jumarugameke,350,strong_raramuri_profile_signal,high_machine_signal,2,2.3529,0.0,,,0.0,False,not_assessed
RHD-RTRI-000283,RHD-RSPAN-000458,RHD-S1809-00584,Geiß,mukíla,mukila,320,strong_raramuri_profile_signal,high_machine_signal,2,2.3508,0.0,muki,2,0.667,False,not_assessed
RHD-RTRI-000284,RHD-RSPAN-000010,RHD-S1809-00007,Abſchicken,Hulirúgameke,hulirugameke,301,strong_raramuri_profile_signal,high_machine_signal,2,2.3421,0.0,haagameke,5,0.583,False,not_assessed
RHD-RTRI-000285,RHD-RSPAN-000148,RHD-S1809-00211,Bejahen,Tſaníjameke,tsanijameke,308,strong_raramuri_profile_signal,high_machine_signal,2,2.3279,0.0,taragameke,4,0.636,False,not_assessed
RHD-RTRI-000286,RHD-RSPAN-000495,RHD-S1809-00628,Glaube,Piltchiguali,piltchiguali,322,strong_raramuri_profile_signal,high_machine_signal,2,2.296,0.0,pabahischie,5,0.583,False,not_assessed
RHD-RTRI-000287,RHD-RSPAN-000158,RHD-S1809-00225,Benennt,Reguámeke,reguameke,308,strong_raramuri_profile_signal,high_machine_signal,2,2.2951,0.0,rosacameke,4,0.6,False,not_assessed
RHD-RTRI-000288,RHD-RSPAN-000745,RHD-S1809-00889,Löffel,Lótſchiki,lotschiki,330,strong_raramuri_profile_signal,high_machine_signal,2,2.2708,0.0,lavaca,5,0.444,False,not_assessed
RHD-RTRI-000289,RHD-RSPAN-001340,RHD-S1809-01541,Waizen,holirúgameke,holirugameke,350,strong_raramuri_profile_signal,high_machine_signal,2,2.2694,0.0,haagameke,5,0.583,False,not_assessed
RHD-RTRI-000290,RHD-RSPAN-000427,RHD-S1809-00549,Furcht,Mahaguiki,mahaguiki,319,strong_raramuri_profile_signal,high_machine_signal,2,2.2659,0.0,maguali,4,0.556,False,not_assessed
RHD-RTRI-000291,RHD-RSPAN-000248,RHD-S1809-00324,Derswegen,Kepunaguitaje,kepunaguitaje,312,strong_raramuri_profile_signal,high_machine_signal,2,2.2475,0.0,kibelaguitaje,4,0.692,False,not_assessed
RHD-RTRI-000292,RHD-RSPAN-000874,RHD-S1809-01050,Rückwärts,Bucali,bucali,338,strong_raramuri_profile_signal,high_machine_signal,2,2.2381,0.0,babali,2,0.667,False,not_assessed
RHD-RTRI-000293,RHD-RSPAN-000259,RHD-S1809-00332,Dieweil,Mapuguitaje,mapuguitaje,312,strong_raramuri_profile_signal,high_machine_signal,2,2.2246,0.0,massisipoa,5,0.545,False,not_assessed
RHD-RTRI-000294,RHD-RSPAN-000385,RHD-S1809-00487,Fell,Bouguapiki,bouguapiki,316,strong_raramuri_profile_signal,high_machine_signal,2,2.224,0.0,bacaguaca,5,0.5,False,not_assessed
RHD-RTRI-000295,RHD-RSPAN-000245,RHD-S1809-00324,Derswegen,Etſeguitaje,etseguitaje,312,strong_raramuri_profile_signal,high_machine_signal,2,2.2198,0.0,echsamela,5,0.545,False,not_assessed
RHD-RTRI-000296,RHD-RSPAN-000731,RHD-S1809-00876,Lernen,Suguíſimi,suguisimi,330,strong_raramuri_profile_signal,high_machine_signal,2,2.2176,0.0,sauguiki,4,0.556,False,not_assessed
RHD-RTRI-000297,RHD-RSPAN-000971,RHD-S1809-01157,Schwermüthig,Teſſiguájameke,tessiguajameke,340,strong_raramuri_profile_signal,high_machine_signal,2,2.2085,0.0,ta guetsi joma,5,0.643,False,not_assessed
RHD-RTRI-000298,RHD-RSPAN-000168,RHD-S1809-00239,Beſen,Petſiláca,petsilaca,308,strong_raramuri_profile_signal,high_machine_signal,2,2.2063,0.0,petsimela,3,0.667,False,not_assessed
RHD-RTRI-000299,RHD-RSPAN-000169,RHD-S1809-00240,Beſen,Petſilaca,petsilaca,308,strong_raramuri_profile_signal,high_machine_signal,2,2.2063,0.0,petsimela,3,0.667,False,not_assessed
RHD-RTRI-000300,RHD-RSPAN-001062,RHD-S1809-01258,Stange,Cuſi guelü,cusi guelu,343,strong_raramuri_profile_signal,high_machine_signal,2,2.2047,0.0,cachcanali,5,0.5,False,not_assessed
RHD-RTRI-000301,RHD-RSPAN-001449,RHD-S1809-01629,Zuſammenkunft,Napoámi,napoami,352,strong_raramuri_profile_signal,high_machine_signal,2,2.1877,0.0,najasi,3,0.571,False,not_assessed
RHD-RTRI-000302,RHD-RSPAN-000183,RHD-S1809-00254,Beten,Mamatsiki,mamatsiki,309,strong_raramuri_profile_signal,high_machine_signal,2,2.1864,0.0,matschi,4,0.556,False,not_assessed
RHD-RTRI-000303,RHD-RSPAN-000034,RHD-S1809-00073,Allwiſſend,Jumámatsigameke,jumamatsigameke,301,strong_raramuri_profile_signal,high_machine_signal,2,2.1847,0.0,jumajumajameke,5,0.667,False,not_assessed
RHD-RTRI-000304,RHD-RSPAN-000418,RHD-S1809-00545,Früh,bealíki,bealiki,319,strong_raramuri_profile_signal,high_machine_signal,2,2.1834,0.0,balsi,3,0.571,False,not_assessed
RHD-RTRI-000305,RHD-RSPAN-000783,RHD-S1809-00948,Morgen,Bealíki,bealiki,332,strong_raramuri_profile_signal,high_machine_signal,2,2.1834,0.0,balsi,3,0.571,False,not_assessed
RHD-RTRI-000306,RHD-RSPAN-001126,RHD-S1809-01321,Tänzer,Jauguirameke,jauguirameke,346,strong_raramuri_profile_signal,high_machine_signal,2,2.1827,0.0,jolajameka,5,0.583,False,not_assessed
RHD-RTRI-000307,RHD-RSPAN-001006,RHD-S1809-01194,Siebenter,Kitſaóaje,kitsaoaje,341,strong_raramuri_profile_signal,high_machine_signal,2,2.1762,0.0,kitsaoco,3,0.667,False,not_assessed
RHD-RTRI-000308,RHD-RSPAN-000397,RHD-S1809-00498,Feuer ſchlagen,Tſchichpipoa,tschichpipoa,317,strong_raramuri_profile_signal,high_machine_signal,2,2.1649,0.0,ta guetsi joma,5,0.643,False,not_assessed
RHD-RTRI-000309,RHD-RSPAN-000811,RHD-S1809-00966,Nacht,Cugué ſimiba,cugue simiba,333,strong_raramuri_profile_signal,high_machine_signal,2,2.1602,0.0,cachcanali,5,0.583,False,not_assessed
RHD-RTRI-000310,RHD-RSPAN-001327,RHD-S1809-01529,Wegen,kitaje,kitaje,350,strong_raramuri_profile_signal,high_machine_signal,2,2.1569,0.0,kinabe,2,0.667,False,not_assessed
RHD-RTRI-000311,RHD-RSPAN-000484,RHD-S1809-00607,Getauft,Ipagatúgameke,ipagatugameke,321,strong_raramuri_profile_signal,high_machine_signal,2,2.1534,0.0,ibe hoinela,5,0.615,False,not_assessed
RHD-RTRI-000312,RHD-RSPAN-001250,RHD-S1809-01480,Viel,ekila,ekila,348,strong_raramuri_profile_signal,high_machine_signal,2,2.1494,0.0,eki,2,0.6,False,not_assessed
RHD-RTRI-000313,RHD-RSPAN-000781,RHD-S1809-00947,Moraſt,Pauguímanila,pauguimanila,332,strong_raramuri_profile_signal,high_machine_signal,2,2.143,0.0,pabahischie,5,0.583,False,not_assessed
RHD-RTRI-000314,RHD-RSPAN-000984,RHD-S1809-01170,See,Pauguimaníla,pauguimanila,340,strong_raramuri_profile_signal,high_machine_signal,2,2.143,0.0,pabahischie,5,0.583,False,not_assessed
RHD-RTRI-000315,RHD-RSPAN-001142,RHD-S1809-01338,Topf,Pichicoliki,pichicoliki,346,strong_raramuri_profile_signal,high_machine_signal,2,2.1414,0.0,pabahischie,5,0.545,False,not_assessed
RHD-RTRI-000316,RHD-RSPAN-001329,RHD-S1809-01531,Weich ſeyn,Lomiki,lomiki,350,strong_raramuri_profile_signal,high_machine_signal,2,2.1336,0.0,logui,3,0.5,False,not_assessed
RHD-RTRI-000317,RHD-RSPAN-000920,RHD-S1809-01103,Scherben,Gaſſirúgameke,gassirugameke,338,strong_raramuri_profile_signal,high_machine_signal,2,2.1301,0.0,gala ta simega,5,0.643,False,not_assessed
RHD-RTRI-000318,RHD-RSPAN-000473,RHD-S1809-00598,Geſchmack,Igué gá,igue ga,320,strong_raramuri_profile_signal,high_machine_signal,2,2.1236,0.0,igua,3,0.571,False,not_assessed
RHD-RTRI-000319,RHD-RSPAN-000947,RHD-S1809-01127,Schmackhaft,Igué ga,igue ga,339,strong_raramuri_profile_signal,high_machine_signal,2,2.1236,0.0,igua,3,0.571,False,not_assessed
RHD-RTRI-000320,RHD-RSPAN-000858,RHD-S1809-01029,Rechts,Guacónana,guaconana,336,strong_raramuri_profile_signal,high_machine_signal,2,2.1222,0.0,guakina,4,0.556,False,not_assessed
RHD-RTRI-000321,RHD-RSPAN-001166,RHD-S1809-01375,Unendlich,Tá ſchuguiameke,ta schuguiameke,347,strong_raramuri_profile_signal,high_machine_signal,2,2.1014,0.0,ta guetsi joma,5,0.667,False,not_assessed
RHD-RTRI-000322,RHD-RSPAN-000317,RHD-S1809-00412,Elle,Pilé cusíki,pile cusiki,314,strong_raramuri_profile_signal,high_machine_signal,2,2.0959,0.0,pabahischie,5,0.545,False,not_assessed
RHD-RTRI-000323,RHD-RSPAN-000042,RHD-S1809-00081,Alſo,pugué rachpéco,pugue rachpeco,302,strong_raramuri_profile_signal,high_machine_signal,2,2.0725,0.0,pabahischie,5,0.643,False,not_assessed
RHD-RTRI-000324,RHD-RSPAN-000547,RHD-S1809-00689,Hernach,pugue rachpeco,pugue rachpeco,324,strong_raramuri_profile_signal,high_machine_signal,2,2.0725,0.0,pabahischie,5,0.643,False,not_assessed
RHD-RTRI-000325,RHD-RSPAN-000754,RHD-S1809-00902,Mager,Tá ſapéameke,ta sapeameke,331,strong_raramuri_profile_signal,high_machine_signal,2,2.0719,0.0,taragameke,4,0.667,False,not_assessed
RHD-RTRI-000326,RHD-RSPAN-000616,RHD-S1809-00756,Jahr,ocá pamivali,oca pamivali,325,strong_raramuri_profile_signal,high_machine_signal,2,2.0676,0.0,ossanaguessa,5,0.583,False,not_assessed
RHD-RTRI-000327,RHD-RSPAN-000220,RHD-S1809-00299,Bringen,caió,caio,310,strong_raramuri_profile_signal,high_machine_signal,2,2.055,0.0,caita,2,0.6,False,not_assessed
RHD-RTRI-000328,RHD-RSPAN-001084,RHD-S1809-01277,Sterblich,tá mukílatiameke,ta mukilatiameke,344,strong_raramuri_profile_signal,high_machine_signal,2,2.0494,0.0,ta guetsi joma,5,0.688,False,not_assessed
RHD-RTRI-000329,RHD-RSPAN-000719,RHD-S1809-00866,Lehrling,Matſchirujegámeke,matschirujegameke,329,strong_raramuri_profile_signal,high_machine_signal,2,2.0486,0.0,,,0.0,False,not_assessed
RHD-RTRI-000330,RHD-RSPAN-001343,RHD-S1809-01541,Waizen,lakiki,lakiki,350,strong_raramuri_profile_signal,high_machine_signal,2,2.042,0.0,laca,4,0.333,False,not_assessed
RHD-RTRI-000331,RHD-RSPAN-001248,RHD-S1809-01479,Viehiſch,Bucúameke,bucuameke,348,strong_raramuri_profile_signal,high_machine_signal,2,2.037,0.0,bajeameke,3,0.667,False,not_assessed
RHD-RTRI-000332,RHD-RSPAN-000478,RHD-S1809-00600,Geſegnet,Galatſaneliameke,galatsaneliameke,320,strong_raramuri_profile_signal,high_machine_signal,2,2.0353,0.0,gala ta simega,5,0.688,False,not_assessed
RHD-RTRI-000333,RHD-RSPAN-000667,RHD-S1809-00805,Kochen,gabaſſirúgameke,gabassirugameke,326,strong_raramuri_profile_signal,high_machine_signal,2,2.0301,0.0,gala ta simega,5,0.667,False,not_assessed
RHD-RTRI-000334,RHD-RSPAN-000182,RHD-S1809-00252,Betheuren,Teſſiguá,tessigua,309,strong_raramuri_profile_signal,high_machine_signal,2,2.0182,0.0,t-fligua,3,0.625,False,not_assessed
RHD-RTRI-000335,RHD-RSPAN-000184,RHD-S1809-00257,Betrübt ſeyn,Teſſiguá,tessigua,309,strong_raramuri_profile_signal,high_machine_signal,2,2.0182,0.0,t-fligua,3,0.625,False,not_assessed
RHD-RTRI-000336,RHD-RSPAN-001331,RHD-S1809-01532,Wehe thun,Teſſiguá,tessigua,350,strong_raramuri_profile_signal,high_machine_signal,2,2.0182,0.0,t-fligua,3,0.625,False,not_assessed
RHD-RTRI-000337,RHD-RSPAN-001176,RHD-S1809-01384,Unkundig,Tá matſchigameke,ta matschigameke,347,strong_raramuri_profile_signal,high_machine_signal,2,2.0007,0.0,ta guetsi joma,5,0.688,False,not_assessed
RHD-RTRI-000338,RHD-RSPAN-001192,RHD-S1809-01405,Unwiſſend,Tá matſchigameke,ta matschigameke,347,strong_raramuri_profile_signal,high_machine_signal,2,2.0007,0.0,ta guetsi joma,5,0.688,False,not_assessed
RHD-RTRI-000339,RHD-RSPAN-000186,RHD-S1809-00261,Bewußt,Matſchigameke,matschigameke,309,strong_raramuri_profile_signal,high_machine_signal,2,1.9891,0.0,massisipoa,5,0.615,False,not_assessed
RHD-RTRI-000340,RHD-RSPAN-000334,RHD-S1809-00429,Erfahren,Matſchigameke,matschigameke,315,strong_raramuri_profile_signal,high_machine_signal,2,1.9891,0.0,massisipoa,5,0.615,False,not_assessed
RHD-RTRI-000341,RHD-RSPAN-000463,RHD-S1809-00590,Gelehrt,Matſchigameke,matschigameke,320,strong_raramuri_profile_signal,high_machine_signal,2,1.9891,0.0,massisipoa,5,0.615,False,not_assessed
RHD-RTRI-000342,RHD-RSPAN-000662,RHD-S1809-00799,Klug,Matſchigameke,matschigameke,326,strong_raramuri_profile_signal,high_machine_signal,2,1.9891,0.0,massisipoa,5,0.615,False,not_assessed
RHD-RTRI-000343,RHD-RSPAN-001236,RHD-S1809-01462,Verſtändig,Matſchigameke,matschigameke,348,strong_raramuri_profile_signal,high_machine_signal,2,1.9891,0.0,massisipoa,5,0.615,False,not_assessed
RHD-RTRI-000344,RHD-RSPAN-000793,RHD-S1809-00953,Müſſen,Joláboa,jolaboa,332,strong_raramuri_profile_signal,high_machine_signal,2,1.9875,0.0,jola,3,0.571,False,not_assessed
RHD-RTRI-000345,RHD-RSPAN-000642,RHD-S1809-00769,Klein,Khuta ta ſimega,khuta ta simega,326,strong_raramuri_profile_signal,high_machine_signal,2,1.9772,0.0,kachkagameke,5,0.667,False,not_assessed
RHD-RTRI-000346,RHD-RSPAN-001167,RHD-S1809-01376,Unerſchrocken,Tá mahajámeke,ta mahajameke,347,strong_raramuri_profile_signal,high_machine_signal,2,1.9751,0.0,ta guetsi joma,5,0.643,False,not_assessed
RHD-RTRI-000347,RHD-RSPAN-001105,RHD-S1809-01292,Stricklein,Taſſuviki,tassuviki,344,strong_raramuri_profile_signal,high_machine_signal,2,1.9706,0.0,taliki,4,0.556,False,not_assessed
RHD-RTRI-000348,RHD-RSPAN-001182,RHD-S1809-01393,Unterricht,Matſchirújelilá,matschirujelila,347,strong_raramuri_profile_signal,high_machine_signal,2,1.9682,0.0,melirugameke,5,0.667,False,not_assessed
RHD-RTRI-000349,RHD-RSPAN-000097,RHD-S1809-00145,"Aufſtehen, vom Tode",Haſſaguá,hassagua,304,strong_raramuri_profile_signal,high_machine_signal,2,1.9613,0.0,halaguala,4,0.556,False,not_assessed
RHD-RTRI-000350,RHD-RSPAN-000242,RHD-S1809-00322,Degen,Malagála,malagala,312,strong_raramuri_profile_signal,high_machine_signal,2,1.958,0.0,maguali,4,0.5,False,not_assessed
RHD-RTRI-000351,RHD-RSPAN-000883,RHD-S1809-01058,Säbel,Malagála,malagala,338,strong_raramuri_profile_signal,high_machine_signal,2,1.958,0.0,maguali,4,0.5,False,not_assessed
RHD-RTRI-000352,RHD-RSPAN-000972,RHD-S1809-01158,Schwert,Malagála,malagala,340,strong_raramuri_profile_signal,high_machine_signal,2,1.958,0.0,maguali,4,0.5,False,not_assessed
RHD-RTRI-000353,RHD-RSPAN-000281,RHD-S1809-00362,Dürfen,igue mugújola,igue mugujola,313,strong_raramuri_profile_signal,high_machine_signal,2,1.9509,0.0,ibe hoinela,5,0.615,False,not_assessed
RHD-RTRI-000354,RHD-RSPAN-000295,RHD-S1809-00378,Eheweib,Muki cunéameke,muki cuneameke,313,strong_raramuri_profile_signal,high_machine_signal,2,1.9498,0.0,matschisimi,5,0.643,False,not_assessed
RHD-RTRI-000355,RHD-RSPAN-000868,RHD-S1809-01044,Roß,Cuú,cuu,338,strong_raramuri_profile_signal,high_machine_signal,2,1.921,0.0,cau,1,0.667,False,not_assessed
RHD-RTRI-000356,RHD-RSPAN-000594,RHD-S1809-00741,Hülfsmittel,Oguésameke,oguesameke,325,strong_raramuri_profile_signal,high_machine_signal,2,1.9116,0.0,ocanica,5,0.5,False,not_assessed
RHD-RTRI-000357,RHD-RSPAN-001194,RHD-S1809-01407,Unzeitig,Tá baſſigameke,ta bassigameke,347,strong_raramuri_profile_signal,high_machine_signal,2,1.9058,0.0,ta guetsi joma,5,0.643,False,not_assessed
RHD-RTRI-000358,RHD-RSPAN-000609,RHD-S1809-00756,Jahr,baica pami,baica pami,325,strong_raramuri_profile_signal,high_machine_signal,2,1.9017,0.0,baicataje,4,0.6,False,not_assessed
RHD-RTRI-000359,RHD-RSPAN-001255,RHD-S1809-01480,Viel,guelſa,guelsa,348,strong_raramuri_profile_signal,high_machine_signal,2,1.901,0.0,guala,2,0.667,False,not_assessed
RHD-RTRI-000360,RHD-RSPAN-001100,RHD-S1809-01289,Streiten,Nacója,nacoja,344,strong_raramuri_profile_signal,high_machine_signal,2,1.8953,0.0,natoia,2,0.667,False,not_assessed
RHD-RTRI-000361,RHD-RSPAN-000051,RHD-S1809-00097,Anhäufen,Napabú,napabu,302,strong_raramuri_profile_signal,high_machine_signal,2,1.8747,0.0,napa,2,0.667,False,not_assessed
RHD-RTRI-000362,RHD-RSPAN-000764,RHD-S1809-00918,Mehren,Napabú,napabu,331,strong_raramuri_profile_signal,high_machine_signal,2,1.8747,0.0,napa,2,0.667,False,not_assessed
RHD-RTRI-000363,RHD-RSPAN-000897,RHD-S1809-01071,Sammeln,Napabú,napabu,338,strong_raramuri_profile_signal,high_machine_signal,2,1.8747,0.0,napa,2,0.667,False,not_assessed
RHD-RTRI-000364,RHD-RSPAN-001224,RHD-S1809-01448,Vermehren,Napabú,napabu,348,strong_raramuri_profile_signal,high_machine_signal,2,1.8747,0.0,napa,2,0.667,False,not_assessed
RHD-RTRI-000365,RHD-RSPAN-001229,RHD-S1809-01454,Verſammeln,Napabú,napabu,348,strong_raramuri_profile_signal,high_machine_signal,2,1.8747,0.0,napa,2,0.667,False,not_assessed
RHD-RTRI-000366,RHD-RSPAN-001299,RHD-S1809-01504,Vorkommen,Batlá né naguá,batla ne nagua,349,strong_raramuri_profile_signal,high_machine_signal,2,1.873,0.0,bacalatschi,5,0.643,False,not_assessed
RHD-RTRI-000367,RHD-RSPAN-001420,RHD-S1809-01603,Ziegelerde,Vuóllaguáca ſ,vuollaguaca s,352,strong_raramuri_profile_signal,high_machine_signal,2,1.8676,0.0,vuossaguaca,4,0.692,False,not_assessed
RHD-RTRI-000368,RHD-RSPAN-000355,RHD-S1809-00448,Erwecken,hallaguáruje,hallaguaruje,315,strong_raramuri_profile_signal,high_machine_signal,2,1.8633,0.0,haagameke,5,0.583,False,not_assessed
RHD-RTRI-000369,RHD-RSPAN-000836,RHD-S1809-00993,Palmbaum,Tacúcu,tacucu,334,strong_raramuri_profile_signal,high_machine_signal,2,1.8613,0.0,tacupe,2,0.667,False,not_assessed
RHD-RTRI-000370,RHD-RSPAN-000209,RHD-S1809-00289,Bothſchaft bringen,Matſchiruje,matschiruje,310,strong_raramuri_profile_signal,high_machine_signal,2,1.8597,0.0,matschisimi,4,0.636,False,not_assessed
RHD-RTRI-000371,RHD-RSPAN-001183,RHD-S1809-01394,Unterrichten,Matſchiruje,matschiruje,347,strong_raramuri_profile_signal,high_machine_signal,2,1.8597,0.0,matschisimi,4,0.636,False,not_assessed
RHD-RTRI-000372,RHD-RSPAN-001396,RHD-S1809-01589,Zeigen,Matſchiruje,matschiruje,352,strong_raramuri_profile_signal,high_machine_signal,2,1.8597,0.0,matschisimi,4,0.636,False,not_assessed
RHD-RTRI-000373,RHD-RSPAN-000732,RHD-S1809-00876,Lernen,vakiſimi,vakisimi,330,strong_raramuri_profile_signal,high_machine_signal,2,1.8575,0.0,vakitsi,3,0.625,False,not_assessed
RHD-RTRI-000374,RHD-RSPAN-000302,RHD-S1809-00389,Eingebohrner,Ibe motſchiameke,ibe motschiameke,313,strong_raramuri_profile_signal,high_machine_signal,2,1.8572,0.0,itschiguajameke,5,0.688,False,not_assessed
RHD-RTRI-000375,RHD-RSPAN-001324,RHD-S1809-01529,Wegen,etléeguitaje,etleeguitaje,350,strong_raramuri_profile_signal,high_machine_signal,2,1.8554,0.0,echsamela,5,0.583,False,not_assessed
RHD-RTRI-000376,RHD-RSPAN-001369,RHD-S1809-01566,Wollen,coánale,coanale,351,strong_raramuri_profile_signal,high_machine_signal,2,1.8515,0.0,cole,3,0.571,False,not_assessed
RHD-RTRI-000377,RHD-RSPAN-001267,RHD-S1809-01486,Vierteljährig,Baica maitſáca,baica maitsaca,349,strong_raramuri_profile_signal,high_machine_signal,2,1.8486,0.0,bacalatschi,5,0.643,False,not_assessed
RHD-RTRI-000378,RHD-RSPAN-001401,RHD-S1809-01592,Zeitlich,bea mu naguáca,bea mu naguaca,352,strong_raramuri_profile_signal,high_machine_signal,2,1.8457,0.0,bacalatschi,5,0.643,False,not_assessed
RHD-RTRI-000379,RHD-RSPAN-000655,RHD-S1809-00787,Kienholz zum Brennen,Tſchapéke,tschapeke,326,strong_raramuri_profile_signal,high_machine_signal,2,1.8451,0.0,techteke,3,0.667,False,not_assessed
RHD-RTRI-000380,RHD-RSPAN-000684,RHD-S1809-00828,Krätze,jumá tſcha,juma tscha,327,strong_raramuri_profile_signal,high_machine_signal,2,1.8358,0.0,jachcala,5,0.5,False,not_assessed
RHD-RTRI-000381,RHD-RSPAN-000312,RHD-S1809-00403,Einſchlafen,Cotſchiné ſimi,cotschine simi,314,strong_raramuri_profile_signal,high_machine_signal,2,1.833,0.0,calitschiki,5,0.643,False,not_assessed
RHD-RTRI-000382,RHD-RSPAN-000888,RHD-S1809-01062,Sagen,ruí,rui,338,strong_raramuri_profile_signal,high_machine_signal,2,1.8283,0.0,rogui,2,0.6,False,not_assessed
RHD-RTRI-000383,RHD-RSPAN-000829,RHD-S1809-00985,Oberer,Repágatigameke,repagatigameke,334,strong_raramuri_profile_signal,high_machine_signal,2,1.8275,0.0,rachtabatsaboa,5,0.643,False,not_assessed
RHD-RTRI-000384,RHD-RSPAN-000860,RHD-S1809-01032,Redlos,Tá néóca,ta neoca,336,strong_raramuri_profile_signal,high_machine_signal,2,1.825,0.0,tabelaca,4,0.5,False,not_assessed
RHD-RTRI-000385,RHD-RSPAN-001188,RHD-S1809-01399,Unverſehens,Ta matſchiga,ta matschiga,347,strong_raramuri_profile_signal,high_machine_signal,2,1.8236,0.0,ta guetsi joma,5,0.643,False,not_assessed
RHD-RTRI-000386,RHD-RSPAN-001189,RHD-S1809-01400,Unverſehrt,Tá matſchiga,ta matschiga,347,strong_raramuri_profile_signal,high_machine_signal,2,1.8236,0.0,ta guetsi joma,5,0.643,False,not_assessed
RHD-RTRI-000387,RHD-RSPAN-000983,RHD-S1809-01170,See,Pauguiman ki,pauguiman ki,340,strong_raramuri_profile_signal,high_machine_signal,2,1.8132,0.0,pabahischie,5,0.583,False,not_assessed
RHD-RTRI-000388,RHD-RSPAN-001138,RHD-S1809-01333,Tochter,Malála,malala,346,strong_raramuri_profile_signal,high_machine_signal,2,1.8104,0.0,mataca,2,0.667,False,not_assessed
RHD-RTRI-000389,RHD-RSPAN-000167,RHD-S1809-00235,Beſchauen,Ketegué,ketegue,308,strong_raramuri_profile_signal,high_machine_signal,2,1.8021,0.0,keke,4,0.429,False,not_assessed
RHD-RTRI-000390,RHD-RSPAN-000162,RHD-S1809-00228,Berauſchen,Teculú,teculu,308,strong_raramuri_profile_signal,high_machine_signal,2,1.7992,0.0,tepula,2,0.667,False,not_assessed
RHD-RTRI-000391,RHD-RSPAN-001060,RHD-S1809-01256,Stahl,Tſchichi piláca,tschichi pilaca,343,strong_raramuri_profile_signal,high_machine_signal,2,1.7971,0.0,ta guetsi joma,5,0.667,False,not_assessed
RHD-RTRI-000392,RHD-RSPAN-000451,RHD-S1809-00578,Gehen,jolágo,jolago,320,strong_raramuri_profile_signal,high_machine_signal,2,1.794,0.0,jola,2,0.667,False,not_assessed
RHD-RTRI-000393,RHD-RSPAN-000214,RHD-S1809-00295,Brechen,Caſſini,cassini,310,strong_raramuri_profile_signal,high_machine_signal,2,1.7892,0.0,caisiniki,3,0.667,False,not_assessed
RHD-RTRI-000394,RHD-RSPAN-001292,RHD-S1809-01499,Vor,eratſchic guiki,eratschic guiki,349,strong_raramuri_profile_signal,high_machine_signal,2,1.7804,0.0,etschaguoameke,5,0.667,False,not_assessed
RHD-RTRI-000395,RHD-RSPAN-000895,RHD-S1809-01069,Salz,Honáca,honaca,338,strong_raramuri_profile_signal,high_machine_signal,2,1.78,0.0,hoca,2,0.667,False,not_assessed
RHD-RTRI-000396,RHD-RSPAN-000647,RHD-S1809-00772,Kamiſol,Mapatſaca,mapatsaca,326,strong_raramuri_profile_signal,high_machine_signal,2,1.7775,0.0,mataca,3,0.667,False,not_assessed
RHD-RTRI-000397,RHD-RSPAN-000192,RHD-S1809-00268,Biſchen,rachpé ſapáca,rachpe sapaca,309,strong_raramuri_profile_signal,high_machine_signal,2,1.77,0.0,rachtabatsaboa,5,0.643,False,not_assessed
RHD-RTRI-000398,RHD-RSPAN-001076,RHD-S1809-01267,Stein,telé ulíameke,tele uliameke,344,strong_raramuri_profile_signal,high_machine_signal,2,1.7697,0.0,teculuameke,4,0.692,False,not_assessed
RHD-RTRI-000399,RHD-RSPAN-000286,RHD-S1809-00369,Ehe,Tehoje muki tſchapirujelilá,tehoje muki tschapirujelila,313,strong_raramuri_profile_signal,high_machine_signal,2,1.7667,0.0,,,0.0,False,not_assessed
RHD-RTRI-000400,RHD-RSPAN-000736,RHD-S1809-00881,Leugnen,Tá né pigué,ta ne pigue,330,strong_raramuri_profile_signal,high_machine_signal,2,1.7634,0.0,t-fligua,5,0.545,False,not_assessed
RHD-RTRI-000401,RHD-RSPAN-000618,RHD-S1809-00756,Jahr,ſineyi pamivaliki,sineyi pamivaliki,325,strong_raramuri_profile_signal,high_machine_signal,2,1.7609,0.0,,,0.0,False,not_assessed
RHD-RTRI-000402,RHD-RSPAN-000442,RHD-S1809-00571,Gebot,Macoéke nulálila,macoeke nulalila,320,strong_raramuri_profile_signal,high_machine_signal,2,1.7601,0.0,mukiiatiameke,5,0.688,False,not_assessed
RHD-RTRI-000403,RHD-RSPAN-000038,RHD-S1809-00074,Aloe,Méke,meke,301,strong_raramuri_profile_signal,high_machine_signal,2,1.7594,0.0,mea,2,0.5,False,not_assessed
RHD-RTRI-000404,RHD-RSPAN-000197,RHD-S1809-00275,Blech,Guenomi tſchipérameke,guenomi tschiperameke,309,strong_raramuri_profile_signal,high_machine_signal,2,1.7594,0.0,,,0.0,False,not_assessed
RHD-RTRI-000405,RHD-RSPAN-000953,RHD-S1809-01136,Schooß,Ropála,ropala,339,strong_raramuri_profile_signal,high_machine_signal,2,1.7584,0.0,rohaca,2,0.667,False,not_assessed
RHD-RTRI-000406,RHD-RSPAN-000963,RHD-S1809-01147,Schüler,Matichirujégameke,matichirujegameke,340,strong_raramuri_profile_signal,high_machine_signal,2,1.7558,0.0,,,0.0,False,not_assessed
RHD-RTRI-000407,RHD-RSPAN-000199,RHD-S1809-00277,Blind,Támatiſchigameke,tamatischigameke,309,strong_raramuri_profile_signal,high_machine_signal,2,1.7546,0.0,ta guetsi joma,5,0.688,False,not_assessed
RHD-RTRI-000408,RHD-RSPAN-001174,RHD-S1809-01382,Ungleich,tá léva,ta leva,347,strong_raramuri_profile_signal,high_machine_signal,2,1.7518,0.0,tajena,3,0.571,False,not_assessed
RHD-RTRI-000409,RHD-RSPAN-001180,RHD-S1809-01389,Unſterblich,Tá mukiſati,ta mukisati,347,strong_raramuri_profile_signal,high_machine_signal,2,1.7505,0.0,t-fligua,5,0.545,False,not_assessed
RHD-RTRI-000410,RHD-RSPAN-000018,RHD-S1809-00014,Acht,Oſſanaguéſſa macóek,ossanaguessa macoek,301,strong_raramuri_profile_signal,high_machine_signal,2,1.7476,0.0,,,0.0,False,not_assessed
RHD-RTRI-000411,RHD-RSPAN-001392,RHD-S1809-01586,Zehn,Macoëk nulálila,macoek nulalila,352,strong_raramuri_profile_signal,high_machine_signal,2,1.7469,0.0,melirugameke,5,0.667,False,not_assessed
RHD-RTRI-000412,RHD-RSPAN-000296,RHD-S1809-00378,Eheweib,Upila,upila,313,strong_raramuri_profile_signal,high_machine_signal,2,1.7445,0.0,uili,2,0.6,False,not_assessed
RHD-RTRI-000413,RHD-RSPAN-000466,RHD-S1809-00594,Gemahlinn,Upíla,upila,320,strong_raramuri_profile_signal,high_machine_signal,2,1.7445,0.0,uili,2,0.6,False,not_assessed
RHD-RTRI-000414,RHD-RSPAN-000266,RHD-S1809-00342,Dörren,Sakíruje,sakiruje,312,strong_raramuri_profile_signal,high_machine_signal,2,1.7428,0.0,satuje,3,0.625,False,not_assessed
RHD-RTRI-000415,RHD-RSPAN-001152,RHD-S1809-01349,Trocknen,Sakiruje,sakiruje,346,strong_raramuri_profile_signal,high_machine_signal,2,1.7428,0.0,satuje,3,0.625,False,not_assessed
RHD-RTRI-000416,RHD-RSPAN-000424,RHD-S1809-00548,Für,mú jolála,mu jolala,319,strong_raramuri_profile_signal,high_machine_signal,2,1.7406,0.0,mujaba,4,0.556,False,not_assessed
RHD-RTRI-000417,RHD-RSPAN-000710,RHD-S1809-00856,Lang,coſéke,coseke,328,strong_raramuri_profile_signal,high_machine_signal,2,1.7397,0.0,cosiki,2,0.667,False,not_assessed
RHD-RTRI-000418,RHD-RSPAN-000395,RHD-S1809-00495,Feuer,Tſchichpiopa,tschichpiopa,317,strong_raramuri_profile_signal,high_machine_signal,2,1.7354,0.0,ta guetsi joma,5,0.643,False,not_assessed
RHD-RTRI-000419,RHD-RSPAN-000112,RHD-S1809-00170,Band,Maſſibula,massibula,306,strong_raramuri_profile_signal,high_machine_signal,2,1.7291,0.0,massisipoa,4,0.6,False,not_assessed
RHD-RTRI-000420,RHD-RSPAN-001044,RHD-S1809-01234,Spielplatz,Uáme,uame,343,strong_raramuri_profile_signal,high_machine_signal,2,1.7213,0.0,ule,2,0.5,False,not_assessed
RHD-RTRI-000421,RHD-RSPAN-000173,RHD-S1809-00241,Beſitzen,hámú naliguetſá,hamu naliguetsa,308,strong_raramuri_profile_signal,high_machine_signal,2,1.7208,0.0,haleseatschic,5,0.667,False,not_assessed
RHD-RTRI-000422,RHD-RSPAN-000414,RHD-S1809-00530,Fragen,jolátſamú,jolatsamu,318,strong_raramuri_profile_signal,high_machine_signal,2,1.7206,0.0,jachcala,5,0.444,False,not_assessed
RHD-RTRI-000423,RHD-RSPAN-001457,RHD-S1809-01639,Zwillinge,Marátſi,maratsi,353,strong_raramuri_profile_signal,high_machine_signal,2,1.7129,0.0,maga,4,0.429,False,not_assessed
RHD-RTRI-000424,RHD-RSPAN-001415,RHD-S1809-01601,Ziege,Cambalátſchi mukíla,cambalatschi mukila,352,strong_raramuri_profile_signal,high_machine_signal,2,1.7128,0.0,,,0.0,False,not_assessed
RHD-RTRI-000425,RHD-RSPAN-001211,RHD-S1809-01434,Vergrößern,Guelube jolá,guelube jola,347,strong_raramuri_profile_signal,high_machine_signal,2,1.7111,0.0,gala ta simega,5,0.643,False,not_assessed
RHD-RTRI-000426,RHD-RSPAN-001165,RHD-S1809-01374,Unbeweibt,Taſló upéameke,taslo upeameke,347,strong_raramuri_profile_signal,high_machine_signal,2,1.7093,0.0,ta guetsi joma,5,0.643,False,not_assessed
RHD-RTRI-000427,RHD-RSPAN-001185,RHD-S1809-01396,Unverehelicht,Taſló upéameke,taslo upeameke,347,strong_raramuri_profile_signal,high_machine_signal,2,1.7093,0.0,ta guetsi joma,5,0.643,False,not_assessed
RHD-RTRI-000428,RHD-RSPAN-000260,RHD-S1809-00336,Doppelt,Oſſa eki,ossa eki,312,strong_raramuri_profile_signal,high_machine_signal,2,1.7043,0.0,ossanica,4,0.5,False,not_assessed
RHD-RTRI-000429,RHD-RSPAN-001323,RHD-S1809-01529,Wegen,elátaje,elataje,350,strong_raramuri_profile_signal,high_machine_signal,2,1.704,0.0,elaca,3,0.571,False,not_assessed
RHD-RTRI-000430,RHD-RSPAN-000576,RHD-S1809-00726,Hinzugehen,Amulípi nè ſimí,amulipi ne simi,325,strong_raramuri_profile_signal,high_machine_signal,2,1.6941,0.0,atschilelila,5,0.667,False,not_assessed
RHD-RTRI-000431,RHD-RSPAN-000364,RHD-S1809-00463,Etwas,pilé nanamuti,pile nanamuti,315,strong_raramuri_profile_signal,high_machine_signal,2,1.6917,0.0,pabahischie,5,0.615,False,not_assessed
RHD-RTRI-000432,RHD-RSPAN-001455,RHD-S1809-01637,Zweymal,Ocáſſa,ocassa,353,strong_raramuri_profile_signal,high_machine_signal,2,1.6879,0.0,ossa,2,0.667,False,not_assessed
RHD-RTRI-000433,RHD-RSPAN-001252,RHD-S1809-01480,Viel,ekipu pamipa,ekipu pamipa,348,strong_raramuri_profile_signal,high_machine_signal,2,1.6794,0.0,echsamela,5,0.583,False,not_assessed
RHD-RTRI-000434,RHD-RSPAN-001349,RHD-S1809-01543,Wenig,Ekſipi,eksipi,350,possible_raramuri_profile_signal,medium_machine_signal,2,1.6737,0.0,ekipi,1,0.833,False,not_assessed
RHD-RTRI-000435,RHD-RSPAN-000233,RHD-S1809-00315,Da,hecátameke,hecatameke,311,possible_raramuri_profile_signal,medium_machine_signal,2,1.672,0.0,haagameke,3,0.7,False,not_assessed
RHD-RTRI-000436,RHD-RSPAN-000641,RHD-S1809-00767,Kalb,Teléti,teleti,326,possible_raramuri_profile_signal,medium_machine_signal,2,1.6719,0.0,telesi,1,0.833,False,not_assessed
RHD-RTRI-000437,RHD-RSPAN-000033,RHD-S1809-00071,Allgegenwärtig,Jumáguetſi gaiungake,jumaguetsi gaiungake,301,possible_raramuri_profile_signal,medium_machine_signal,2,1.6677,0.0,juma guetsi gatigameke,5,0.773,False,not_assessed
RHD-RTRI-000438,RHD-RSPAN-000904,RHD-S1809-01084,Schaden,Cocórúſe,cocoruse,338,possible_raramuri_profile_signal,medium_machine_signal,2,1.6616,0.0,cocoruje,1,0.875,False,not_assessed
RHD-RTRI-000439,RHD-RSPAN-001239,RHD-S1809-01468,Vertheilen,Natſumela,natsumela,348,possible_raramuri_profile_signal,medium_machine_signal,2,1.6576,0.0,natlum-la,2,0.778,False,not_assessed
RHD-RTRI-000440,RHD-RSPAN-000377,RHD-S1809-00477,Fegen,Peisíki,peisiki,316,possible_raramuri_profile_signal,medium_machine_signal,2,1.6556,0.0,pusiki,2,0.714,False,not_assessed
RHD-RTRI-000441,RHD-RSPAN-000762,RHD-S1809-00912,Maulſchelle,Tſchotſchonába,tschotschonaba,331,possible_raramuri_profile_signal,medium_machine_signal,2,1.6451,0.0,tschotschonala,1,0.929,False,not_assessed
RHD-RTRI-000442,RHD-RSPAN-001079,RHD-S1809-01273,Sterben,Mukurejameke,mukurejameke,344,possible_raramuri_profile_signal,medium_machine_signal,2,1.6382,0.0,mukijameke,3,0.75,False,not_assessed
RHD-RTRI-000443,RHD-RSPAN-000777,RHD-S1809-00938,Mißbilligen,Rapá,rapa,332,possible_raramuri_profile_signal,medium_machine_signal,2,1.6279,0.0,rana,1,0.75,False,not_assessed
RHD-RTRI-000444,RHD-RSPAN-000195,RHD-S1809-00274,Blau,Schiógameke,schiogameke,309,possible_raramuri_profile_signal,medium_machine_signal,2,1.6181,0.0,schiojameke,1,0.909,False,not_assessed
RHD-RTRI-000445,RHD-RSPAN-001029,RHD-S1809-01217,Spalten,Nárigué,narigue,342,possible_raramuri_profile_signal,medium_machine_signal,2,1.6178,0.0,naligue,1,0.857,False,not_assessed
RHD-RTRI-000446,RHD-RSPAN-000077,RHD-S1809-00120,Armbruſt,hatáca,hataca,304,possible_raramuri_profile_signal,medium_machine_signal,2,1.6053,0.0,hatsca,1,0.833,False,not_assessed
RHD-RTRI-000447,RHD-RSPAN-000457,RHD-S1809-00584,Geiß,Cambelátſchi,cambelatschi,320,possible_raramuri_profile_signal,medium_machine_signal,2,1.6046,0.0,cambolatschi,1,0.917,False,not_assessed
RHD-RTRI-000448,RHD-RSPAN-001321,RHD-S1809-01526,Wecken,Bullá,bulla,350,possible_raramuri_profile_signal,medium_machine_signal,2,1.6046,0.0,balla,1,0.8,False,not_assessed
RHD-RTRI-000449,RHD-RSPAN-000623,RHD-S1809-00758,Ich,Bonaje,bonaje,326,possible_raramuri_profile_signal,medium_machine_signal,2,1.5971,0.0,bonoje,1,0.833,False,not_assessed
RHD-RTRI-000450,RHD-RSPAN-000114,RHD-S1809-00171,Bändigen,Neniameke,neniameke,306,possible_raramuri_profile_signal,medium_machine_signal,2,1.592,0.0,nesseameke,3,0.7,False,not_assessed
RHD-RTRI-000451,RHD-RSPAN-000809,RHD-S1809-00965,Nachſehen,Tſeliguei,tseliguei,333,possible_raramuri_profile_signal,medium_machine_signal,2,1.5873,0.0,tselixugi,2,0.778,False,not_assessed
RHD-RTRI-000452,RHD-RSPAN-001207,RHD-S1809-01428,Vergeben,Tſeliguéi,tseliguei,347,possible_raramuri_profile_signal,medium_machine_signal,2,1.5873,0.0,tselixugi,2,0.778,False,not_assessed
RHD-RTRI-000453,RHD-RSPAN-001245,RHD-S1809-01476,Verzeihen,Tſeliguei,tseliguei,348,possible_raramuri_profile_signal,medium_machine_signal,2,1.5873,0.0,tselixugi,2,0.778,False,not_assessed
RHD-RTRI-000454,RHD-RSPAN-001210,RHD-S1809-01432,Vergraben,Tóuke,touke,347,possible_raramuri_profile_signal,medium_machine_signal,2,1.5769,0.0,toruke,1,0.833,False,not_assessed
RHD-RTRI-000455,RHD-RSPAN-001230,RHD-S1809-01456,Verſcharrt,Tóuke,touke,348,possible_raramuri_profile_signal,medium_machine_signal,2,1.5769,0.0,toruke,1,0.833,False,not_assessed
RHD-RTRI-000456,RHD-RSPAN-000677,RHD-S1809-00811,Köſtlich,Kochkagámeke,kochkagameke,327,possible_raramuri_profile_signal,medium_machine_signal,2,1.5674,0.0,kachkagameke,1,0.917,False,not_assessed
RHD-RTRI-000457,RHD-RSPAN-000043,RHD-S1809-00081,Alſo,simi-gó,simi-go,302,possible_raramuri_profile_signal,medium_machine_signal,2,1.5631,0.0,simigo,1,0.857,False,not_assessed
RHD-RTRI-000458,RHD-RSPAN-000964,RHD-S1809-01148,Schürze,Guíſma,guisma,340,possible_raramuri_profile_signal,medium_machine_signal,2,1.5477,0.0,guilma,1,0.833,False,not_assessed
RHD-RTRI-000459,RHD-RSPAN-001094,RHD-S1809-01285,Stoßen,Nachkibú,nachkibu,344,possible_raramuri_profile_signal,medium_machine_signal,2,1.5429,0.0,nachkibi,1,0.875,False,not_assessed
RHD-RTRI-000460,RHD-RSPAN-000110,RHD-S1809-00168,Balke,Khutegáca,khutegaca,306,possible_raramuri_profile_signal,medium_machine_signal,2,1.5387,0.0,khutagala,2,0.778,False,not_assessed
RHD-RTRI-000461,RHD-RSPAN-000718,RHD-S1809-00863,Latte,Khutegáca,khutegaca,328,possible_raramuri_profile_signal,medium_machine_signal,2,1.5387,0.0,khutagala,2,0.778,False,not_assessed
RHD-RTRI-000462,RHD-RSPAN-001019,RHD-S1809-01206,Sohle,Guaraſcha,guarascha,341,possible_raramuri_profile_signal,medium_machine_signal,2,1.5304,0.0,guaratscha,1,0.9,False,not_assessed
RHD-RTRI-000463,RHD-RSPAN-000096,RHD-S1809-00144,Aufſpielen,Taá,taa,304,possible_raramuri_profile_signal,medium_machine_signal,2,1.5304,0.0,tala,1,0.75,False,not_assessed
RHD-RTRI-000464,RHD-RSPAN-000578,RHD-S1809-00728,Hobeln,Maſſiſi,massisi,325,possible_raramuri_profile_signal,medium_machine_signal,2,1.5238,0.0,massisipoa,3,0.7,False,not_assessed
RHD-RTRI-000465,RHD-RSPAN-000256,RHD-S1809-00331,Dieſer,igóſela,igosela,312,possible_raramuri_profile_signal,medium_machine_signal,2,1.5108,0.0,igossela,1,0.875,False,not_assessed
RHD-RTRI-000466,RHD-RSPAN-001073,RHD-S1809-01267,Stein,tecubírameke,tecubirameke,344,possible_raramuri_profile_signal,medium_machine_signal,2,1.5011,0.0,teculuameke,3,0.75,False,not_assessed
RHD-RTRI-000467,RHD-RSPAN-001286,RHD-S1809-01496,Voll,Potichirue,potichirue,349,possible_raramuri_profile_signal,medium_machine_signal,2,1.4945,0.0,potschiruc,2,0.8,False,not_assessed
RHD-RTRI-000468,RHD-RSPAN-000796,RHD-S1809-00953,Müſſen,Méla,mela,332,possible_raramuri_profile_signal,medium_machine_signal,2,1.4928,0.0,mea,1,0.75,False,not_assessed
RHD-RTRI-000469,RHD-RSPAN-001023,RHD-S1809-01211,Sollen,Mela,mela,342,possible_raramuri_profile_signal,medium_machine_signal,2,1.4928,0.0,mea,1,0.75,False,not_assessed
RHD-RTRI-000470,RHD-RSPAN-001055,RHD-S1809-01250,Sprechen,Neóka,neoka,343,possible_raramuri_profile_signal,medium_machine_signal,2,1.4864,0.0,neoca,1,0.8,False,not_assessed
RHD-RTRI-000471,RHD-RSPAN-001388,RHD-S1809-01583,Zange,Naſſita,nassita,351,possible_raramuri_profile_signal,medium_machine_signal,2,1.4768,0.0,nassila,1,0.857,False,not_assessed
RHD-RTRI-000472,RHD-RSPAN-000406,RHD-S1809-00521,Flüßig,Maniameke,maniameke,318,possible_raramuri_profile_signal,medium_machine_signal,2,1.4758,0.0,mukijameke,3,0.7,False,not_assessed
RHD-RTRI-000473,RHD-RSPAN-001234,RHD-S1809-01459,Verſchneiden,Pitichabürameke,pitichaburameke,348,possible_raramuri_profile_signal,medium_machine_signal,2,1.4741,0.0,pitschaburameke,1,0.933,False,not_assessed
RHD-RTRI-000474,RHD-RSPAN-000702,RHD-S1809-00841,Kuh,Vácaschi,vacaschi,328,possible_raramuri_profile_signal,medium_machine_signal,2,1.4683,0.0,vacalchi,1,0.875,False,not_assessed
RHD-RTRI-000475,RHD-RSPAN-000308,RHD-S1809-00397,Einkehren,Sinépi,sinepi,314,possible_raramuri_profile_signal,medium_machine_signal,2,1.4611,0.0,sinevi,1,0.833,False,not_assessed
RHD-RTRI-000476,RHD-RSPAN-000376,RHD-S1809-00476,Feder,Masháca,mashaca,316,possible_raramuri_profile_signal,medium_machine_signal,2,1.4602,0.0,mataca,2,0.714,False,not_assessed
RHD-RTRI-000477,RHD-RSPAN-000978,RHD-S1809-01165,Schwungfeder,Masháca,mashaca,340,possible_raramuri_profile_signal,medium_machine_signal,2,1.4602,0.0,mataca,2,0.714,False,not_assessed
RHD-RTRI-000478,RHD-RSPAN-000362,RHD-S1809-00457,Eſel,Mára,mara,315,possible_raramuri_profile_signal,medium_machine_signal,2,1.4337,0.0,maga,1,0.75,False,not_assessed
RHD-RTRI-000479,RHD-RSPAN-001158,RHD-S1809-01363,Umarmen,Corilúcu,corilucu,346,possible_raramuri_profile_signal,medium_machine_signal,2,1.4321,0.0,corilicu,1,0.875,False,not_assessed
RHD-RTRI-000480,RHD-RSPAN-000508,RHD-S1809-00643,Greis,Otſchérameke,otscherameke,322,possible_raramuri_profile_signal,medium_machine_signal,2,1.4272,0.0,otisherameke,2,0.833,False,not_assessed
RHD-RTRI-000481,RHD-RSPAN-000884,RHD-S1809-01061,Säen,echtſámela,echtsamela,338,possible_raramuri_profile_signal,medium_machine_signal,2,1.4251,0.0,echsamela,1,0.9,False,not_assessed
RHD-RTRI-000482,RHD-RSPAN-000970,RHD-S1809-01157,Schwermüthig,Teſſi uáti,tessi uati,340,possible_raramuri_profile_signal,medium_machine_signal,2,1.4247,0.0,telsiguati,2,0.8,False,not_assessed
RHD-RTRI-000483,RHD-RSPAN-000572,RHD-S1809-00720,Hinaus jagen,Matſchina,matschina,324,possible_raramuri_profile_signal,medium_machine_signal,2,1.4181,0.0,matschi,2,0.778,False,not_assessed
RHD-RTRI-000484,RHD-RSPAN-001011,RHD-S1809-01199,Sieden,baſſúba,bassuba,341,possible_raramuri_profile_signal,medium_machine_signal,2,1.4054,0.0,balsiba,2,0.714,False,not_assessed
RHD-RTRI-000485,RHD-RSPAN-000356,RHD-S1809-00448,Erwecken,puſá,pusa,315,possible_raramuri_profile_signal,medium_machine_signal,2,1.4052,0.0,pua,1,0.75,False,not_assessed
RHD-RTRI-000486,RHD-RSPAN-000179,RHD-S1809-00243,Bein,Hoſchila,hoschila,308,possible_raramuri_profile_signal,medium_machine_signal,2,1.4034,0.0,hotschila,1,0.889,False,not_assessed
RHD-RTRI-000487,RHD-RSPAN-000439,RHD-S1809-00565,Gebein,Hoſchíla,hoschila,319,possible_raramuri_profile_signal,medium_machine_signal,2,1.4034,0.0,hotschila,1,0.889,False,not_assessed
RHD-RTRI-000488,RHD-RSPAN-000826,RHD-S1809-00984,Oben,Móba,moba,334,possible_raramuri_profile_signal,medium_machine_signal,2,1.391,0.0,mola,1,0.75,False,not_assessed
RHD-RTRI-000489,RHD-RSPAN-001155,RHD-S1809-01357,Ueber,Móba,moba,346,possible_raramuri_profile_signal,medium_machine_signal,2,1.391,0.0,mola,1,0.75,False,not_assessed
RHD-RTRI-000490,RHD-RSPAN-000115,RHD-S1809-00171,Bändigen,Neniruje,neniruje,306,possible_raramuri_profile_signal,medium_machine_signal,2,1.3888,0.0,noliruje,2,0.75,False,not_assessed
RHD-RTRI-000491,RHD-RSPAN-000089,RHD-S1809-00137,Aufbinden,Boranéameke,boraneameke,304,possible_raramuri_profile_signal,medium_machine_signal,2,1.3852,0.0,bajeameke,3,0.727,False,not_assessed
RHD-RTRI-000492,RHD-RSPAN-000575,RHD-S1809-00724,Hinüber,Paugud,paugud,324,possible_raramuri_profile_signal,medium_machine_signal,2,1.385,0.0,pauguo,1,0.833,False,not_assessed
RHD-RTRI-000493,RHD-RSPAN-001000,RHD-S1809-01189,Seligmachen,Ganileráje,ganileraje,341,possible_raramuri_profile_signal,medium_machine_signal,2,1.3847,0.0,ganileruje,1,0.9,False,not_assessed
RHD-RTRI-000494,RHD-RSPAN-000954,RHD-S1809-01138,Schöpfer,Nerejámeke,nerejameke,339,possible_raramuri_profile_signal,medium_machine_signal,2,1.3821,0.0,neteijameke,2,0.818,False,not_assessed
RHD-RTRI-000495,RHD-RSPAN-000142,RHD-S1809-00205,Begraben,Tókuke,tokuke,308,possible_raramuri_profile_signal,medium_machine_signal,2,1.3766,0.0,toruke,1,0.833,False,not_assessed
RHD-RTRI-000496,RHD-RSPAN-001068,RHD-S1809-01266,Steigen,Tepané,tepane,344,possible_raramuri_profile_signal,medium_machine_signal,2,1.3729,0.0,tepabe,1,0.833,False,not_assessed
RHD-RTRI-000497,RHD-RSPAN-001431,RHD-S1809-01614,Zugehören,kueputiela,kueputiela,352,possible_raramuri_profile_signal,medium_machine_signal,2,1.3695,0.0,kueputsela,1,0.9,False,not_assessed
RHD-RTRI-000498,RHD-RSPAN-000628,RHD-S1809-00758,Ich,negótle,negotle,326,possible_raramuri_profile_signal,medium_machine_signal,2,1.3628,0.0,nagotse,2,0.714,False,not_assessed
RHD-RTRI-000499,RHD-RSPAN-000343,RHD-S1809-00440,Ernähren,Nutútuje,nututuje,315,possible_raramuri_profile_signal,medium_machine_signal,2,1.3596,0.0,natutuje,1,0.875,False,not_assessed
RHD-RTRI-000500,RHD-RSPAN-000813,RHD-S1809-00969,Nähren,Nutútuje,nututuje,333,possible_raramuri_profile_signal,medium_machine_signal,2,1.3596,0.0,natutuje,1,0.875,False,not_assessed
RHD-RTRI-000501,RHD-RSPAN-000800,RHD-S1809-00957,Müßig,Nalſinäe,nalsinae,332,possible_raramuri_profile_signal,medium_machine_signal,2,1.3562,0.0,nassinae,1,0.875,False,not_assessed
RHD-RTRI-000502,RHD-RSPAN-000969,RHD-S1809-01155,Schweigen,Mutſcná,mutscna,340,possible_raramuri_profile_signal,medium_machine_signal,2,1.3486,0.0,mutscha,1,0.857,False,not_assessed
RHD-RTRI-000503,RHD-RSPAN-000767,RHD-S1809-00923,Melken,Pavolé,pavole,331,possible_raramuri_profile_signal,medium_machine_signal,2,1.3478,0.0,patolle,2,0.714,False,not_assessed
RHD-RTRI-000504,RHD-RSPAN-000165,RHD-S1809-00233,Berühren,Noſá,nosa,308,possible_raramuri_profile_signal,medium_machine_signal,2,1.3473,0.0,noisa,1,0.8,False,not_assessed
RHD-RTRI-000505,RHD-RSPAN-000188,RHD-S1809-00264,Bezahlen,Nachitutuja,nachitutuja,309,possible_raramuri_profile_signal,medium_machine_signal,2,1.3423,0.0,nachtetuje,3,0.727,False,not_assessed
RHD-RTRI-000506,RHD-RSPAN-000341,RHD-S1809-00438,Ermüden,Leſi,lesi,315,possible_raramuri_profile_signal,medium_machine_signal,2,1.3287,0.0,lessi,1,0.8,False,not_assessed
RHD-RTRI-000507,RHD-RSPAN-000213,RHD-S1809-00295,Brechen,caſſinale,cassinale,310,possible_raramuri_profile_signal,medium_machine_signal,2,1.3024,0.0,caisinale,1,0.889,False,not_assessed
RHD-RTRI-000508,RHD-RSPAN-001402,RHD-S1809-01593,Zerbrechen,Caſſinale,cassinale,352,possible_raramuri_profile_signal,medium_machine_signal,2,1.3024,0.0,caisinale,1,0.889,False,not_assessed
RHD-RTRI-000509,RHD-RSPAN-000423,RHD-S1809-00548,Für,ichétaje mú jolála,ichetaje mu jolala,319,possible_raramuri_profile_signal,medium_machine_signal,2,1.2994,0.0,itschiguajameke,5,0.722,False,not_assessed
RHD-RTRI-000510,RHD-RSPAN-000519,RHD-S1809-00652,Groß,Gu-lu,gu-lu,323,possible_raramuri_profile_signal,medium_machine_signal,2,1.2977,0.0,guelu,1,0.8,False,not_assessed
RHD-RTRI-000511,RHD-RSPAN-000958,RHD-S1809-01142,Schreiten,Hoje Simi,hoje simi,340,possible_raramuri_profile_signal,medium_machine_signal,3,1.6726,0.0,haagameke,5,0.444,False,not_assessed
RHD-RTRI-000512,RHD-RSPAN-001270,RHD-S1809-01488,Vierzehn,ekipu mú taraca,ekipu mu taraca,349,possible_raramuri_profile_signal,medium_machine_signal,3,1.6723,0.0,etschaguoameke,5,0.667,False,not_assessed
RHD-RTRI-000513,RHD-RSPAN-001171,RHD-S1809-01380,Ungern,Tá elájo,ta elajo,347,possible_raramuri_profile_signal,medium_machine_signal,3,1.663,0.0,tabelaca,3,0.625,False,not_assessed
RHD-RTRI-000514,RHD-RSPAN-001354,RHD-S1809-01550,Willen,ta elájo,ta elajo,351,possible_raramuri_profile_signal,medium_machine_signal,3,1.663,0.0,tabelaca,3,0.625,False,not_assessed
RHD-RTRI-000515,RHD-RSPAN-000853,RHD-S1809-01015,Poſſen treiben,Teétſa,teetsa,336,possible_raramuri_profile_signal,medium_machine_signal,3,1.6629,0.0,teea,2,0.667,False,not_assessed
RHD-RTRI-000516,RHD-RSPAN-001169,RHD-S1809-01378,Ungebahnt,Tá póviruk,ta poviruk,347,possible_raramuri_profile_signal,medium_machine_signal,3,1.6615,0.0,t-fligua,5,0.5,False,not_assessed
RHD-RTRI-000517,RHD-RSPAN-001190,RHD-S1809-01403,Unwegſam,Tá povirúk,ta poviruk,347,possible_raramuri_profile_signal,medium_machine_signal,3,1.6615,0.0,t-fligua,5,0.5,False,not_assessed
RHD-RTRI-000518,RHD-RSPAN-001221,RHD-S1809-01445,Verleihen,Tapaní,tapani,348,possible_raramuri_profile_signal,medium_machine_signal,3,1.6572,0.0,tabano,2,0.667,False,not_assessed
RHD-RTRI-000519,RHD-RSPAN-001242,RHD-S1809-01474,Verwunden,Tapaní,tapani,348,possible_raramuri_profile_signal,medium_machine_signal,3,1.6572,0.0,tabano,2,0.667,False,not_assessed
RHD-RTRI-000520,RHD-RSPAN-000374,RHD-S1809-00474,Faulenzen,Mujáianeke,mujaianeke,316,possible_raramuri_profile_signal,medium_machine_signal,3,1.6556,0.0,mukijameke,4,0.6,False,not_assessed
RHD-RTRI-000521,RHD-RSPAN-001008,RHD-S1809-01197,Siebenzig,Kitſaóſſa macóék,kitsaossa macoek,341,possible_raramuri_profile_signal,medium_machine_signal,3,1.6549,0.0,kibelaguitaje,5,0.688,False,not_assessed
RHD-RTRI-000522,RHD-RSPAN-001050,RHD-S1809-01238,Spielplatz,Uläma,ulama,343,possible_raramuri_profile_signal,medium_machine_signal,3,1.6518,0.0,uipaca,3,0.5,False,not_assessed
RHD-RTRI-000523,RHD-RSPAN-001177,RHD-S1809-01386,Unmöglich,ta jekitſi hüccu,ta jekitsi huccu,347,possible_raramuri_profile_signal,medium_machine_signal,3,1.6488,0.0,ta guetsi joma,5,0.688,False,not_assessed
RHD-RTRI-000524,RHD-RSPAN-001222,RHD-S1809-01446,Verlieren,Amí,ami,348,possible_raramuri_profile_signal,medium_machine_signal,3,1.6417,0.0,ali,1,0.667,False,not_assessed
RHD-RTRI-000525,RHD-RSPAN-000164,RHD-S1809-00231,Berichten,Metſchíruje,metschiruje,308,possible_raramuri_profile_signal,medium_machine_signal,3,1.6405,0.0,massisipoa,5,0.545,False,not_assessed
RHD-RTRI-000526,RHD-RSPAN-000788,RHD-S1809-00953,Müſſen,Hokíboa,hokiboa,332,possible_raramuri_profile_signal,medium_machine_signal,3,1.6392,0.0,hiaga,4,0.429,False,not_assessed
RHD-RTRI-000527,RHD-RSPAN-001303,RHD-S1809-01510,Wachtel,Tſele óli,tsele oli,349,possible_raramuri_profile_signal,medium_machine_signal,3,1.6384,0.0,telegona,4,0.556,False,not_assessed
RHD-RTRI-000528,RHD-RSPAN-000124,RHD-S1809-00184,Bauchgrimmen haben,rapatſchi né cocolá,rapatschi ne cocola,307,possible_raramuri_profile_signal,medium_machine_signal,3,1.6334,0.0,,,0.0,False,not_assessed
RHD-RTRI-000529,RHD-RSPAN-000629,RHD-S1809-00758,Ich,negótlela,negotlela,326,possible_raramuri_profile_signal,medium_machine_signal,3,1.6253,0.0,nagotse,4,0.556,False,not_assessed
RHD-RTRI-000530,RHD-RSPAN-001311,RHD-S1809-01518,Warm,Rachtágameke,rachtagameke,350,possible_raramuri_profile_signal,medium_machine_signal,3,1.6243,0.0,racheliki,5,0.583,False,not_assessed
RHD-RTRI-000531,RHD-RSPAN-000284,RHD-S1809-00367,Ehe als,taló tajenálago,talo tajenalago,313,possible_raramuri_profile_signal,medium_machine_signal,3,1.6204,0.0,ta guetsi joma,5,0.667,False,not_assessed
RHD-RTRI-000532,RHD-RSPAN-000840,RHD-S1809-00994,Packen,Seguí ſimáſi,segui simasi,334,possible_raramuri_profile_signal,medium_machine_signal,3,1.6196,0.0,saateameke,5,0.583,False,not_assessed
RHD-RTRI-000533,RHD-RSPAN-000564,RHD-S1809-00715,Hinabſteigen,Tele ſimí,tele simi,324,possible_raramuri_profile_signal,medium_machine_signal,3,1.6182,0.0,telesi,3,0.667,False,not_assessed
RHD-RTRI-000534,RHD-RSPAN-000272,RHD-S1809-00348,Dreyſſig,Baicá macoëk,baica macoek,313,possible_raramuri_profile_signal,medium_machine_signal,3,1.6181,0.0,bacaguaca,5,0.583,False,not_assessed
RHD-RTRI-000535,RHD-RSPAN-000557,RHD-S1809-00706,Heurathen,Tehöje muki tſchapirujehia,tehoje muki tschapirujehia,324,possible_raramuri_profile_signal,medium_machine_signal,3,1.6098,0.0,,,0.0,False,not_assessed
RHD-RTRI-000536,RHD-RSPAN-000566,RHD-S1809-00717,Hinaufſteigen,Tepa nè ſimí,tepa ne simi,324,possible_raramuri_profile_signal,medium_machine_signal,3,1.6072,0.0,ta guetsi joma,5,0.643,False,not_assessed
RHD-RTRI-000537,RHD-RSPAN-001071,RHD-S1809-01267,Stein,Tecavolátſchic,tecavolatschic,344,possible_raramuri_profile_signal,medium_machine_signal,3,1.6038,0.0,ta guetsi joma,5,0.643,False,not_assessed
RHD-RTRI-000538,RHD-RSPAN-000955,RHD-S1809-01139,Schöps,Touguá pitichabúrameke,tougua pitichaburameke,340,possible_raramuri_profile_signal,medium_machine_signal,3,1.6005,0.0,,,0.0,False,not_assessed
RHD-RTRI-000539,RHD-RSPAN-001164,RHD-S1809-01373,Unbeweglich,Tá nokiſati,ta nokisati,347,possible_raramuri_profile_signal,medium_machine_signal,3,1.5996,0.0,t-fligua,5,0.545,False,not_assessed
RHD-RTRI-000540,RHD-RSPAN-000023,RHD-S1809-00017,Adler,Guaqué,guaque,301,possible_raramuri_profile_signal,medium_machine_signal,3,1.5982,0.0,guagua,2,0.667,False,not_assessed
RHD-RTRI-000541,RHD-RSPAN-001448,RHD-S1809-01624,Zuſammenfallen,Napeáru,napearu,352,possible_raramuri_profile_signal,medium_machine_signal,3,1.5967,0.0,napa,3,0.571,False,not_assessed
RHD-RTRI-000542,RHD-RSPAN-000635,RHD-S1809-00758,Ich,retſchijega,retschijega,326,possible_raramuri_profile_signal,medium_machine_signal,3,1.5962,0.0,racheliki,5,0.545,False,not_assessed
RHD-RTRI-000543,RHD-RSPAN-001450,RHD-S1809-01630,Zuſammennähen,Lihuála,lihuala,352,possible_raramuri_profile_signal,medium_machine_signal,3,1.5911,0.0,lala,3,0.571,False,not_assessed
RHD-RTRI-000544,RHD-RSPAN-000598,RHD-S1809-00742,Hülſenfrucht,Muni tſchiperámeke,muni tschiperameke,325,possible_raramuri_profile_signal,medium_machine_signal,3,1.5754,0.0,,,0.0,False,not_assessed
RHD-RTRI-000545,RHD-RSPAN-000549,RHD-S1809-00697,Hertragen,Ca tò,ca to,324,possible_raramuri_profile_signal,medium_machine_signal,3,1.5738,0.0,caita,2,0.6,False,not_assessed
RHD-RTRI-000546,RHD-RSPAN-001007,RHD-S1809-01195,Siebenzehn,Macóék ámoba kitſaóco,macoek amoba kitsaoco,341,possible_raramuri_profile_signal,medium_machine_signal,3,1.5725,0.0,,,0.0,False,not_assessed
RHD-RTRI-000547,RHD-RSPAN-000014,RHD-S1809-00011,Abwaſchen,Pagota,pagota,301,possible_raramuri_profile_signal,medium_machine_signal,3,1.5694,0.0,paa,3,0.5,False,not_assessed
RHD-RTRI-000548,RHD-RSPAN-001128,RHD-S1809-01324,Taufen,Pagóta,pagota,346,possible_raramuri_profile_signal,medium_machine_signal,3,1.5694,0.0,paa,3,0.5,False,not_assessed
RHD-RTRI-000549,RHD-RSPAN-001316,RHD-S1809-01522,Waſchen,Pagóta,pagota,350,possible_raramuri_profile_signal,medium_machine_signal,3,1.5694,0.0,paa,3,0.5,False,not_assessed
RHD-RTRI-000550,RHD-RSPAN-000421,RHD-S1809-00547,Fünfzehn,Macoék ámoba malíki,macoek amoba maliki,319,possible_raramuri_profile_signal,medium_machine_signal,3,1.5689,0.0,,,0.0,False,not_assessed
RHD-RTRI-000551,RHD-RSPAN-000301,RHD-S1809-00389,Eingebohrner,Ibe jaſſameke,ibe jassameke,313,possible_raramuri_profile_signal,medium_machine_signal,3,1.568,0.0,ibe hoinela,5,0.615,False,not_assessed
RHD-RTRI-000552,RHD-RSPAN-000504,RHD-S1809-00639,Graben,Hómela,homela,322,possible_raramuri_profile_signal,medium_machine_signal,3,1.56,0.0,hipela,2,0.667,False,not_assessed
RHD-RTRI-000553,RHD-RSPAN-000553,RHD-S1809-00705,Heurath,Tſchapirügelilä,tschapirugelila,324,possible_raramuri_profile_signal,medium_machine_signal,3,1.5597,0.0,ta guetsi joma,5,0.667,False,not_assessed
RHD-RTRI-000554,RHD-RSPAN-000583,RHD-S1809-00730,Hochzeit,Tſchapirügélila,tschapirugelila,325,possible_raramuri_profile_signal,medium_machine_signal,3,1.5597,0.0,ta guetsi joma,5,0.667,False,not_assessed
RHD-RTRI-000555,RHD-RSPAN-000568,RHD-S1809-00718,Hinaus,Tanè matſchi,tane matschi,324,possible_raramuri_profile_signal,medium_machine_signal,3,1.5562,0.0,ta guetsi joma,5,0.643,False,not_assessed
RHD-RTRI-000556,RHD-RSPAN-000981,RHD-S1809-01168,Sechſter,Puſaniaje,pusaniaje,340,possible_raramuri_profile_signal,medium_machine_signal,3,1.5524,0.0,puaniki,4,0.556,False,not_assessed
RHD-RTRI-000557,RHD-RSPAN-001442,RHD-S1809-01622,Zurück,becú ne naguá,becu ne nagua,352,possible_raramuri_profile_signal,medium_machine_signal,3,1.5371,0.0,bacalatschi,5,0.615,False,not_assessed
RHD-RTRI-000558,RHD-RSPAN-000536,RHD-S1809-00676,Heiſſen,Aatſchi mü reguéke,aatschi mu regueke,324,possible_raramuri_profile_signal,medium_machine_signal,3,1.5355,0.0,,,0.0,False,not_assessed
RHD-RTRI-000559,RHD-RSPAN-000831,RHD-S1809-00988,Oft,ékiſá,ekisa,334,possible_raramuri_profile_signal,medium_machine_signal,3,1.5338,0.0,eki,2,0.6,False,not_assessed
RHD-RTRI-000560,RHD-RSPAN-000597,RHD-S1809-00742,Hülſenfrucht,Muni cavolámeke,muni cavolameke,325,possible_raramuri_profile_signal,medium_machine_signal,3,1.5321,0.0,melirugameke,5,0.667,False,not_assessed
RHD-RTRI-000561,RHD-RSPAN-000966,RHD-S1809-01151,Schwamm,Caſſó,casso,340,possible_raramuri_profile_signal,medium_machine_signal,3,1.5312,0.0,caita,3,0.4,False,not_assessed
RHD-RTRI-000562,RHD-RSPAN-000617,RHD-S1809-00756,Jahr,Oſſá macoék pami,ossa macoek pami,325,possible_raramuri_profile_signal,medium_machine_signal,3,1.5225,0.0,ossanaguoameke,5,0.688,False,not_assessed
RHD-RTRI-000563,RHD-RSPAN-000615,RHD-S1809-00756,Jahr,mali pami,mali pami,325,possible_raramuri_profile_signal,medium_machine_signal,3,1.521,0.0,maguali,5,0.444,False,not_assessed
RHD-RTRI-000564,RHD-RSPAN-001262,RHD-S1809-01482,Vier,Naguó tlele,naguo tlele,348,possible_raramuri_profile_signal,medium_machine_signal,3,1.5108,0.0,nachcala,5,0.545,False,not_assessed
RHD-RTRI-000565,RHD-RSPAN-000358,RHD-S1809-00451,Erweitern,Guelubé né jolá,guelube ne jola,315,possible_raramuri_profile_signal,medium_machine_signal,3,1.5102,0.0,gala ta simega,5,0.667,False,not_assessed
RHD-RTRI-000566,RHD-RSPAN-000052,RHD-S1809-00097,Anhäufen,Napaviruchi,napaviruchi,302,possible_raramuri_profile_signal,medium_machine_signal,3,1.5044,0.0,nachcala,5,0.545,False,not_assessed
RHD-RTRI-000567,RHD-RSPAN-001301,RHD-S1809-01506,Vorſchicken,Batlá né hulá,batla ne hula,349,possible_raramuri_profile_signal,medium_machine_signal,3,1.5008,0.0,bacalatschi,5,0.615,False,not_assessed
RHD-RTRI-000568,RHD-RSPAN-000243,RHD-S1809-00323,Denken,Majé,maje,312,possible_raramuri_profile_signal,medium_machine_signal,3,1.4972,0.0,maga,2,0.5,False,not_assessed
RHD-RTRI-000569,RHD-RSPAN-000300,RHD-S1809-00388,"Einbilden, ſich",Majé,maje,313,possible_raramuri_profile_signal,medium_machine_signal,3,1.4972,0.0,maga,2,0.5,False,not_assessed
RHD-RTRI-000570,RHD-RSPAN-000445,RHD-S1809-00574,Gedenken,Majé,maje,320,possible_raramuri_profile_signal,medium_machine_signal,3,1.4972,0.0,maga,2,0.5,False,not_assessed
RHD-RTRI-000571,RHD-RSPAN-000765,RHD-S1809-00920,Meinen,Majé,maje,331,possible_raramuri_profile_signal,medium_machine_signal,3,1.4972,0.0,maga,2,0.5,False,not_assessed
RHD-RTRI-000572,RHD-RSPAN-001196,RHD-S1809-01410,Urtheilen,Májé,maje,347,possible_raramuri_profile_signal,medium_machine_signal,3,1.4972,0.0,maga,2,0.5,False,not_assessed
RHD-RTRI-000573,RHD-RSPAN-001225,RHD-S1809-01449,Vermeinen,Majé,maje,348,possible_raramuri_profile_signal,medium_machine_signal,3,1.4972,0.0,maga,2,0.5,False,not_assessed
RHD-RTRI-000574,RHD-RSPAN-001357,RHD-S1809-01555,Wohin,Cabúna,cabuna,351,possible_raramuri_profile_signal,medium_machine_signal,3,1.4964,0.0,cajena,2,0.667,False,not_assessed
RHD-RTRI-000575,RHD-RSPAN-001367,RHD-S1809-01563,Wozu,Cabúna,cabuna,351,possible_raramuri_profile_signal,medium_machine_signal,3,1.4964,0.0,cajena,2,0.667,False,not_assessed
RHD-RTRI-000576,RHD-RSPAN-001054,RHD-S1809-01249,Sprachlos,Tá neóka,ta neoka,343,possible_raramuri_profile_signal,medium_machine_signal,3,1.4925,0.0,taiteke,4,0.5,False,not_assessed
RHD-RTRI-000577,RHD-RSPAN-001077,RHD-S1809-01267,Stein,Teuílitſchic,teuilitschic,344,possible_raramuri_profile_signal,medium_machine_signal,3,1.4914,0.0,ta guetsi joma,5,0.643,False,not_assessed
RHD-RTRI-000578,RHD-RSPAN-001294,RHD-S1809-01500,Vorangehen,Batlá né ſimi,batla ne simi,349,possible_raramuri_profile_signal,medium_machine_signal,3,1.4914,0.0,bacalatschi,5,0.615,False,not_assessed
RHD-RTRI-000579,RHD-RSPAN-001274,RHD-S1809-01489,Vierzehnmal,Macoëéſſa ámoba naguóco,macoeessa amoba naguoco,349,possible_raramuri_profile_signal,medium_machine_signal,3,1.4853,0.0,,,0.0,False,not_assessed
RHD-RTRI-000580,RHD-RSPAN-000137,RHD-S1809-00200,Befruchten,Samíruje,samiruje,308,possible_raramuri_profile_signal,medium_machine_signal,3,1.4825,0.0,satuje,3,0.625,False,not_assessed
RHD-RTRI-000581,RHD-RSPAN-000140,RHD-S1809-00204,Begießen,Samíruje,samiruje,308,possible_raramuri_profile_signal,medium_machine_signal,3,1.4825,0.0,satuje,3,0.625,False,not_assessed
RHD-RTRI-000582,RHD-RSPAN-000160,RHD-S1809-00226,Benetzen,Samíruje,samiruje,308,possible_raramuri_profile_signal,medium_machine_signal,3,1.4825,0.0,satuje,3,0.625,False,not_assessed
RHD-RTRI-000583,RHD-RSPAN-000558,RHD-S1809-00706,Heurathen,Tehöje tſchapi,tehoje tschapi,324,possible_raramuri_profile_signal,medium_machine_signal,3,1.482,0.0,ta guetsi joma,5,0.643,False,not_assessed
RHD-RTRI-000584,RHD-RSPAN-000108,RHD-S1809-00167,Balgen,Nakója,nakoja,306,possible_raramuri_profile_signal,medium_machine_signal,3,1.4721,0.0,natoia,2,0.667,False,not_assessed
RHD-RTRI-000585,RHD-RSPAN-000694,RHD-S1809-00834,Kriegen,Nakója,nakoja,328,possible_raramuri_profile_signal,medium_machine_signal,3,1.4721,0.0,natoia,2,0.667,False,not_assessed
RHD-RTRI-000586,RHD-RSPAN-000856,RHD-S1809-01026,Raufen,Nakója,nakoja,336,possible_raramuri_profile_signal,medium_machine_signal,3,1.4721,0.0,natoia,2,0.667,False,not_assessed
RHD-RTRI-000587,RHD-RSPAN-000587,RHD-S1809-00733,Hohl,Hötuke,hotuke,325,possible_raramuri_profile_signal,medium_machine_signal,3,1.4707,0.0,hatuca,3,0.5,False,not_assessed
RHD-RTRI-000588,RHD-RSPAN-000103,RHD-S1809-00159,Backſtube,Temaſeali,temaseali,306,possible_raramuri_profile_signal,medium_machine_signal,3,1.4686,0.0,tomalcali,3,0.667,False,not_assessed
RHD-RTRI-000589,RHD-RSPAN-001322,RHD-S1809-01527,Weder,Ke tſchigo,ke tschigo,350,possible_raramuri_profile_signal,medium_machine_signal,3,1.4579,0.0,kachela,5,0.5,False,not_assessed
RHD-RTRI-000590,RHD-RSPAN-000107,RHD-S1809-00165,Bald,Hiá,hia,306,possible_raramuri_profile_signal,medium_machine_signal,3,1.4536,0.0,haa,1,0.667,False,not_assessed
RHD-RTRI-000591,RHD-RSPAN-000415,RHD-S1809-00541,Friſch,hiá,hia,319,possible_raramuri_profile_signal,medium_machine_signal,3,1.4536,0.0,haa,1,0.667,False,not_assessed
RHD-RTRI-000592,RHD-RSPAN-000476,RHD-S1809-00599,Geſchwind,Hiá,hia,320,possible_raramuri_profile_signal,medium_machine_signal,3,1.4536,0.0,haa,1,0.667,False,not_assessed
RHD-RTRI-000593,RHD-RSPAN-000538,RHD-S1809-00676,Heiſſen,Juán nè reguéke,juan ne regueke,324,possible_raramuri_profile_signal,medium_machine_signal,3,1.453,0.0,jumajumajameke,5,0.667,False,not_assessed
RHD-RTRI-000594,RHD-RSPAN-000544,RHD-S1809-00684,Herausgehen,Matſchi nè ſimí,matschi ne simi,324,possible_raramuri_profile_signal,medium_machine_signal,3,1.4482,0.0,melirugameke,5,0.667,False,not_assessed
RHD-RTRI-000595,RHD-RSPAN-000570,RHD-S1809-00719,Hinausgehen,Matſchi nè ſimí,matschi ne simi,324,possible_raramuri_profile_signal,medium_machine_signal,3,1.4482,0.0,melirugameke,5,0.667,False,not_assessed
RHD-RTRI-000596,RHD-RSPAN-000852,RHD-S1809-01013,Pinſel,Kupáca,kupaca,336,possible_raramuri_profile_signal,medium_machine_signal,3,1.4402,0.0,kiaca,2,0.667,False,not_assessed
RHD-RTRI-000597,RHD-RSPAN-000470,RHD-S1809-00596,Geſchehen,jolárupa,jolarupa,320,possible_raramuri_profile_signal,medium_machine_signal,3,1.4352,0.0,jumagua,4,0.5,False,not_assessed
RHD-RTRI-000598,RHD-RSPAN-000753,RHD-S1809-00895,Machen,Jolárupa,jolarupa,330,possible_raramuri_profile_signal,medium_machine_signal,3,1.4352,0.0,jumagua,4,0.5,False,not_assessed
RHD-RTRI-000599,RHD-RSPAN-001136,RHD-S1809-01330,Thun,jolárupa,jolarupa,346,possible_raramuri_profile_signal,medium_machine_signal,3,1.4352,0.0,jumagua,4,0.5,False,not_assessed
RHD-RTRI-000600,RHD-RSPAN-000605,RHD-S1809-00754,Ja,Hü jolá colanego,hu jola colanego,325,possible_raramuri_profile_signal,medium_machine_signal,3,1.4325,0.0,haleseatschic,5,0.688,False,not_assessed
RHD-RTRI-000601,RHD-RSPAN-001454,RHD-S1809-01635,Zwanzig,Oſſa macöek,ossa macoek,353,possible_raramuri_profile_signal,medium_machine_signal,3,1.4286,0.0,ossanaguessa,5,0.583,False,not_assessed
RHD-RTRI-000602,RHD-RSPAN-000756,RHD-S1809-00905,Mantel,Kemáca,kemaca,331,possible_raramuri_profile_signal,medium_machine_signal,3,1.4208,0.0,kiaca,2,0.667,False,not_assessed
RHD-RTRI-000603,RHD-RSPAN-001130,RHD-S1809-01325,Teppich,Kemáca,kemaca,346,possible_raramuri_profile_signal,medium_machine_signal,3,1.4208,0.0,kiaca,2,0.667,False,not_assessed
RHD-RTRI-000604,RHD-RSPAN-000366,RHD-S1809-00467,Fakel,Tſchopéke,tschopeke,316,possible_raramuri_profile_signal,medium_machine_signal,3,1.4114,0.0,techteke,3,0.667,False,not_assessed
RHD-RTRI-000605,RHD-RSPAN-001427,RHD-S1809-01609,Zinnen,Teteniki,teteniki,352,possible_raramuri_profile_signal,medium_machine_signal,3,1.4094,0.0,temaliki,3,0.625,False,not_assessed
RHD-RTRI-000606,RHD-RSPAN-001003,RHD-S1809-01191,Seyn,Húcu,hucu,341,possible_raramuri_profile_signal,medium_machine_signal,3,1.4053,0.0,hoca,2,0.5,False,not_assessed
RHD-RTRI-000607,RHD-RSPAN-000375,RHD-S1809-00476,Feder,Lupála,lupala,316,possible_raramuri_profile_signal,medium_machine_signal,3,1.3987,0.0,lala,2,0.667,False,not_assessed
RHD-RTRI-000608,RHD-RSPAN-001256,RHD-S1809-01480,Viel,mane eki naligue,mane eki naligue,348,possible_raramuri_profile_signal,medium_machine_signal,3,1.3969,0.0,mukiiatiameke,5,0.688,False,not_assessed
RHD-RTRI-000609,RHD-RSPAN-000634,RHD-S1809-00758,Ich,netſchi juſega,netschi jusega,326,possible_raramuri_profile_signal,medium_machine_signal,3,1.3895,0.0,nachpigualeke,5,0.643,False,not_assessed
RHD-RTRI-000610,RHD-RSPAN-001275,RHD-S1809-01490,Vierzig,Navoſſa macóek,navossa macoek,349,possible_raramuri_profile_signal,medium_machine_signal,3,1.3892,0.0,nachpigualeke,5,0.643,False,not_assessed
RHD-RTRI-000611,RHD-RSPAN-000674,RHD-S1809-00807,Können,né gá,ne ga,327,possible_raramuri_profile_signal,medium_machine_signal,3,1.3866,0.0,neoca,2,0.6,False,not_assessed
RHD-RTRI-000612,RHD-RSPAN-001438,RHD-S1809-01619,Zunamen,Hulieri reguala,hulieri reguala,352,possible_raramuri_profile_signal,medium_machine_signal,3,1.3828,0.0,haleseatschic,5,0.667,False,not_assessed
RHD-RTRI-000613,RHD-RSPAN-000614,RHD-S1809-00756,Jahr,macoék pami,macoek pami,325,possible_raramuri_profile_signal,medium_machine_signal,3,1.3787,0.0,massisipoa,5,0.545,False,not_assessed
RHD-RTRI-000614,RHD-RSPAN-001393,RHD-S1809-01586,Zehn,macoëk pami,macoek pami,352,possible_raramuri_profile_signal,medium_machine_signal,3,1.3787,0.0,massisipoa,5,0.545,False,not_assessed
RHD-RTRI-000615,RHD-RSPAN-000270,RHD-S1809-00347,Dreyzehn,Macoëk amoba baicá,macoek amoba baica,313,possible_raramuri_profile_signal,medium_machine_signal,3,1.3769,0.0,,,0.0,False,not_assessed
RHD-RTRI-000616,RHD-RSPAN-001352,RHD-S1809-01549,Wiederholen,Huli né jolá,huli ne jola,351,possible_raramuri_profile_signal,medium_machine_signal,3,1.3716,0.0,haagameke,5,0.583,False,not_assessed
RHD-RTRI-000617,RHD-RSPAN-000123,RHD-S1809-00183,Bauch,Rhopala,rhopala,307,possible_raramuri_profile_signal,medium_machine_signal,3,1.3662,0.0,r-guala,3,0.571,False,not_assessed
RHD-RTRI-000618,RHD-RSPAN-000818,RHD-S1809-00981,Nur,bealítſo,bealitso,334,possible_raramuri_profile_signal,medium_machine_signal,3,1.3628,0.0,baissa,4,0.5,False,not_assessed
RHD-RTRI-000619,RHD-RSPAN-000172,RHD-S1809-00241,Beſitzen,hámú buketſá,hamu buketsa,308,possible_raramuri_profile_signal,medium_machine_signal,3,1.3604,0.0,haagameke,5,0.583,False,not_assessed
RHD-RTRI-000620,RHD-RSPAN-000622,RHD-S1809-00757,Jahrhundert,Macöék macöéſſa pami,macoek macoessa pami,326,possible_raramuri_profile_signal,medium_machine_signal,3,1.3587,0.0,,,0.0,False,not_assessed
RHD-RTRI-000621,RHD-RSPAN-000924,RHD-S1809-01106,Scherzen,te ejá,te eja,338,possible_raramuri_profile_signal,medium_machine_signal,3,1.3578,0.0,teea,2,0.667,False,not_assessed
RHD-RTRI-000622,RHD-RSPAN-000833,RHD-S1809-00988,Oft,gueſſabé,guessabe,334,possible_raramuri_profile_signal,medium_machine_signal,3,1.3573,0.0,guelube,3,0.625,False,not_assessed
RHD-RTRI-000623,RHD-RSPAN-000467,RHD-S1809-00595,Geneſen,rachpé ne ganíle,rachpe ne ganile,320,possible_raramuri_profile_signal,medium_machine_signal,3,1.3572,0.0,rachtabatsaboa,5,0.688,False,not_assessed
RHD-RTRI-000624,RHD-RSPAN-001377,RHD-S1809-01566,Wollen,ſiminale,siminale,351,possible_raramuri_profile_signal,medium_machine_signal,3,1.3519,0.0,simibe,3,0.625,False,not_assessed
RHD-RTRI-000625,RHD-RSPAN-000297,RHD-S1809-00384,Eigen,nehe bonoje naligué,nehe bonoje naligue,313,possible_raramuri_profile_signal,medium_machine_signal,3,1.3475,0.0,,,0.0,False,not_assessed
RHD-RTRI-000626,RHD-RSPAN-000980,RHD-S1809-01167,Sechsmal,Pulaníſſa,pulanissa,340,possible_raramuri_profile_signal,medium_machine_signal,3,1.3437,0.0,pulauilla,3,0.667,False,not_assessed
RHD-RTRI-000627,RHD-RSPAN-001184,RHD-S1809-01395,Unverdorrt,Taſló nakirúe,taslo nakirue,347,possible_raramuri_profile_signal,medium_machine_signal,3,1.3413,0.0,ta guetsi joma,5,0.643,False,not_assessed
RHD-RTRI-000628,RHD-RSPAN-000556,RHD-S1809-00706,Heurathen,mu í tſchapi,mu i tschapi,324,possible_raramuri_profile_signal,medium_machine_signal,3,1.34,0.0,massisipoa,5,0.583,False,not_assessed
RHD-RTRI-000629,RHD-RSPAN-000632,RHD-S1809-00758,Ich,nemegótle,nemegotle,326,possible_raramuri_profile_signal,medium_machine_signal,3,1.333,0.0,nagotse,4,0.556,False,not_assessed
RHD-RTRI-000630,RHD-RSPAN-001112,RHD-S1809-01299,Sünde,Tſani- oder Tſaini-joliki,tsani- oder tsaini-joliki,345,possible_raramuri_profile_signal,medium_machine_signal,3,1.3319,0.25,,,0.0,False,not_assessed
RHD-RTRI-000631,RHD-RSPAN-000573,RHD-S1809-00722,Hineintragen,Tepatſá nè tò,tepatsa ne to,324,possible_raramuri_profile_signal,medium_machine_signal,3,1.3256,0.0,ta guetsi joma,5,0.643,False,not_assessed
RHD-RTRI-000632,RHD-RSPAN-001113,RHD-S1809-01301,Sünder,Tſani- oder Tſaini-jolagameke,tsani- oder tsaini-jolagameke,345,possible_raramuri_profile_signal,medium_machine_signal,3,1.3239,0.25,,,0.0,False,not_assessed
RHD-RTRI-000633,RHD-RSPAN-000447,RHD-S1809-00576,Gegenwart,ne batáni,ne batani,320,possible_raramuri_profile_signal,medium_machine_signal,3,1.3213,0.0,nachcala,5,0.444,False,not_assessed
RHD-RTRI-000634,RHD-RSPAN-000627,RHD-S1809-00758,Ich,né batáni,ne batani,326,possible_raramuri_profile_signal,medium_machine_signal,3,1.3213,0.0,nachcala,5,0.444,False,not_assessed
RHD-RTRI-000635,RHD-RSPAN-001141,RHD-S1809-01336,Tödten,melirúe oder melirúgameke,melirue oder melirugameke,346,possible_raramuri_profile_signal,medium_machine_signal,3,1.3179,0.333,,,0.0,False,not_assessed
RHD-RTRI-000636,RHD-RSPAN-000804,RHD-S1809-00958,Mutter,Pedro jejéla,pedro jejela,332,possible_raramuri_profile_signal,medium_machine_signal,3,1.3169,0.0,pabahischie,5,0.583,False,not_assessed
RHD-RTRI-000637,RHD-RSPAN-001418,RHD-S1809-01602,Ziegel,Schupánali,schupanali,352,possible_raramuri_profile_signal,medium_machine_signal,3,1.3056,0.0,saateameke,5,0.5,False,not_assessed
RHD-RTRI-000638,RHD-RSPAN-001170,RHD-S1809-01379,Ungekocht,Taſló baſſirúk,taslo bassiruk,347,possible_raramuri_profile_signal,medium_machine_signal,3,1.3021,0.0,ta guetsi joma,5,0.643,False,not_assessed
RHD-RTRI-000639,RHD-RSPAN-000760,RHD-S1809-00912,Maulſchelle,iché nétſchi tſchotſchonáca,iche netschi tschotschonaca,331,possible_raramuri_profile_signal,medium_machine_signal,3,1.2998,0.0,,,0.0,False,not_assessed
RHD-RTRI-000640,RHD-RSPAN-001423,RHD-S1809-01607,Zimmer,Saniacále,saniacale,352,possible_raramuri_profile_signal,medium_machine_signal,3,1.2962,0.0,samiameke,4,0.556,False,not_assessed
RHD-RTRI-000641,RHD-RSPAN-000709,RHD-S1809-00856,Lang,coſék,cosek,328,possible_raramuri_profile_signal,medium_machine_signal,3,1.2951,0.0,cole,2,0.6,False,not_assessed
RHD-RTRI-000642,RHD-RSPAN-001300,RHD-S1809-01505,Vorlängst,Coſék,cosek,349,possible_raramuri_profile_signal,medium_machine_signal,3,1.2951,0.0,cole,2,0.6,False,not_assessed
RHD-RTRI-000643,RHD-RSPAN-001287,RHD-S1809-01496,Voll,putichaba,putichaba,349,possible_raramuri_profile_signal,medium_machine_signal,3,1.288,0.0,putscha,3,0.667,False,not_assessed
RHD-RTRI-000644,RHD-RSPAN-000798,RHD-S1809-00953,Müſſen,Nehé jolámela,nehe jolamela,332,possible_raramuri_profile_signal,medium_machine_signal,3,1.2863,0.0,nacheatule,5,0.615,False,not_assessed
RHD-RTRI-000645,RHD-RSPAN-000948,RHD-S1809-01128,Schrauben,Lab Tſchutſchú,lab tschutschu,339,possible_raramuri_profile_signal,medium_machine_signal,3,1.2862,0.0,loguijameke,5,0.643,False,not_assessed
RHD-RTRI-000646,RHD-RSPAN-001335,RHD-S1809-01534,Weib,mukí gugueke,muki gugueke,350,mixed_or_uncertain_profile,low_machine_signal,4,2.1168,0.5,massisipoa,5,0.583,False,not_assessed
RHD-RTRI-000647,RHD-RSPAN-001114,RHD-S1809-01302,Sündigen,Tſainijolá,tsainijola,345,german_context_profile_signal,high_machine_context_signal,4,1.9547,1.0,tsanijola,1,0.9,False,not_assessed
RHD-RTRI-000648,RHD-RSPAN-001154,RHD-S1809-01356,Uebelthun,Tſainijola,tsainijola,346,german_context_profile_signal,high_machine_context_signal,4,1.9547,1.0,tsanijola,1,0.9,False,not_assessed
RHD-RTRI-000649,RHD-RSPAN-000742,RHD-S1809-00886,Liegen,Ibe gatíki,ibe gatiki,330,mixed_or_uncertain_profile,low_machine_signal,4,1.7711,0.5,ibe hoinela,5,0.545,False,not_assessed
RHD-RTRI-000650,RHD-RSPAN-000561,RHD-S1809-00712,Himmel,guami repa,guami repa,324,mixed_or_uncertain_profile,low_machine_signal,4,1.7569,0.5,guamina,4,0.6,False,not_assessed
RHD-RTRI-000651,RHD-RSPAN-000293,RHD-S1809-00375,Ehemann,Upíameke,upiameke,313,german_context_profile_signal,high_machine_context_signal,4,1.7043,1.0,upeameke,1,0.875,False,not_assessed
RHD-RTRI-000652,RHD-RSPAN-001066,RHD-S1809-01263,Stehen,ibe nè gatíki,ibe ne gatiki,344,mixed_or_uncertain_profile,low_machine_signal,4,1.5254,0.5,ibe hoinela,5,0.615,False,not_assessed
RHD-RTRI-000653,RHD-RSPAN-000699,RHD-S1809-00840,Kugelförmig,cavorámeke,cavorameke,328,german_context_profile_signal,high_machine_context_signal,4,1.5218,1.0,cavolameke,1,0.9,False,not_assessed
RHD-RTRI-000654,RHD-RSPAN-000880,RHD-S1809-01055,Rund,cavórameke,cavorameke,338,german_context_profile_signal,high_machine_context_signal,4,1.5218,1.0,cavolameke,1,0.9,False,not_assessed
RHD-RTRI-000655,RHD-RSPAN-000091,RHD-S1809-00141,"Aufmachen, d. i. öffnen",epúje,epuje,304,german_context_profile_signal,high_machine_context_signal,4,1.5079,1.0,epuaje,1,0.833,False,not_assessed
RHD-RTRI-000656,RHD-RSPAN-000830,RHD-S1809-00987,Oeffnen,epúje,epuje,334,german_context_profile_signal,high_machine_context_signal,4,1.5079,1.0,epuaje,1,0.833,False,not_assessed
RHD-RTRI-000657,RHD-RSPAN-000005,RHD-S1809-00001,Abgehen,Taitéki,taiteki,301,german_context_profile_signal,high_machine_context_signal,4,1.3841,1.0,taiteke,1,0.857,False,not_assessed
RHD-RTRI-000658,RHD-RSPAN-000751,RHD-S1809-00895,Machen,jolágemeke,jolagemeke,330,mixed_or_uncertain_profile,low_machine_signal,4,1.2834,0.0,jolajameka,3,0.7,False,not_assessed
RHD-RTRI-000659,RHD-RSPAN-001228,RHD-S1809-01452,Verrichten,Cajenáruge,cajenaruge,348,mixed_or_uncertain_profile,low_machine_signal,4,1.2762,0.0,cajenapa,4,0.6,False,not_assessed
RHD-RTRI-000660,RHD-RSPAN-000562,RHD-S1809-00712,Himmel,oder guami reguiki,oder guami reguiki,324,mixed_or_uncertain_profile,low_machine_signal,4,1.2736,0.333,,,0.0,False,not_assessed
RHD-RTRI-000661,RHD-RSPAN-000273,RHD-S1809-00349,Dreyſſigmal,baiſſa macoëlſa,baissa macoelsa,313,mixed_or_uncertain_profile,low_machine_signal,4,1.2719,0.0,baicarugameke,5,0.667,False,not_assessed
RHD-RTRI-000662,RHD-RSPAN-000574,RHD-S1809-00723,Hineinwerfen,Tepatſá nè tichá,tepatsa ne ticha,324,mixed_or_uncertain_profile,low_machine_signal,4,1.2607,0.0,ta guetsi joma,5,0.688,False,not_assessed
RHD-RTRI-000663,RHD-RSPAN-000997,RHD-S1809-01176,Seitenſtechen,Volsi gatlchiené cocolá,volsi gatlchiene cocola,340,mixed_or_uncertain_profile,low_machine_signal,4,1.2605,0.0,,,0.0,False,not_assessed
RHD-RTRI-000664,RHD-RSPAN-000520,RHD-S1809-00653,Großvater,Cotto,cotto,323,mixed_or_uncertain_profile,low_machine_signal,4,1.2583,0.0,colo,2,0.6,False,not_assessed
RHD-RTRI-000665,RHD-RSPAN-001032,RHD-S1809-01221,Speiſe,Patéma,patema,342,mixed_or_uncertain_profile,low_machine_signal,4,1.2458,0.0,paa,3,0.5,False,not_assessed
RHD-RTRI-000666,RHD-RSPAN-001347,RHD-S1809-01541,Waizen,tſchorike,tschorike,350,mixed_or_uncertain_profile,low_machine_signal,4,1.2434,0.0,tschie,3,0.667,False,not_assessed
RHD-RTRI-000667,RHD-RSPAN-001440,RHD-S1809-01620,Zunder,ſolatſchabá,solatschaba,352,mixed_or_uncertain_profile,low_machine_signal,4,1.2421,0.0,sulatschic,4,0.636,False,not_assessed
RHD-RTRI-000668,RHD-RSPAN-000803,RHD-S1809-00958,Mutter,Pedro bucúla,pedro bucula,332,mixed_or_uncertain_profile,low_machine_signal,4,1.2421,0.0,pabahischie,5,0.583,False,not_assessed
RHD-RTRI-000669,RHD-RSPAN-001168,RHD-S1809-01377,Ungeackert,Ta beſſarúc,ta bessaruc,347,mixed_or_uncertain_profile,low_machine_signal,4,1.2419,0.0,t-fligua,5,0.545,False,not_assessed
RHD-RTRI-000670,RHD-RSPAN-001428,RHD-S1809-01610,Zirkel,Nahirtſáca,nahirtsaca,352,mixed_or_uncertain_profile,low_machine_signal,4,1.2387,0.0,nahirape,4,0.6,False,not_assessed
RHD-RTRI-000671,RHD-RSPAN-000276,RHD-S1809-00355,Dünn,Titákome,titakome,313,mixed_or_uncertain_profile,low_machine_signal,4,1.2376,0.0,tatakome,1,0.875,False,not_assessed
RHD-RTRI-000672,RHD-RSPAN-000353,RHD-S1809-00448,Erwecken,Bulſá,bulsa,315,mixed_or_uncertain_profile,low_machine_signal,4,1.2372,0.0,bula,1,0.8,False,not_assessed
RHD-RTRI-000673,RHD-RSPAN-000805,RHD-S1809-00958,Mutter,Pedro Nonóla,pedro nonola,332,mixed_or_uncertain_profile,low_machine_signal,4,1.2344,0.0,pabahischie,5,0.583,False,not_assessed
RHD-RTRI-000674,RHD-RSPAN-000008,RHD-S1809-00003,Abhauen,tepurá,tepura,301,german_context_profile_signal,high_machine_context_signal,4,1.2331,1.0,tepula,1,0.833,False,not_assessed
RHD-RTRI-000675,RHD-RSPAN-000525,RHD-S1809-00666,Hauen,tepurä,tepura,323,german_context_profile_signal,high_machine_context_signal,4,1.2331,1.0,tepula,1,0.833,False,not_assessed
RHD-RTRI-000676,RHD-RSPAN-000347,RHD-S1809-00444,Erſchrecken,Mahäruje,maharuje,315,mixed_or_uncertain_profile,low_machine_signal,4,1.2307,0.0,maguali,5,0.375,False,not_assessed
RHD-RTRI-000677,RHD-RSPAN-000428,RHD-S1809-00549,Furcht,maháruje,maharuje,319,mixed_or_uncertain_profile,low_machine_signal,4,1.2307,0.0,maguali,5,0.375,False,not_assessed
RHD-RTRI-000678,RHD-RSPAN-000956,RHD-S1809-01140,Schrecken,Maháruje,maharuje,340,mixed_or_uncertain_profile,low_machine_signal,4,1.2307,0.0,maguali,5,0.375,False,not_assessed
RHD-RTRI-000679,RHD-RSPAN-000701,RHD-S1809-00841,Kuh,heißt tſchitſchígua,heisst tschitschigua,328,mixed_or_uncertain_profile,low_machine_signal,4,1.229,0.5,,,0.0,False,not_assessed
RHD-RTRI-000680,RHD-RSPAN-000872,RHD-S1809-01047,Roth,Tleſtána,tlestana,338,mixed_or_uncertain_profile,low_machine_signal,4,1.2245,0.0,tsestana,1,0.875,False,not_assessed
RHD-RTRI-000681,RHD-RSPAN-000299,RHD-S1809-00386,Eilf,Macoék pilé,macoek pile,313,mixed_or_uncertain_profile,low_machine_signal,4,1.214,0.0,massisipoa,5,0.545,False,not_assessed
RHD-RTRI-000682,RHD-RSPAN-001456,RHD-S1809-01638,Zweyter,Ocak,ocak,353,mixed_or_uncertain_profile,low_machine_signal,4,1.2127,0.0,oca,1,0.75,False,not_assessed
RHD-RTRI-000683,RHD-RSPAN-000384,RHD-S1809-00485,Fein,Tiakome,tiakome,316,mixed_or_uncertain_profile,low_machine_signal,4,1.2104,0.0,tatakome,2,0.75,False,not_assessed
RHD-RTRI-000684,RHD-RSPAN-000391,RHD-S1809-00493,Feucht,Samí,sami,316,mixed_or_uncertain_profile,low_machine_signal,4,1.2103,0.0,simi,1,0.75,False,not_assessed
RHD-RTRI-000685,RHD-RSPAN-000815,RHD-S1809-00975,Niederlegen,Boí,boi,334,mixed_or_uncertain_profile,low_machine_signal,4,1.2089,0.0,boa,1,0.667,False,not_assessed
RHD-RTRI-000686,RHD-RSPAN-000171,RHD-S1809-00241,Beſitzen,há mú ſunúguetſá,ha mu sunuguetsa,308,mixed_or_uncertain_profile,low_machine_signal,4,1.208,0.0,haleseatschic,5,0.688,False,not_assessed
RHD-RTRI-000687,RHD-RSPAN-001232,RHD-S1809-01459,Verſchneiden,bitſcha,bitscha,348,mixed_or_uncertain_profile,low_machine_signal,4,1.2071,0.0,batsa,3,0.571,False,not_assessed
RHD-RTRI-000688,RHD-RSPAN-001074,RHD-S1809-01267,Stein,Tecuíbrutſchic,tecuibrutschic,344,mixed_or_uncertain_profile,low_machine_signal,4,1.2031,0.0,ta guetsi joma,5,0.643,False,not_assessed
RHD-RTRI-000689,RHD-RSPAN-000019,RHD-S1809-00015,Acht haben,Gáne kaké,gane kake,301,mixed_or_uncertain_profile,low_machine_signal,4,1.2027,0.0,ganeba,4,0.556,False,not_assessed
RHD-RTRI-000690,RHD-RSPAN-000092,RHD-S1809-00142,Aufmerken,Gáne kaké,gane kake,304,mixed_or_uncertain_profile,low_machine_signal,4,1.2027,0.0,ganeba,4,0.556,False,not_assessed
RHD-RTRI-000691,RHD-RSPAN-000959,RHD-S1809-01143,Schreyen,Sína,sina,340,mixed_or_uncertain_profile,low_machine_signal,4,1.2022,0.0,sika,1,0.75,False,not_assessed
RHD-RTRI-000692,RHD-RSPAN-000911,RHD-S1809-01091,Schalf,Tſei,tsei,338,mixed_or_uncertain_profile,low_machine_signal,4,1.2005,0.0,tseli,1,0.8,False,not_assessed
RHD-RTRI-000693,RHD-RSPAN-000943,RHD-S1809-01122,Schlimm,Tſei,tsei,339,mixed_or_uncertain_profile,low_machine_signal,4,1.2005,0.0,tseli,1,0.8,False,not_assessed
RHD-RTRI-000694,RHD-RSPAN-001395,RHD-S1809-01588,Zehner,Macópi,macopi,352,mixed_or_uncertain_profile,low_machine_signal,4,1.1957,0.0,maga,4,0.333,False,not_assessed
RHD-RTRI-000695,RHD-RSPAN-000021,RHD-S1809-00016,Acker,Baſſa mapú echtſchi-rúe,bassa mapu echtschi-rue,301,mixed_or_uncertain_profile,low_machine_signal,4,1.194,0.0,,,0.0,False,not_assessed
RHD-RTRI-000696,RHD-RSPAN-000737,RHD-S1809-00882,Leute,Tetéhoje,tetehoje,330,mixed_or_uncertain_profile,low_machine_signal,4,1.1897,0.0,tetshoje,1,0.875,False,not_assessed
RHD-RTRI-000697,RHD-RSPAN-000768,RHD-S1809-00925,Menſch,tetehóje,tetehoje,331,mixed_or_uncertain_profile,low_machine_signal,4,1.1897,0.0,tetshoje,1,0.875,False,not_assessed
RHD-RTRI-000698,RHD-RSPAN-000496,RHD-S1809-00630,Gleichwie,hatſchí recá,hatschi reca,322,mixed_or_uncertain_profile,low_machine_signal,4,1.1859,0.0,haagameke,5,0.583,False,not_assessed
RHD-RTRI-000699,RHD-RSPAN-000515,RHD-S1809-00644,Gries,Kuſiruſi,kusirusi,322,mixed_or_uncertain_profile,low_machine_signal,4,1.185,0.0,kubirusi,1,0.875,False,not_assessed
RHD-RTRI-000700,RHD-RSPAN-000789,RHD-S1809-00953,Müſſen,Hóppoa,hoppoa,332,mixed_or_uncertain_profile,low_machine_signal,4,1.1849,0.0,hipeba,3,0.5,False,not_assessed
RHD-RTRI-000701,RHD-RSPAN-001156,RHD-S1809-01361,Uebermorgen,Ocáteleñaje,ocatelenaje,346,mixed_or_uncertain_profile,low_machine_signal,4,1.1816,0.0,ossanaguessa,5,0.583,False,not_assessed
RHD-RTRI-000702,RHD-RSPAN-000271,RHD-S1809-00347,Dreyzehn,Macoëk amoba baiſſa,macoek amoba baissa,313,mixed_or_uncertain_profile,low_machine_signal,4,1.1816,0.0,,,0.0,False,not_assessed
RHD-RTRI-000703,RHD-RSPAN-001053,RHD-S1809-01246,Spindel,Malacate,malacate,343,mixed_or_uncertain_profile,low_machine_signal,4,1.1752,0.0,mataca,3,0.625,False,not_assessed
RHD-RTRI-000704,RHD-RSPAN-001132,RHD-S1809-01329,Thier,Bucóu,bucou,346,mixed_or_uncertain_profile,low_machine_signal,4,1.1727,0.0,bucu,1,0.8,False,not_assessed
RHD-RTRI-000705,RHD-RSPAN-000987,RHD-S1809-01172,Sehen,nini,nini,340,mixed_or_uncertain_profile,low_machine_signal,4,1.1726,0.0,nipi,1,0.75,False,not_assessed
RHD-RTRI-000706,RHD-RSPAN-000521,RHD-S1809-00653,Großvater,Taré'a,tare'a,323,mixed_or_uncertain_profile,low_machine_signal,4,1.1712,0.0,tajena,2,0.667,False,not_assessed
RHD-RTRI-000707,RHD-RSPAN-000633,RHD-S1809-00758,Ich,Nemogótle,nemogotle,326,mixed_or_uncertain_profile,low_machine_signal,4,1.1481,0.0,nagotse,4,0.556,False,not_assessed
RHD-RTRI-000708,RHD-RSPAN-000659,RHD-S1809-00795,Kleid,Kemáka,kemaka,326,mixed_or_uncertain_profile,low_machine_signal,4,1.1401,0.0,kachka,3,0.5,False,not_assessed
RHD-RTRI-000709,RHD-RSPAN-000680,RHD-S1809-00813,Kotze,Kemáka,kemaka,327,mixed_or_uncertain_profile,low_machine_signal,4,1.1401,0.0,kachka,3,0.5,False,not_assessed
RHD-RTRI-000710,RHD-RSPAN-001161,RHD-S1809-01371,Umſonſt,Kiſſópi,kissopi,347,mixed_or_uncertain_profile,low_machine_signal,4,1.135,0.0,kitsopi,1,0.857,False,not_assessed
RHD-RTRI-000711,RHD-RSPAN-000696,RHD-S1809-00837,Krumm,Mapú tá caëná,mapu ta caena,328,mixed_or_uncertain_profile,low_machine_signal,4,1.1348,0.0,massisipoa,5,0.615,False,not_assessed
RHD-RTRI-000712,RHD-RSPAN-000706,RHD-S1809-00852,Lahm,Mapu tá caëna,mapu ta caena,328,mixed_or_uncertain_profile,low_machine_signal,4,1.1348,0.0,massisipoa,5,0.615,False,not_assessed
RHD-RTRI-000713,RHD-RSPAN-000650,RHD-S1809-00777,Karpfe,Sakaſſi,sakassi,326,mixed_or_uncertain_profile,low_machine_signal,4,1.1289,0.0,sacatsi,2,0.714,False,not_assessed
RHD-RTRI-000714,RHD-RSPAN-000982,RHD-S1809-01169,Sechzehn,Macöék ámoba puſánik,macoek amoba pusanik,340,mixed_or_uncertain_profile,low_machine_signal,4,1.1217,0.0,,,0.0,False,not_assessed
RHD-RTRI-000715,RHD-RSPAN-000698,RHD-S1809-00838,Kuchen,Reméke,remeke,328,german_context_profile_signal,high_machine_context_signal,4,1.1104,1.0,rheneke,2,0.714,False,not_assessed
RHD-RTRI-000716,RHD-RSPAN-000238,RHD-S1809-00315,Da,pané,pane,311,mixed_or_uncertain_profile,low_machine_signal,4,1.1061,0.0,paa,2,0.5,False,not_assessed
RHD-RTRI-000717,RHD-RSPAN-000257,RHD-S1809-00331,Dieſer,Igoſela Ichepuna,igosela ichepuna,312,mixed_or_uncertain_profile,low_machine_signal,4,1.0963,0.0,itschiguajameke,5,0.688,False,not_assessed
RHD-RTRI-000718,RHD-RSPAN-001443,RHD-S1809-01622,Zurück,becú ne ſimi,becu ne simi,352,mixed_or_uncertain_profile,low_machine_signal,4,1.0957,0.0,bacaguaca,5,0.583,False,not_assessed
RHD-RTRI-000719,RHD-RSPAN-001360,RHD-S1809-01557,Wohnen,Gatiki ſ,gatiki s,351,german_context_profile_signal,high_machine_context_signal,4,1.094,1.0,gatiki,2,0.75,False,not_assessed
RHD-RTRI-000720,RHD-RSPAN-000967,RHD-S1809-01153,Schwarz,Tſchocámehe,tschocamehe,340,mixed_or_uncertain_profile,low_machine_signal,4,1.094,0.0,tschecemeke,3,0.727,False,not_assessed
RHD-RTRI-000721,RHD-RSPAN-000708,RHD-S1809-00856,Lang,Coſé,cose,328,mixed_or_uncertain_profile,low_machine_signal,4,1.0938,0.0,cole,1,0.75,False,not_assessed
RHD-RTRI-000722,RHD-RSPAN-001397,RHD-S1809-01590,Zeit,coſé,cose,352,mixed_or_uncertain_profile,low_machine_signal,4,1.0938,0.0,cole,1,0.75,False,not_assessed
RHD-RTRI-000723,RHD-RSPAN-001302,RHD-S1809-01507,Vortragen,Batlá ne tó,batla ne to,349,mixed_or_uncertain_profile,low_machine_signal,4,1.0904,0.0,bacaguaca,5,0.545,False,not_assessed
RHD-RTRI-000724,RHD-RSPAN-000673,RHD-S1809-00807,Können,Ké ká,ke ka,327,mixed_or_uncertain_profile,low_machine_signal,4,1.0859,0.0,keke,2,0.6,False,not_assessed
RHD-RTRI-000725,RHD-RSPAN-001095,RHD-S1809-01285,Stoßen,Tuſchi,tuschi,344,mixed_or_uncertain_profile,low_machine_signal,4,1.0833,0.0,totschi,2,0.714,False,not_assessed
RHD-RTRI-000726,RHD-RSPAN-000236,RHD-S1809-00315,Da,matáemi,mataemi,311,mixed_or_uncertain_profile,low_machine_signal,4,1.0813,0.0,mataca,3,0.571,False,not_assessed
RHD-RTRI-000727,RHD-RSPAN-001271,RHD-S1809-01488,Vierzehn,Macoëék ámoba,macoeek amoba,349,mixed_or_uncertain_profile,low_machine_signal,4,1.0745,0.0,massisipoa,5,0.615,False,not_assessed
RHD-RTRI-000728,RHD-RSPAN-001061,RHD-S1809-01257,Stande,Tá kené gá,ta kene ga,343,mixed_or_uncertain_profile,low_machine_signal,4,1.0727,0.0,t-fligua,5,0.5,False,not_assessed
RHD-RTRI-000729,RHD-RSPAN-001187,RHD-S1809-01398,Unvermögend,Ta kené gá,ta kene ga,347,mixed_or_uncertain_profile,low_machine_signal,4,1.0727,0.0,t-fligua,5,0.5,False,not_assessed
RHD-RTRI-000730,RHD-RSPAN-000482,RHD-S1809-00604,Geſund,ganémile,ganemile,320,mixed_or_uncertain_profile,low_machine_signal,4,1.0681,0.0,ganilile,2,0.75,False,not_assessed
RHD-RTRI-000731,RHD-RSPAN-000579,RHD-S1809-00728,Hobeln,Maſſiſipos,massisipos,325,mixed_or_uncertain_profile,low_machine_signal,4,1.0657,0.0,massisipoa,1,0.9,False,not_assessed
RHD-RTRI-000732,RHD-RSPAN-000232,RHD-S1809-00315,Da,hecatáemi,hecataemi,311,mixed_or_uncertain_profile,low_machine_signal,4,1.0606,0.0,haagameke,5,0.444,False,not_assessed
RHD-RTRI-000733,RHD-RSPAN-001293,RHD-S1809-01499,Vor,ganiléja (gaudendo) joláca,ganileja gaudendo jolaca,349,mixed_or_uncertain_profile,low_machine_signal,4,1.06,0.0,,,0.0,False,not_assessed
RHD-RTRI-000734,RHD-RSPAN-001394,RHD-S1809-01587,Zehnmal,Macoëéſſa,macoeessa,352,mixed_or_uncertain_profile,low_machine_signal,4,1.0578,0.0,maguali,5,0.444,False,not_assessed
RHD-RTRI-000735,RHD-RSPAN-000425,RHD-S1809-00548,Für,nehéeguitaje iché,neheeguitaje iche,319,mixed_or_uncertain_profile,low_machine_signal,4,1.0547,0.0,,,0.0,False,not_assessed
RHD-RTRI-000736,RHD-RSPAN-001159,RHD-S1809-01367,Umgekehrt,Renána,renana,346,mixed_or_uncertain_profile,low_machine_signal,4,1.0523,0.0,runana,1,0.833,False,not_assessed
RHD-RTRI-000737,RHD-RSPAN-000497,RHD-S1809-00630,Gleichwie,Hatſchí réuega,hatschi reuega,322,mixed_or_uncertain_profile,low_machine_signal,4,1.0523,0.0,haleseatschic,5,0.643,False,not_assessed
RHD-RTRI-000738,RHD-RSPAN-000304,RHD-S1809-00390,Eben ſo,Mapú révega,mapu revega,313,mixed_or_uncertain_profile,low_machine_signal,4,1.0518,0.0,massisipoa,5,0.545,False,not_assessed
RHD-RTRI-000739,RHD-RSPAN-000420,RHD-S1809-00546,Fünfter,Malieje,malieje,319,mixed_or_uncertain_profile,low_machine_signal,4,1.0509,0.0,moleke,3,0.571,False,not_assessed
RHD-RTRI-000740,RHD-RSPAN-001281,RHD-S1809-01492,Vogel,Kukuk,kukuk,349,mixed_or_uncertain_profile,low_machine_signal,4,1.0454,0.0,kuku,1,0.8,False,not_assessed
RHD-RTRI-000741,RHD-RSPAN-001296,RHD-S1809-01501,Voraus,batlabé,batlabe,349,mixed_or_uncertain_profile,low_machine_signal,4,1.0434,0.0,batsabe,1,0.857,False,not_assessed
RHD-RTRI-000742,RHD-RSPAN-001374,RHD-S1809-01566,Wollen,kene nachki,kene nachki,351,mixed_or_uncertain_profile,low_machine_signal,4,1.0392,0.0,kachkagameke,5,0.583,False,not_assessed
RHD-RTRI-000743,RHD-RSPAN-001001,RHD-S1809-01191,Seyn,Gatíki oder gatiki,gatiki oder gatiki,341,german_context_profile_signal,high_machine_context_signal,4,1.0384,1.0,,,0.0,False,not_assessed
RHD-RTRI-000744,RHD-RSPAN-001320,RHD-S1809-01525,Weben,Kemaráje ſ,kemaraje s,350,mixed_or_uncertain_profile,low_machine_signal,4,1.0299,0.0,kemaraje,2,0.8,False,not_assessed
RHD-RTRI-000745,RHD-RSPAN-000020,RHD-S1809-00016,Acker,Balſá,balsa,301,mixed_or_uncertain_profile,low_machine_signal,4,1.0294,0.0,bala,1,0.8,False,not_assessed
RHD-RTRI-000746,RHD-RSPAN-000990,RHD-S1809-01172,Sehen,tane gá mattchi,tane ga mattchi,340,mixed_or_uncertain_profile,low_machine_signal,4,1.0261,0.0,ta guetsi joma,5,0.667,False,not_assessed
RHD-RTRI-000747,RHD-RSPAN-000156,RHD-S1809-00221,Belieben,Nehé nachki,nehe nachki,308,mixed_or_uncertain_profile,low_machine_signal,4,1.0248,0.0,nachcala,5,0.545,False,not_assessed
RHD-RTRI-000748,RHD-RSPAN-001241,RHD-S1809-01473,Verwiſchen,Nabomá,naboma,348,mixed_or_uncertain_profile,low_machine_signal,4,1.0174,0.0,natoia,2,0.667,False,not_assessed
RHD-RTRI-000749,RHD-RSPAN-000003,RHD-S1809-00001,Abgehen,Nehé simi,nehe simi,301,mixed_or_uncertain_profile,low_machine_signal,4,1.0146,0.0,nachcala,5,0.444,False,not_assessed
RHD-RTRI-000750,RHD-RSPAN-000582,RHD-S1809-00729,Hoch,Tep-bè,tep-be,325,mixed_or_uncertain_profile,low_machine_signal,4,1.0118,0.0,tepabe,1,0.833,False,not_assessed
RHD-RTRI-000751,RHD-RSPAN-000455,RHD-S1809-00580,Gehörlos,Necheátule,necheatule,320,mixed_or_uncertain_profile,low_machine_signal,4,1.0103,0.0,nacheatule,1,0.9,False,not_assessed
RHD-RTRI-000752,RHD-RSPAN-000498,RHD-S1809-00630,Gleichwie,imapú réuega,imapu reuega,322,mixed_or_uncertain_profile,low_machine_signal,4,1.0095,0.0,ibe hoinela,5,0.583,False,not_assessed
RHD-RTRI-000753,RHD-RSPAN-000200,RHD-S1809-00278,Blitzen,Repá,repa,309,german_context_profile_signal,high_machine_context_signal,4,0.9831,1.0,ropa,1,0.75,False,not_assessed
RHD-RTRI-000754,RHD-RSPAN-000581,RHD-S1809-00729,Hoch,Repa,repa,325,german_context_profile_signal,high_machine_context_signal,4,0.9831,1.0,ropa,1,0.75,False,not_assessed
RHD-RTRI-000755,RHD-RSPAN-000827,RHD-S1809-00984,Oben,Repá,repa,334,german_context_profile_signal,high_machine_context_signal,4,0.9831,1.0,ropa,1,0.75,False,not_assessed
RHD-RTRI-000756,RHD-RSPAN-000157,RHD-S1809-00223,Belohnen,Nachiéruje,nachieruje,308,mixed_or_uncertain_profile,low_machine_signal,4,0.9807,0.0,nachtetuje,2,0.8,False,not_assessed
RHD-RTRI-000757,RHD-RSPAN-001386,RHD-S1809-01582,Zahn,Remela,remela,351,german_context_profile_signal,high_machine_context_signal,4,0.9798,1.0,ramela,1,0.833,False,not_assessed
RHD-RTRI-000758,RHD-RSPAN-000235,RHD-S1809-00315,Da,mapú,mapu,311,mixed_or_uncertain_profile,low_machine_signal,4,0.9594,0.0,maga,2,0.5,False,not_assessed
RHD-RTRI-000759,RHD-RSPAN-000417,RHD-S1809-00545,Früh,Beá,bea,319,mixed_or_uncertain_profile,low_machine_signal,4,0.9533,0.0,boa,1,0.667,False,not_assessed
RHD-RTRI-000760,RHD-RSPAN-000782,RHD-S1809-00948,Morgen,Beá,bea,332,mixed_or_uncertain_profile,low_machine_signal,4,0.9533,0.0,boa,1,0.667,False,not_assessed
RHD-RTRI-000761,RHD-RSPAN-000247,RHD-S1809-00324,Derswegen,Ichetaje,ichetaje,312,mixed_or_uncertain_profile,low_machine_signal,4,0.9504,0.0,icheraje,1,0.875,False,not_assessed
RHD-RTRI-000762,RHD-RSPAN-001326,RHD-S1809-01529,Wegen,ichetaje,ichetaje,350,mixed_or_uncertain_profile,low_machine_signal,4,0.9504,0.0,icheraje,1,0.875,False,not_assessed
RHD-RTRI-000763,RHD-RSPAN-000289,RHD-S1809-00370,Ehelos,Tatló cunéameke Weib,tatlo cuneameke weib,313,mixed_or_uncertain_profile,low_machine_signal,4,0.9497,0.333,,,0.0,False,not_assessed
RHD-RTRI-000764,RHD-RSPAN-000499,RHD-S1809-00630,Gleichwie,Mapú recá,mapu reca,322,mixed_or_uncertain_profile,low_machine_signal,4,0.9496,0.0,maguali,5,0.444,False,not_assessed
RHD-RTRI-000765,RHD-RSPAN-001162,RHD-S1809-01371,Umſonſt,Nagoſſe,nagosse,347,mixed_or_uncertain_profile,low_machine_signal,4,0.9492,0.0,nagotse,1,0.857,False,not_assessed
RHD-RTRI-000766,RHD-RSPAN-000738,RHD-S1809-00883,Licht,Rachéla,rachela,330,mixed_or_uncertain_profile,low_machine_signal,4,0.9462,0.0,rachele,1,0.857,False,not_assessed
RHD-RTRI-000767,RHD-RSPAN-000177,RHD-S1809-00241,Beſitzen,Pedro ſunugué,pedro sunugue,308,mixed_or_uncertain_profile,low_machine_signal,4,0.9321,0.0,pabahischie,5,0.615,False,not_assessed
RHD-RTRI-000768,RHD-RSPAN-000181,RHD-S1809-00244,Beiſſen,Tſeé,tsee,308,mixed_or_uncertain_profile,low_machine_signal,4,0.9295,0.0,tsele,1,0.8,False,not_assessed
RHD-RTRI-000769,RHD-RSPAN-000601,RHD-S1809-00747,Hundert,Maköéſſa moköék,makoessa mokoek,325,mixed_or_uncertain_profile,low_machine_signal,4,0.9287,0.0,melirugameke,5,0.667,False,not_assessed
RHD-RTRI-000770,RHD-RSPAN-000903,RHD-S1809-01083,Schaben,Schucú,schucu,338,mixed_or_uncertain_profile,low_machine_signal,4,0.9284,0.0,schugua,2,0.714,False,not_assessed
RHD-RTRI-000771,RHD-RSPAN-001370,RHD-S1809-01566,Wollen,eláne,elane,351,mixed_or_uncertain_profile,low_machine_signal,4,0.913,0.0,ela,2,0.6,False,not_assessed
RHD-RTRI-000772,RHD-RSPAN-000472,RHD-S1809-00597,Geſchirr,Bechtoléke,bechtoleke,320,mixed_or_uncertain_profile,low_machine_signal,4,0.9109,0.0,bacaguaca,5,0.5,False,not_assessed
RHD-RTRI-000773,RHD-RSPAN-000654,RHD-S1809-00786,Keſſel,Bechtoléke,bechtoleke,326,mixed_or_uncertain_profile,low_machine_signal,4,0.9109,0.0,bacaguaca,5,0.5,False,not_assessed
RHD-RTRI-000774,RHD-RSPAN-000965,RHD-S1809-01149,Schüſſel,Bechtoléke,bechtoleke,340,mixed_or_uncertain_profile,low_machine_signal,4,0.9109,0.0,bacaguaca,5,0.5,False,not_assessed
RHD-RTRI-000775,RHD-RSPAN-000234,RHD-S1809-00315,Da,mamú,mamu,311,mixed_or_uncertain_profile,low_machine_signal,4,0.9032,0.0,maga,2,0.5,False,not_assessed
RHD-RTRI-000776,RHD-RSPAN-001378,RHD-S1809-01568,Wünſchen,Sonúca,sonuca,351,mixed_or_uncertain_profile,low_machine_signal,4,0.8992,0.0,senula,2,0.667,False,not_assessed
RHD-RTRI-000777,RHD-RSPAN-001072,RHD-S1809-01267,Stein,techéke,techeke,344,mixed_or_uncertain_profile,low_machine_signal,4,0.8972,0.0,techteke,1,0.875,False,not_assessed
RHD-RTRI-000778,RHD-RSPAN-001208,RHD-S1809-01429,Vergebens,Nagoſſele,nagossele,347,mixed_or_uncertain_profile,low_machine_signal,4,0.8969,0.0,nagotse,3,0.667,False,not_assessed
RHD-RTRI-000779,RHD-RSPAN-001157,RHD-S1809-01362,Ueberwinden,Junábara,junabara,346,mixed_or_uncertain_profile,low_machine_signal,4,0.8966,0.0,jumagua,4,0.5,False,not_assessed
RHD-RTRI-000780,RHD-RSPAN-001298,RHD-S1809-01502,Vorderer,Mapú batlabé,mapu batlabe,349,mixed_or_uncertain_profile,low_machine_signal,4,0.8924,0.0,massisipoa,5,0.583,False,not_assessed
RHD-RTRI-000781,RHD-RSPAN-001272,RHD-S1809-01488,Vierzehn,oder gániná naguóco,oder ganina naguoco,349,mixed_or_uncertain_profile,low_machine_signal,4,0.8894,0.333,,,0.0,False,not_assessed
RHD-RTRI-000782,RHD-RSPAN-001237,RHD-S1809-01463,Verſtecken,Itichiná,itichina,348,mixed_or_uncertain_profile,low_machine_signal,4,0.8843,0.0,itschina,1,0.875,False,not_assessed
RHD-RTRI-000783,RHD-RSPAN-000652,RHD-S1809-00781,Keiner,Tà ſchiné,ta schine,326,german_context_profile_signal,high_machine_context_signal,4,0.8831,1.0,taschine,1,0.889,False,not_assessed
RHD-RTRI-000784,RHD-RSPAN-000028,RHD-S1809-00022,Allerdings,Hutſine,hutsine,301,mixed_or_uncertain_profile,low_machine_signal,4,0.881,0.0,husine,1,0.857,False,not_assessed
RHD-RTRI-000785,RHD-RSPAN-000606,RHD-S1809-00754,Ja,Hútſine,hutsine,325,mixed_or_uncertain_profile,low_machine_signal,4,0.881,0.0,husine,1,0.857,False,not_assessed
RHD-RTRI-000786,RHD-RSPAN-000229,RHD-S1809-00315,Da,hecabú,hecabu,311,mixed_or_uncertain_profile,low_machine_signal,4,0.8778,0.0,heicala,3,0.571,False,not_assessed
RHD-RTRI-000787,RHD-RSPAN-000535,RHD-S1809-00674,Heiß,oder igué rachtágameke,oder igue rachtagameke,324,mixed_or_uncertain_profile,low_machine_signal,4,0.8727,0.333,,,0.0,False,not_assessed
RHD-RTRI-000788,RHD-RSPAN-000934,RHD-S1809-01117,Schlangen,Schinó,schino,339,mixed_or_uncertain_profile,low_machine_signal,4,0.8715,0.0,schine,1,0.833,False,not_assessed
RHD-RTRI-000789,RHD-RSPAN-001276,RHD-S1809-01491,Viper,Schino,schino,349,mixed_or_uncertain_profile,low_machine_signal,4,0.8715,0.0,schine,1,0.833,False,not_assessed
RHD-RTRI-000790,RHD-RSPAN-000011,RHD-S1809-00009,Abſteigen,Nehé telé simi,nehe tele simi,301,mixed_or_uncertain_profile,low_machine_signal,4,0.8698,0.0,nachpigualeke,5,0.643,False,not_assessed
RHD-RTRI-000791,RHD-RSPAN-000231,RHD-S1809-00315,Da,hecamú,hecamu,311,mixed_or_uncertain_profile,low_machine_signal,4,0.8673,0.0,heicala,3,0.571,False,not_assessed
RHD-RTRI-000792,RHD-RSPAN-000255,RHD-S1809-00331,Dieſer,Ichetſa,ichetsa,312,mixed_or_uncertain_profile,low_machine_signal,4,0.8654,0.0,ichetso,1,0.857,False,not_assessed
RHD-RTRI-000793,RHD-RSPAN-000819,RHD-S1809-00981,Nur,Ichetſá,ichetsa,334,mixed_or_uncertain_profile,low_machine_signal,4,0.8654,0.0,ichetso,1,0.857,False,not_assessed
RHD-RTRI-000794,RHD-RSPAN-000816,RHD-S1809-00977,Niemals,Siné tá,sine ta,334,mixed_or_uncertain_profile,low_machine_signal,4,0.8562,0.0,sinevi,3,0.571,False,not_assessed
RHD-RTRI-000795,RHD-RSPAN-000032,RHD-S1809-00065,Abweg,Tà póvireck,ta povireck,301,mixed_or_uncertain_profile,low_machine_signal,4,0.8528,0.0,t-fligua,5,0.545,False,not_assessed
RHD-RTRI-000796,RHD-RSPAN-001309,RHD-S1809-01518,Warm,rachtá,rachta,350,mixed_or_uncertain_profile,low_machine_signal,4,0.848,0.0,racha,1,0.833,False,not_assessed
RHD-RTRI-000797,RHD-RSPAN-000918,RHD-S1809-01100,Scheinen,Mijé,mije,338,mixed_or_uncertain_profile,low_machine_signal,4,0.8455,0.0,mole,2,0.5,False,not_assessed
RHD-RTRI-000798,RHD-RSPAN-001391,RHD-S1809-01586,Zehn,Macoëék,macoeek,352,mixed_or_uncertain_profile,low_machine_signal,4,0.8455,0.0,mole,4,0.429,False,not_assessed
RHD-RTRI-000799,RHD-RSPAN-000409,RHD-S1809-00524,Folgen,Nahóta,nahota,318,mixed_or_uncertain_profile,low_machine_signal,4,0.8428,0.0,natoia,2,0.667,False,not_assessed
RHD-RTRI-000800,RHD-RSPAN-000807,RHD-S1809-00962,Nachfolgen,Nahóta,nahota,333,mixed_or_uncertain_profile,low_machine_signal,4,0.8428,0.0,natoia,2,0.667,False,not_assessed
RHD-RTRI-000801,RHD-RSPAN-000808,RHD-S1809-00963,Nachgehen,Nahóta,nahota,333,mixed_or_uncertain_profile,low_machine_signal,4,0.8428,0.0,natoia,2,0.667,False,not_assessed
RHD-RTRI-000802,RHD-RSPAN-001204,RHD-S1809-01426,Verfolgen,Nahóta,nahota,347,mixed_or_uncertain_profile,low_machine_signal,4,0.8428,0.0,natoia,2,0.667,False,not_assessed
RHD-RTRI-000803,RHD-RSPAN-001181,RHD-S1809-01392,Ohn Unterlaß,sinivi,sinivi,347,mixed_or_uncertain_profile,low_machine_signal,4,0.8414,0.0,sinevi,1,0.833,False,not_assessed
RHD-RTRI-000804,RHD-RSPAN-001451,RHD-S1809-01633,Zuſchließen,eiuke,eiuke,353,mixed_or_uncertain_profile,low_machine_signal,4,0.8329,0.0,euke,1,0.8,False,not_assessed
RHD-RTRI-000805,RHD-RSPAN-001310,RHD-S1809-01518,Warm,Rachtabarſaboa,rachtabarsaboa,350,mixed_or_uncertain_profile,low_machine_signal,4,0.8318,0.0,rachtabatsaboa,1,0.929,False,not_assessed
RHD-RTRI-000806,RHD-RSPAN-000960,RHD-S1809-01145,Schuh,Kocác,kocac,340,mixed_or_uncertain_profile,low_machine_signal,4,0.8297,0.0,kacac,1,0.8,False,not_assessed
RHD-RTRI-000807,RHD-RSPAN-001218,RHD-S1809-01443,Verköſten,Nurútuje,nurutuje,348,mixed_or_uncertain_profile,low_machine_signal,4,0.826,0.0,natutuje,2,0.75,False,not_assessed
RHD-RTRI-000808,RHD-RSPAN-000787,RHD-S1809-00953,Müſſen,Baſſammela,bassammela,332,mixed_or_uncertain_profile,low_machine_signal,4,0.8231,0.0,bajemela,4,0.6,False,not_assessed
RHD-RTRI-000809,RHD-RSPAN-000044,RHD-S1809-00085,Alt,Aſchérameke,ascherameke,302,mixed_or_uncertain_profile,low_machine_signal,4,0.812,0.0,acabilague,5,0.545,False,not_assessed
RHD-RTRI-000810,RHD-RSPAN-000543,RHD-S1809-00683,Herabfallen,Niſchigò,nischigo,324,mixed_or_uncertain_profile,low_machine_signal,4,0.8078,0.0,netschi,4,0.5,False,not_assessed
RHD-RTRI-000811,RHD-RSPAN-000290,RHD-S1809-00370,Ehelos,upéameke Mann,upeameke mann,313,mixed_or_uncertain_profile,low_machine_signal,4,0.7946,0.5,,,0.0,False,not_assessed
RHD-RTRI-000812,RHD-RSPAN-000026,RHD-S1809-00020,Alles,Jumá oder jomá,juma oder joma,301,mixed_or_uncertain_profile,low_machine_signal,4,0.7893,0.667,jumajumajameke,5,0.643,False,not_assessed
RHD-RTRI-000813,RHD-RSPAN-000494,RHD-S1809-00627,Glätten,Mallisi,mallisi,322,mixed_or_uncertain_profile,low_machine_signal,4,0.786,0.0,muliki,3,0.571,False,not_assessed
RHD-RTRI-000814,RHD-RSPAN-000637,RHD-S1809-00758,Ich,tamehé,tamehe,326,mixed_or_uncertain_profile,low_machine_signal,4,0.7782,0.0,tameke,1,0.833,False,not_assessed
RHD-RTRI-000815,RHD-RSPAN-000820,RHD-S1809-00981,Nur,muhé tſó,muhe tso,334,mixed_or_uncertain_profile,low_machine_signal,4,0.7779,0.0,maguali,5,0.375,False,not_assessed
RHD-RTRI-000816,RHD-RSPAN-000351,RHD-S1809-00446,Erſter,Piléñe,pilene,315,mixed_or_uncertain_profile,low_machine_signal,4,0.7762,0.0,pilede,1,0.833,False,not_assessed
RHD-RTRI-000817,RHD-RSPAN-000664,RHD-S1809-00802,Knieen,llúcu,llucu,326,mixed_or_uncertain_profile,low_machine_signal,4,0.7755,0.0,laca,3,0.4,False,not_assessed
RHD-RTRI-000818,RHD-RSPAN-000669,RHD-S1809-00805,Kochen,ruc und ameke,ruc und ameke,326,mixed_or_uncertain_profile,low_machine_signal,4,0.7645,0.333,rachtabatsaboa,5,0.643,False,not_assessed
RHD-RTRI-000819,RHD-RSPAN-000489,RHD-S1809-00618,Gewinnen,Merá,mera,322,mixed_or_uncertain_profile,low_machine_signal,4,0.7634,0.0,mea,1,0.75,False,not_assessed
RHD-RTRI-000820,RHD-RSPAN-000502,RHD-S1809-00637,Gott,ſagen aber Tepagutigameke,sagen aber tepagutigameke,322,mixed_or_uncertain_profile,low_machine_signal,4,0.7594,0.667,,,0.0,False,not_assessed
RHD-RTRI-000821,RHD-RSPAN-001022,RHD-S1809-01209,Sohn,porló,porlo,341,mixed_or_uncertain_profile,low_machine_signal,4,0.7452,0.0,poio,2,0.6,False,not_assessed
RHD-RTRI-000822,RHD-RSPAN-001398,RHD-S1809-01590,Zeit,coſeé,cosee,352,mixed_or_uncertain_profile,low_machine_signal,4,0.7445,0.0,cole,2,0.6,False,not_assessed
RHD-RTRI-000823,RHD-RSPAN-000653,RHD-S1809-00782,Keineswegs,ké-kotà,ke-kota,326,mixed_or_uncertain_profile,low_machine_signal,4,0.7441,0.0,keta,3,0.571,False,not_assessed
RHD-RTRI-000824,RHD-RSPAN-000661,RHD-S1809-00798,Kluft,Teſſó,tesso,326,mixed_or_uncertain_profile,low_machine_signal,4,0.734,0.0,tetso,1,0.8,False,not_assessed
RHD-RTRI-000825,RHD-RSPAN-000797,RHD-S1809-00953,Müſſen,Nehé hoſſelémela,nehe hosselemela,332,mixed_or_uncertain_profile,low_machine_signal,4,0.7312,0.0,nachpigualeke,5,0.688,False,not_assessed
RHD-RTRI-000826,RHD-RSPAN-000825,RHD-S1809-00983,Ob?,Há und tſa,ha und tsa,334,mixed_or_uncertain_profile,low_machine_signal,4,0.7303,0.5,haagameke,5,0.5,False,not_assessed
RHD-RTRI-000827,RHD-RSPAN-001430,RHD-S1809-01614,Zugehören,kuepu iche,kuepu iche,352,mixed_or_uncertain_profile,low_machine_signal,4,0.7186,0.0,kachela,5,0.5,False,not_assessed
RHD-RTRI-000828,RHD-RSPAN-000419,RHD-S1809-00545,Früh,oder taló tajenáſago,oder talo tajenasago,319,mixed_or_uncertain_profile,low_machine_signal,4,0.7145,0.333,,,0.0,False,not_assessed
RHD-RTRI-000829,RHD-RSPAN-000999,RHD-S1809-01186,Selbſt,Igórtela,igortela,341,mixed_or_uncertain_profile,low_machine_signal,4,0.6963,0.0,igossela,2,0.75,False,not_assessed
RHD-RTRI-000830,RHD-RSPAN-000517,RHD-S1809-00652,Groß,etſchuſtu,etschustu,323,mixed_or_uncertain_profile,low_machine_signal,4,0.6923,0.0,etschubu,2,0.778,False,not_assessed
RHD-RTRI-000831,RHD-RSPAN-001280,RHD-S1809-01492,Vogel,Guacamaja eine Papagey-Art,guacamaja eine papagey-art,349,german_context_profile_signal,high_machine_context_signal,4,0.6666,0.75,,,0.0,False,not_assessed
RHD-RTRI-000832,RHD-RSPAN-000986,RHD-S1809-01172,Sehen,Mattchi,mattchi,340,mixed_or_uncertain_profile,low_machine_signal,4,0.6645,0.0,matschi,1,0.857,False,not_assessed
RHD-RTRI-000833,RHD-RSPAN-000631,RHD-S1809-00758,Ich,neheli,neheli,326,mixed_or_uncertain_profile,low_machine_signal,4,0.6627,0.0,neheje,2,0.667,False,not_assessed
RHD-RTRI-000834,RHD-RSPAN-000526,RHD-S1809-00668,Haus,Beccù,beccu,323,mixed_or_uncertain_profile,low_machine_signal,4,0.6481,0.0,bucu,2,0.6,False,not_assessed
RHD-RTRI-000835,RHD-RSPAN-000437,RHD-S1809-00563,Gebähren,Raná oder taná,rana oder tana,319,mixed_or_uncertain_profile,low_machine_signal,4,0.6145,0.667,rachtabatsaboa,5,0.643,False,not_assessed
RHD-RTRI-000836,RHD-RSPAN-001444,RHD-S1809-01622,Zurück,becú ne tó,becu ne to,352,mixed_or_uncertain_profile,low_machine_signal,4,0.5755,0.0,bacaguaca,5,0.5,False,not_assessed
RHD-RTRI-000837,RHD-RSPAN-000237,RHD-S1809-00315,Da,matámehé,matamehe,311,mixed_or_uncertain_profile,low_machine_signal,4,0.5733,0.0,mataca,4,0.5,False,not_assessed
RHD-RTRI-000838,RHD-RSPAN-000837,RHD-S1809-00994,Packen,oder ſeguí ſimí,oder segui simi,334,mixed_or_uncertain_profile,low_machine_signal,4,0.5686,0.333,ossanaguessa,5,0.667,False,not_assessed
RHD-RTRI-000839,RHD-RSPAN-000695,RHD-S1809-00836,Kröte,heißt Temoſatſchic,heisst temosatschic,328,mixed_or_uncertain_profile,low_machine_signal,4,0.5591,0.5,,,0.0,False,not_assessed
RHD-RTRI-000840,RHD-RSPAN-000524,RHD-S1809-00665,Haſe,Tichárje,ticharje,323,mixed_or_uncertain_profile,low_machine_signal,4,0.5431,0.0,tachpe,4,0.5,False,not_assessed
RHD-RTRI-000841,RHD-RSPAN-000230,RHD-S1809-00315,Da,hecabúiché,hecabuiche,311,mixed_or_uncertain_profile,low_machine_signal,4,0.5378,0.0,haagameke,5,0.5,False,not_assessed
RHD-RTRI-000842,RHD-RSPAN-000217,RHD-S1809-00297,Brennholz,Kúllu,kullu,310,mixed_or_uncertain_profile,low_machine_signal,4,0.5326,0.0,kuku,2,0.6,False,not_assessed
RHD-RTRI-000843,RHD-RSPAN-000146,RHD-S1809-00210,Behend,Belágo,belago,308,mixed_or_uncertain_profile,low_machine_signal,4,0.5252,0.0,bala,3,0.5,False,not_assessed
RHD-RTRI-000844,RHD-RSPAN-000298,RHD-S1809-00385,Eilends,Belágo,belago,313,mixed_or_uncertain_profile,low_machine_signal,4,0.5252,0.0,bala,3,0.5,False,not_assessed
RHD-RTRI-000845,RHD-RSPAN-000434,RHD-S1809-00557,Gähe,Belágo,belago,319,mixed_or_uncertain_profile,low_machine_signal,4,0.5252,0.0,bala,3,0.5,False,not_assessed
RHD-RTRI-000846,RHD-RSPAN-000475,RHD-S1809-00599,Geſchwind,Belágo,belago,320,mixed_or_uncertain_profile,low_machine_signal,4,0.5252,0.0,bala,3,0.5,False,not_assessed
RHD-RTRI-000847,RHD-RSPAN-000602,RHD-S1809-00748,Hurtig,Belago,belago,325,mixed_or_uncertain_profile,low_machine_signal,4,0.5252,0.0,bala,3,0.5,False,not_assessed
RHD-RTRI-000848,RHD-RSPAN-000938,RHD-S1809-01120,Schleunig,Belágo,belago,339,mixed_or_uncertain_profile,low_machine_signal,4,0.5252,0.0,bala,3,0.5,False,not_assessed
RHD-RTRI-000849,RHD-RSPAN-000802,RHD-S1809-00958,Mutter,pater Pedri,pater pedri,332,mixed_or_uncertain_profile,low_machine_signal,4,0.5232,0.0,pabahischie,5,0.545,False,not_assessed
RHD-RTRI-000850,RHD-RSPAN-000325,RHD-S1809-00414,Ente,In ganz Amerika,in ganz amerika,314,mixed_or_uncertain_profile,low_machine_signal,4,0.5221,0.5,itschiguajameke,5,0.667,False,not_assessed
RHD-RTRI-000851,RHD-RSPAN-000249,RHD-S1809-00325,Derſelbe,Iche Etſe,iche etse,312,mixed_or_uncertain_profile,low_machine_signal,4,0.5189,0.0,ichetso,3,0.667,False,not_assessed
RHD-RTRI-000852,RHD-RSPAN-000746,RHD-S1809-00892,Losbinden,Botané,botane,330,mixed_or_uncertain_profile,low_machine_signal,4,0.5101,0.0,batani,2,0.667,False,not_assessed
RHD-RTRI-000853,RHD-RSPAN-000381,RHD-S1809-00479,Feige indianiſche,Nopál,nopal,316,mixed_or_uncertain_profile,low_machine_signal,4,0.4838,0.0,napa,2,0.6,False,not_assessed
RHD-RTRI-000854,RHD-RSPAN-000040,RHD-S1809-00079,Als,Mapú ieri,mapu ieri,302,mixed_or_uncertain_profile,low_machine_signal,4,0.4838,0.0,maguali,5,0.444,False,not_assessed
RHD-RTRI-000855,RHD-RSPAN-000303,RHD-S1809-00390,Eben ſo,Mapú ierí,mapu ieri,313,mixed_or_uncertain_profile,low_machine_signal,4,0.4838,0.0,maguali,5,0.444,False,not_assessed
RHD-RTRI-000856,RHD-RSPAN-000481,RHD-S1809-00604,Geſund,auchi mu inile,auchi mu inile,320,mixed_or_uncertain_profile,low_machine_signal,4,0.4824,0.0,atschilelila,5,0.643,False,not_assessed
RHD-RTRI-000857,RHD-RSPAN-001346,RHD-S1809-01541,Waizen,Schunúcu,schunucu,350,mixed_or_uncertain_profile,low_machine_signal,4,0.4776,0.0,schugua,3,0.625,False,not_assessed
RHD-RTRI-000858,RHD-RSPAN-000685,RHD-S1809-00829,Kratzen,Suchcú,suchcu,327,mixed_or_uncertain_profile,low_machine_signal,4,0.4637,0.0,suenku,3,0.5,False,not_assessed
RHD-RTRI-000859,RHD-RSPAN-000527,RHD-S1809-00668,Haus,Bechteke,bechteke,323,mixed_or_uncertain_profile,low_machine_signal,4,0.4532,0.0,babali,5,0.375,False,not_assessed
RHD-RTRI-000860,RHD-RSPAN-001362,RHD-S1809-01559,Wohnung,Bechtéke,bechteke,351,mixed_or_uncertain_profile,low_machine_signal,4,0.4532,0.0,babali,5,0.375,False,not_assessed
RHD-RTRI-000861,RHD-RSPAN-001096,RHD-S1809-01286,Strafen,Muhé nachteſá iníle,muhe nachtesa inile,344,mixed_or_uncertain_profile,low_machine_signal,4,0.4416,0.0,,,0.0,False,not_assessed
RHD-RTRI-000862,RHD-RSPAN-000977,RHD-S1809-01164,Schwören,oder Santa Crucítaje,oder santa crucitaje,340,mixed_or_uncertain_profile,low_machine_signal,4,0.4118,0.333,,,0.0,False,not_assessed
RHD-RTRI-000863,RHD-RSPAN-000262,RHD-S1809-00337,Dorfrichter,Cuſiki heißt Holz,cusiki heisst holz,312,mixed_or_uncertain_profile,low_machine_signal,4,0.4109,0.667,,,0.0,False,not_assessed
RHD-RTRI-000864,RHD-RSPAN-000546,RHD-S1809-00687,Herbringen,Hergebracht Tòrugameke,hergebracht torugameke,324,mixed_or_uncertain_profile,low_machine_signal,4,0.4046,0.0,,,0.0,False,not_assessed
RHD-RTRI-000865,RHD-RSPAN-001441,RHD-S1809-01622,Zurück,Becú,becu,352,mixed_or_uncertain_profile,low_machine_signal,4,0.3968,0.0,bucu,1,0.75,False,not_assessed
RHD-RTRI-000866,RHD-RSPAN-001421,RHD-S1809-01605,Ziehen,Manifúcu,manifucu,352,mixed_or_uncertain_profile,low_machine_signal,4,0.3898,0.0,maguali,5,0.375,False,not_assessed
RHD-RTRI-000867,RHD-RSPAN-000944,RHD-S1809-01122,Schlimm,Tſeibé,tseibe,339,mixed_or_uncertain_profile,low_machine_signal,4,0.3895,0.0,tletibe,2,0.714,False,not_assessed
RHD-RTRI-000868,RHD-RSPAN-001002,RHD-S1809-01191,Seyn,heißt es tſchucú,heisst es tschucu,341,mixed_or_uncertain_profile,low_machine_signal,4,0.3721,0.5,,,0.0,False,not_assessed
RHD-RTRI-000869,RHD-RSPAN-000360,RHD-S1809-00452,Erwiedern,Nachteuje,nachteuje,315,mixed_or_uncertain_profile,low_machine_signal,4,0.3663,0.0,nachtetuje,1,0.9,False,not_assessed
RHD-RTRI-000870,RHD-RSPAN-000399,RHD-S1809-00509,Fledermaus,Soperlebi,soperlebi,317,mixed_or_uncertain_profile,low_machine_signal,4,0.3645,0.0,sopeichi,4,0.556,False,not_assessed
RHD-RTRI-000871,RHD-RSPAN-001387,RHD-S1809-01582,Zahn,ternela,ternela,351,mixed_or_uncertain_profile,low_machine_signal,4,0.3349,0.0,tenila,2,0.714,False,not_assessed
RHD-RTRI-000872,RHD-RSPAN-000533,RHD-S1809-00673,Heilend,Ogudé,ogude,324,mixed_or_uncertain_profile,low_machine_signal,4,0.3327,0.0,ogue,1,0.8,False,not_assessed
RHD-RTRI-000873,RHD-RSPAN-000228,RHD-S1809-00315,Da,hecá nehé,heca nehe,311,mixed_or_uncertain_profile,low_machine_signal,4,0.3204,0.0,hena ibe,4,0.556,False,not_assessed
RHD-RTRI-000874,RHD-RSPAN-001163,RHD-S1809-01372,Unabläßlich,Sinevi oder sinivi,sinevi oder sinivi,347,mixed_or_uncertain_profile,low_machine_signal,4,0.3105,0.333,,,0.0,False,not_assessed
RHD-RTRI-000875,RHD-RSPAN-000136,RHD-S1809-00200,Befruchten,naß,nass,308,mixed_or_uncertain_profile,low_machine_signal,4,0.2654,0.0,napa,2,0.5,False,not_assessed
RHD-RTRI-000876,RHD-RSPAN-000589,RHD-S1809-00735,Holz,Kúſſu,kussu,325,mixed_or_uncertain_profile,low_machine_signal,4,0.2207,0.0,kuku,2,0.6,False,not_assessed
RHD-RTRI-000877,RHD-RSPAN-001358,RHD-S1809-01556,Wohlauf ſeyn,Gáhiniſe,gahinise,351,mixed_or_uncertain_profile,low_machine_signal,4,0.2198,0.0,ganilile,3,0.625,False,not_assessed
RHD-RTRI-000878,RHD-RSPAN-001375,RHD-S1809-01566,Wollen,oder tane ela,oder tane ela,351,mixed_or_uncertain_profile,low_machine_signal,4,0.2189,0.333,ossanaguessa,5,0.615,False,not_assessed
RHD-RTRI-000879,RHD-RSPAN-000779,RHD-S1809-00945,Mögen,Ká oder gá,ka oder ga,332,german_context_profile_signal,high_machine_context_signal,4,0.2166,1.0,kachela,5,0.5,False,not_assessed
RHD-RTRI-000880,RHD-RSPAN-000088,RHD-S1809-00137,Aufbinden,Borané,borane,304,mixed_or_uncertain_profile,low_machine_signal,4,0.1729,0.0,baje,3,0.5,False,not_assessed
RHD-RTRI-000881,RHD-RSPAN-000822,RHD-S1809-00981,Nur,nur du,nur du,334,german_context_profile_signal,high_machine_context_signal,4,0.1561,1.0,najulu,4,0.333,False,not_assessed
RHD-RTRI-000882,RHD-RSPAN-000957,RHD-S1809-01141,Schreiben,Hoſſeé,hossee,340,mixed_or_uncertain_profile,low_machine_signal,4,0.1438,0.0,hoje,3,0.5,False,not_assessed
RHD-RTRI-000883,RHD-RSPAN-000928,RHD-S1809-01117,Schlangen,aber ganz gequetſcht,aber ganz gequetscht,339,mixed_or_uncertain_profile,low_machine_signal,4,0.1435,0.667,,,0.0,False,not_assessed
RHD-RTRI-000884,RHD-RSPAN-000227,RHD-S1809-00315,Da,eundo cecidi,eundo cecidi,311,mixed_or_uncertain_profile,low_machine_signal,4,0.1413,0.0,echsamela,5,0.583,False,not_assessed
RHD-RTRI-000885,RHD-RSPAN-000477,RHD-S1809-00599,Geſchwind,vielfach hiáſi,vielfach hiasi,320,mixed_or_uncertain_profile,low_machine_signal,4,0.1086,0.5,vasseraseke,5,0.643,False,not_assessed
RHD-RTRI-000886,RHD-RSPAN-000459,RHD-S1809-00584,Geiß,wird hoguíla zugeſetzt,wird hoguila zugesetzt,320,mixed_or_uncertain_profile,low_machine_signal,4,0.1031,0.333,,,0.0,False,not_assessed
RHD-RTRI-000887,RHD-RSPAN-001045,RHD-S1809-01234,Spielplatz,von elaſtiſchem Gummi,von elastischem gummi,343,mixed_or_uncertain_profile,low_machine_signal,4,0.0717,0.333,,,0.0,False,not_assessed
RHD-RTRI-000888,RHD-RSPAN-001051,RHD-S1809-01238,Spielplatz,von elaſtiſchem Gummi,von elastischem gummi,343,mixed_or_uncertain_profile,low_machine_signal,4,0.0717,0.333,,,0.0,False,not_assessed
RHD-RTRI-000889,RHD-RSPAN-000346,RHD-S1809-00444,Erſchrecken,erſchrocken mahejameke,erschrocken mahejameke,315,mixed_or_uncertain_profile,low_machine_signal,4,-0.0047,0.0,,,0.0,False,not_assessed
RHD-RTRI-000890,RHD-RSPAN-000174,RHD-S1809-00241,Beſitzen,haſt du,hast du,308,mixed_or_uncertain_profile,low_machine_signal,4,-0.0089,0.0,hatsca,4,0.429,False,not_assessed
RHD-RTRI-000891,RHD-RSPAN-000430,RHD-S1809-00551,Fuß,oder Tarahumari her,oder tarahumari her,319,mixed_or_uncertain_profile,low_machine_signal,4,-0.0116,0.667,,,0.0,False,not_assessed
RHD-RTRI-000892,RHD-RSPAN-000456,RHD-S1809-00581,Geige,mit Pech geleimt,mit pech geleimt,320,mixed_or_uncertain_profile,low_machine_signal,4,-0.023,0.333,mukiiatiameke,5,0.688,False,not_assessed
RHD-RTRI-000893,RHD-RSPAN-000933,RHD-S1809-01117,Schlangen,Man ſagte mir,man sagte mir,339,mixed_or_uncertain_profile,low_machine_signal,4,-0.0385,0.667,massisipoa,5,0.615,False,not_assessed
RHD-RTRI-000894,RHD-RSPAN-001283,RHD-S1809-01492,Vogel,Papiſoli iſt weiß,papisoli ist weiss,349,mixed_or_uncertain_profile,low_machine_signal,4,-0.0537,0.667,pitschaburameke,5,0.722,False,not_assessed
RHD-RTRI-000895,RHD-RSPAN-000940,RHD-S1809-01121,Schließen,Ecke,ecke,339,mixed_or_uncertain_profile,low_machine_signal,4,-0.0681,0.0,eke,1,0.75,False,not_assessed
RHD-RTRI-000896,RHD-RSPAN-001389,RHD-S1809-01586,Zehn,10 Gebote,10 gebote,352,mixed_or_uncertain_profile,low_machine_signal,4,-0.0879,0.0,,,0.0,False,not_assessed
RHD-RTRI-000897,RHD-RSPAN-000630,RHD-S1809-00758,Ich,nehé,nehe,326,mixed_or_uncertain_profile,low_machine_signal,4,-0.0934,0.0,nene,1,0.75,False,not_assessed
RHD-RTRI-000898,RHD-RSPAN-001233,RHD-S1809-01459,Verſchneiden,Hahn &c,hahn c,348,german_context_profile_signal,high_machine_context_signal,4,-0.0962,1.0,haa,4,0.333,False,not_assessed
RHD-RTRI-000899,RHD-RSPAN-000070,RHD-S1809-00107,Apatſchee,Unſere Tarahumaren,unsere tarahumaren,302,mixed_or_uncertain_profile,low_machine_signal,4,-0.1228,0.0,,,0.0,False,not_assessed
RHD-RTRI-000900,RHD-RSPAN-000222,RHD-S1809-00300,Brod,oder beſſer Reméke,oder besser remeke,310,german_context_profile_signal,high_machine_context_signal,4,-0.1577,1.0,,,0.0,False,not_assessed
RHD-RTRI-000901,RHD-RSPAN-001020,RHD-S1809-01206,Sohle,Sie iſt v,sie ist v,341,german_context_profile_signal,high_machine_context_signal,4,-0.1719,1.0,saateameke,5,0.5,False,not_assessed
RHD-RTRI-000902,RHD-RSPAN-001282,RHD-S1809-01492,Vogel,Papagey,papagey,349,german_context_profile_signal,high_machine_context_signal,4,-0.1939,1.0,pabahi,4,0.429,False,not_assessed
RHD-RTRI-000903,RHD-RSPAN-000688,RHD-S1809-00830,Kraut,welches die Tarahumaren,welches die tarahumaren,327,mixed_or_uncertain_profile,low_machine_signal,4,-0.2018,0.333,,,0.0,False,not_assessed
RHD-RTRI-000904,RHD-RSPAN-000326,RHD-S1809-00414,Ente,kein Haaſe,kein haase,314,mixed_or_uncertain_profile,low_machine_signal,4,-0.217,0.0,kachela,5,0.5,False,not_assessed
RHD-RTRI-000905,RHD-RSPAN-000176,RHD-S1809-00241,Beſitzen,Man will z,man will z,308,mixed_or_uncertain_profile,low_machine_signal,4,-0.222,0.5,maguali,5,0.5,False,not_assessed
RHD-RTRI-000906,RHD-RSPAN-000253,RHD-S1809-00331,Dieſer,Eſſe Iche,esse iche,312,mixed_or_uncertain_profile,low_machine_signal,4,-0.2252,0.0,echsamela,5,0.444,False,not_assessed
RHD-RTRI-000907,RHD-RSPAN-001390,RHD-S1809-01586,Zehn,10 Jahre,10 jahre,352,german_context_profile_signal,high_machine_context_signal,4,-0.2307,1.0,,,0.0,False,not_assessed
RHD-RTRI-000908,RHD-RSPAN-000537,RHD-S1809-00676,Heiſſen,Ich heiß Johan,ich heiss johan,324,mixed_or_uncertain_profile,low_machine_signal,4,-0.2363,0.667,itschiguajameke,5,0.667,False,not_assessed
RHD-RTRI-000909,RHD-RSPAN-001056,RHD-S1809-01250,Sprechen,rúge,ruge,343,mixed_or_uncertain_profile,low_machine_signal,4,-0.2517,0.0,ruje,1,0.75,False,not_assessed
RHD-RTRI-000910,RHD-RSPAN-000413,RHD-S1809-00530,Fragen,haſt es gethan,hast es gethan,318,mixed_or_uncertain_profile,low_machine_signal,4,-0.2599,0.0,haleseatschic,5,0.643,False,not_assessed
RHD-RTRI-000911,RHD-RSPAN-000002,RHD-S1809-00001,Abgehen,Es gehet ab,es gehet ab,301,mixed_or_uncertain_profile,low_machine_signal,4,-0.2634,0.0,echsamela,5,0.545,False,not_assessed
RHD-RTRI-000912,RHD-RSPAN-001213,RHD-S1809-01438,Verhexen,einem rauhen Volke,einem rauhen volke,347,mixed_or_uncertain_profile,low_machine_signal,4,-0.2659,0.0,,,0.0,False,not_assessed
RHD-RTRI-000913,RHD-RSPAN-000741,RHD-S1809-00886,Liegen,Hier liegts,hier liegts,330,mixed_or_uncertain_profile,low_machine_signal,4,-0.267,0.5,haagameke,5,0.545,False,not_assessed
RHD-RTRI-000914,RHD-RSPAN-000454,RHD-S1809-00578,Gehen,So geh doch,so geh doch,320,german_context_profile_signal,high_machine_context_signal,4,-0.2736,1.0,saateameke,5,0.545,False,not_assessed
RHD-RTRI-000915,RHD-RSPAN-000449,RHD-S1809-00578,Gehen,— Es geht ab,es geht ab,320,german_context_profile_signal,high_machine_context_signal,4,-0.2796,1.0,echsamela,5,0.5,False,not_assessed
RHD-RTRI-000916,RHD-RSPAN-000771,RHD-S1809-00929,Metall,auch ſogar Glas,auch sogar glas,331,mixed_or_uncertain_profile,low_machine_signal,4,-0.3196,0.667,atschilelila,5,0.667,False,not_assessed
RHD-RTRI-000917,RHD-RSPAN-000175,RHD-S1809-00241,Beſitzen,haſt du Vieh,hast du vieh,308,mixed_or_uncertain_profile,low_machine_signal,4,-0.3226,0.5,haagameke,5,0.583,False,not_assessed
RHD-RTRI-000918,RHD-RSPAN-000067,RHD-S1809-00107,Apatſchee,und barbariſche Nazion,und barbarische nazion,302,mixed_or_uncertain_profile,low_machine_signal,4,-0.3229,0.333,,,0.0,False,not_assessed
RHD-RTRI-000919,RHD-RSPAN-001030,RHD-S1809-01221,Speiſe,bey Aloe,bey aloe,342,mixed_or_uncertain_profile,low_machine_signal,4,-0.3289,0.5,babali,5,0.375,False,not_assessed
RHD-RTRI-000920,RHD-RSPAN-000321,RHD-S1809-00414,Ente,eine franzöſiſche Suppe,eine franzosische suppe,314,mixed_or_uncertain_profile,low_machine_signal,4,-0.3418,0.667,,,0.0,False,not_assessed
RHD-RTRI-000921,RHD-RSPAN-001048,RHD-S1809-01238,Spielplatz,ganz geſchickt,ganz geschickt,343,mixed_or_uncertain_profile,low_machine_signal,4,-0.3532,0.5,gala ta simega,5,0.643,False,not_assessed
RHD-RTRI-000922,RHD-RSPAN-000850,RHD-S1809-01006,Pflug,gut einpaſſen,gut einpassen,335,mixed_or_uncertain_profile,low_machine_signal,4,-0.354,0.5,gala ta simega,5,0.643,False,not_assessed
RHD-RTRI-000923,RHD-RSPAN-001038,RHD-S1809-01227,Spiel,Denn tala Fuß,denn tala fuss,342,mixed_or_uncertain_profile,low_machine_signal,4,-0.3566,0.333,,,0.0,False,not_assessed
RHD-RTRI-000924,RHD-RSPAN-000927,RHD-S1809-01112,Schimmeln,Es ſchimmelt ſchon,es schimmelt schon,338,german_context_profile_signal,high_machine_context_signal,4,-0.36,1.0,,,0.0,False,not_assessed
RHD-RTRI-000925,RHD-RSPAN-000975,RHD-S1809-01162,Schwißſtube,Badſtube,badstube,340,mixed_or_uncertain_profile,low_machine_signal,4,-0.3624,0.0,batsabe,3,0.625,False,not_assessed
RHD-RTRI-000926,RHD-RSPAN-000155,RHD-S1809-00221,Belieben,Es beliebt mir,es beliebt mir,308,mixed_or_uncertain_profile,low_machine_signal,4,-0.3643,0.5,echtschiruc,5,0.643,False,not_assessed
RHD-RTRI-000927,RHD-RSPAN-000350,RHD-S1809-00445,Erſtarren,mir iſt kalt,mir ist kalt,315,german_context_profile_signal,high_machine_context_signal,4,-0.38,1.0,massisipoa,5,0.583,False,not_assessed
RHD-RTRI-000928,RHD-RSPAN-000645,RHD-S1809-00770,Kalt,Mir iſt kalt,mir ist kalt,326,german_context_profile_signal,high_machine_context_signal,4,-0.38,1.0,massisipoa,5,0.583,False,not_assessed
RHD-RTRI-000929,RHD-RSPAN-001031,RHD-S1809-01221,Speiſe,Gute,gute,342,german_context_profile_signal,high_machine_context_signal,4,-0.3893,1.0,gue,1,0.75,False,not_assessed
RHD-RTRI-000930,RHD-RSPAN-000774,RHD-S1809-00929,Metall,Kupfer ꝛc,kupfer c,331,german_context_profile_signal,high_machine_context_signal,4,-0.409,1.0,kacac,5,0.375,False,not_assessed
RHD-RTRI-000931,RHD-RSPAN-001264,RHD-S1809-01482,Vier,Vier Tage,vier tage,348,mixed_or_uncertain_profile,low_machine_signal,4,-0.4305,0.5,vacalchi,5,0.444,False,not_assessed
RHD-RTRI-000932,RHD-RSPAN-000916,RHD-S1809-01100,Scheinen,Es ſcheinet mir,es scheinet mir,338,mixed_or_uncertain_profile,low_machine_signal,4,-0.4383,0.5,etschaguoameke,5,0.667,False,not_assessed
RHD-RTRI-000933,RHD-RSPAN-000370,RHD-S1809-00474,Faulenzen,Es faulet ſchon,es faulet schon,316,german_context_profile_signal,high_machine_context_signal,4,-0.4465,1.0,etschaguoameke,5,0.667,False,not_assessed
RHD-RTRI-000934,RHD-RSPAN-001254,RHD-S1809-01480,Viel,Gar nicht viel,gar nicht viel,348,german_context_profile_signal,high_machine_context_signal,4,-0.4531,1.0,gala ta simega,5,0.643,False,not_assessed
RHD-RTRI-000935,RHD-RSPAN-000931,RHD-S1809-01117,Schlangen,Die Tarahumaren ſagen,die tarahumaren sagen,339,mixed_or_uncertain_profile,low_machine_signal,4,-0.4585,0.667,,,0.0,False,not_assessed
RHD-RTRI-000936,RHD-RSPAN-000226,RHD-S1809-00315,Da,da ich gieng,da ich gieng,311,mixed_or_uncertain_profile,low_machine_signal,4,-0.4587,0.5,,,0.0,False,not_assessed
RHD-RTRI-000937,RHD-RSPAN-000626,RHD-S1809-00758,Ich,Ja wirklich,ja wirklich,326,mixed_or_uncertain_profile,low_machine_signal,4,-0.4657,0.0,jachcala,5,0.545,False,not_assessed
RHD-RTRI-000938,RHD-RSPAN-000730,RHD-S1809-00876,Lernen,es trocknet ſchon,es trocknet schon,330,german_context_profile_signal,high_machine_context_signal,4,-0.4779,1.0,etschaguoameke,5,0.706,False,not_assessed
RHD-RTRI-000939,RHD-RSPAN-000486,RHD-S1809-00608,Getränk,aber unmäßig genommen,aber unmassig genommen,321,mixed_or_uncertain_profile,low_machine_signal,4,-0.4929,0.333,,,0.0,False,not_assessed
RHD-RTRI-000940,RHD-RSPAN-000839,RHD-S1809-00994,Packen,Packet euch fort,packet euch fort,334,mixed_or_uncertain_profile,low_machine_signal,4,-0.4946,0.333,pitschaburameke,5,0.688,False,not_assessed
RHD-RTRI-000941,RHD-RSPAN-001373,RHD-S1809-01566,Wollen,ich will nicht,ich will nicht,351,mixed_or_uncertain_profile,low_machine_signal,4,-0.4952,0.667,ibe hoinela,5,0.643,False,not_assessed
RHD-RTRI-000942,RHD-RSPAN-001365,RHD-S1809-01560,Wolf,im flachen Lande,im flachen lande,351,mixed_or_uncertain_profile,low_machine_signal,4,-0.4966,0.0,itschiguajameke,5,0.688,False,not_assessed
RHD-RTRI-000943,RHD-RSPAN-000328,RHD-S1809-00414,Ente,keine Gans,keine gans,314,mixed_or_uncertain_profile,low_machine_signal,4,-0.5061,0.5,kachela,5,0.5,False,not_assessed
RHD-RTRI-000944,RHD-RSPAN-000917,RHD-S1809-01100,Scheinen,ich halte dafür,ich halte dafur,338,mixed_or_uncertain_profile,low_machine_signal,4,-0.5103,0.333,itschiguajameke,5,0.667,False,not_assessed
RHD-RTRI-000945,RHD-RSPAN-000041,RHD-S1809-00081,Alſo,geh alſo,geh also,302,german_context_profile_signal,high_machine_context_signal,4,-0.5181,1.0,gasso,4,0.5,False,not_assessed
RHD-RTRI-000946,RHD-RSPAN-000448,RHD-S1809-00578,Gehen,Er geht ſchon,er geht schon,320,german_context_profile_signal,high_machine_context_signal,4,-0.519,1.0,echtschiruc,5,0.615,False,not_assessed
RHD-RTRI-000947,RHD-RSPAN-000528,RHD-S1809-00668,Haus,Geh nach Haus,geh nach haus,323,mixed_or_uncertain_profile,low_machine_signal,4,-0.5196,0.667,gala ta simega,5,0.643,False,not_assessed
RHD-RTRI-000948,RHD-RSPAN-000672,RHD-S1809-00807,Können,ich kann nicht,ich kann nicht,327,german_context_profile_signal,high_machine_context_signal,4,-0.5211,1.0,ibe hoinela,5,0.643,False,not_assessed
RHD-RTRI-000949,RHD-RSPAN-000846,RHD-S1809-01001,Pfeil,Schilf oder Rohr,schilf oder rohr,335,german_context_profile_signal,high_machine_context_signal,4,-0.5359,1.0,,,0.0,False,not_assessed
RHD-RTRI-000950,RHD-RSPAN-000198,RHD-S1809-00276,Bley,Metall,metall,309,german_context_profile_signal,high_machine_context_signal,4,-0.5405,1.0,mataca,3,0.5,False,not_assessed
RHD-RTRI-000951,RHD-RSPAN-000316,RHD-S1809-00410,Eiſen,Metall,metall,314,german_context_profile_signal,high_machine_context_signal,4,-0.5405,1.0,mataca,3,0.5,False,not_assessed
RHD-RTRI-000952,RHD-RSPAN-000462,RHD-S1809-00589,Geld,Metall,metall,320,german_context_profile_signal,high_machine_context_signal,4,-0.5405,1.0,mataca,3,0.5,False,not_assessed
RHD-RTRI-000953,RHD-RSPAN-000493,RHD-S1809-00624,Glas,Metall,metall,322,german_context_profile_signal,high_machine_context_signal,4,-0.5405,1.0,mataca,3,0.5,False,not_assessed
RHD-RTRI-000954,RHD-RSPAN-000501,RHD-S1809-00636,Gold,Metall,metall,322,german_context_profile_signal,high_machine_context_signal,4,-0.5405,1.0,mataca,3,0.5,False,not_assessed
RHD-RTRI-000955,RHD-RSPAN-000704,RHD-S1809-00845,Kupfer,Metall,metall,328,german_context_profile_signal,high_machine_context_signal,4,-0.5405,1.0,mataca,3,0.5,False,not_assessed
RHD-RTRI-000956,RHD-RSPAN-000847,RHD-S1809-01004,Pfennig,Metall,metall,335,german_context_profile_signal,high_machine_context_signal,4,-0.5405,1.0,mataca,3,0.5,False,not_assessed
RHD-RTRI-000957,RHD-RSPAN-001015,RHD-S1809-01200,Silber,Metall,metall,341,german_context_profile_signal,high_machine_context_signal,4,-0.5405,1.0,mataca,3,0.5,False,not_assessed
RHD-RTRI-000958,RHD-RSPAN-001425,RHD-S1809-01608,Zinn,Metall,metall,352,german_context_profile_signal,high_machine_context_signal,4,-0.5405,1.0,mataca,3,0.5,False,not_assessed
RHD-RTRI-000959,RHD-RSPAN-000349,RHD-S1809-00445,Erſtarren,Ich erſtarre,ich erstarre,315,mixed_or_uncertain_profile,low_machine_signal,4,-0.5542,0.5,ibe hoinela,5,0.583,False,not_assessed
RHD-RTRI-000960,RHD-RSPAN-000773,RHD-S1809-00929,Metall,Gold,gold,331,german_context_profile_signal,high_machine_context_signal,4,-0.5565,1.0,gala,2,0.5,False,not_assessed
RHD-RTRI-000961,RHD-RSPAN-000726,RHD-S1809-00869,Leopard,wo das Vieh,wo das vieh,329,german_context_profile_signal,high_machine_context_signal,4,-0.5604,1.0,,,0.0,False,not_assessed
RHD-RTRI-000962,RHD-RSPAN-000531,RHD-S1809-00673,Heilend,heilsam,heilsam,324,mixed_or_uncertain_profile,low_machine_signal,4,-0.5662,0.0,heicala,4,0.429,False,not_assessed
RHD-RTRI-000963,RHD-RSPAN-000838,RHD-S1809-00994,Packen,Packe dich fort,packe dich fort,334,mixed_or_uncertain_profile,low_machine_signal,4,-0.5775,0.333,pagotugameke,5,0.667,False,not_assessed
RHD-RTRI-000964,RHD-RSPAN-000095,RHD-S1809-00144,Aufſpielen,Muſikmachen,musikmachen,304,mixed_or_uncertain_profile,low_machine_signal,4,-0.5791,0.0,massisipoa,5,0.545,False,not_assessed
RHD-RTRI-000965,RHD-RSPAN-000682,RHD-S1809-00819,Kranich,daß man glaubt,dass man glaubt,327,mixed_or_uncertain_profile,low_machine_signal,4,-0.5812,0.667,,,0.0,False,not_assessed
RHD-RTRI-000966,RHD-RSPAN-000851,RHD-S1809-01006,Pflug,zur Saat bereitet,zur saat bereitet,335,mixed_or_uncertain_profile,low_machine_signal,4,-0.5891,0.333,,,0.0,False,not_assessed
RHD-RTRI-000967,RHD-RSPAN-000411,RHD-S1809-00530,Fragen,aufmerkſam machet,aufmerksam machet,318,mixed_or_uncertain_profile,low_machine_signal,4,-0.5935,0.5,,,0.0,False,not_assessed
RHD-RTRI-000968,RHD-RSPAN-000567,RHD-S1809-00718,Hinaus,ich ſehe,ich sehe,324,german_context_profile_signal,high_machine_context_signal,4,-0.6034,1.0,icheraje,4,0.5,False,not_assessed
RHD-RTRI-000969,RHD-RSPAN-000900,RHD-S1809-01077,Sattel,Packſattel und Reutzeug,packsattel und reutzeug,338,mixed_or_uncertain_profile,low_machine_signal,4,-0.6079,0.667,,,0.0,False,not_assessed
RHD-RTRI-000970,RHD-RSPAN-000099,RHD-S1809-00152,Baden,ſie gewaltig zurücktrieb,sie gewaltig zurucktrieb,305,mixed_or_uncertain_profile,low_machine_signal,4,-0.6091,0.333,,,0.0,False,not_assessed
RHD-RTRI-000971,RHD-RSPAN-000410,RHD-S1809-00526,Forelle,welche Säutli heißt,welche sautli heisst,318,mixed_or_uncertain_profile,low_machine_signal,4,-0.6135,0.667,,,0.0,False,not_assessed
RHD-RTRI-000972,RHD-RSPAN-000929,RHD-S1809-01117,Schlangen,daß ſie,dass sie,339,german_context_profile_signal,high_machine_context_signal,4,-0.6187,1.0,,,0.0,False,not_assessed
RHD-RTRI-000973,RHD-RSPAN-000464,RHD-S1809-00591,Gelind,ſachte,sachte,320,german_context_profile_signal,high_machine_context_signal,4,-0.6188,1.0,saate,2,0.667,False,not_assessed
RHD-RTRI-000974,RHD-RSPAN-001432,RHD-S1809-01614,Zugehören,ſo ſagen ſie,so sagen sie,352,german_context_profile_signal,high_machine_context_signal,4,-0.6207,1.0,saateameke,5,0.583,False,not_assessed
RHD-RTRI-000975,RHD-RSPAN-001118,RHD-S1809-01305,Sumpfig,wo Moraſte ſind,wo moraste sind,345,mixed_or_uncertain_profile,low_machine_signal,4,-0.6216,0.5,,,0.0,False,not_assessed
RHD-RTRI-000976,RHD-RSPAN-000474,RHD-S1809-00598,Geſchmack,ſehr gut,sehr gut,320,german_context_profile_signal,high_machine_context_signal,4,-0.6232,1.0,schugua,4,0.5,False,not_assessed
RHD-RTRI-000977,RHD-RSPAN-000056,RHD-S1809-00107,Apatſchee,000 Stücke geſtohlen,000 stucke gestohlen,302,mixed_or_uncertain_profile,low_machine_signal,4,-0.6242,0.0,,,0.0,False,not_assessed
RHD-RTRI-000978,RHD-RSPAN-000382,RHD-S1809-00479,Feige indianiſche,und köſtlich ſchmecket,und kostlich schmecket,316,mixed_or_uncertain_profile,low_machine_signal,4,-0.6272,0.667,,,0.0,False,not_assessed
RHD-RTRI-000979,RHD-RSPAN-000332,RHD-S1809-00428,Ereignen,Es ereignet ſich,es ereignet sich,315,mixed_or_uncertain_profile,low_machine_signal,4,-0.6347,0.5,etschaguoameke,5,0.688,False,not_assessed
RHD-RTRI-000980,RHD-RSPAN-000306,RHD-S1809-00397,Einkehren,Bechté,bechte,314,mixed_or_uncertain_profile,low_machine_signal,4,-0.6385,0.0,baca,4,0.333,False,not_assessed
RHD-RTRI-000981,RHD-RSPAN-000545,RHD-S1809-00685,Herbergen,Bechtè,bechte,324,mixed_or_uncertain_profile,low_machine_signal,4,-0.6385,0.0,baca,4,0.333,False,not_assessed
RHD-RTRI-000982,RHD-RSPAN-001359,RHD-S1809-01557,Wohnen,Bechte,bechte,351,mixed_or_uncertain_profile,low_machine_signal,4,-0.6385,0.0,baca,4,0.333,False,not_assessed
RHD-RTRI-000983,RHD-RSPAN-000193,RHD-S1809-00272,Blatt,Blatt eines Buches,blatt eines buches,309,mixed_or_uncertain_profile,low_machine_signal,4,-0.642,0.667,besser tsainijola,5,0.722,False,not_assessed
RHD-RTRI-000984,RHD-RSPAN-001371,RHD-S1809-01566,Wollen,ich will eſſen,ich will essen,351,mixed_or_uncertain_profile,low_machine_signal,4,-0.6436,0.667,ibe hoinela,5,0.643,False,not_assessed
RHD-RTRI-000985,RHD-RSPAN-001017,RHD-S1809-01204,Skorpion,heißen Alacránes,heissen alacranes,341,mixed_or_uncertain_profile,low_machine_signal,4,-0.6477,0.5,,,0.0,False,not_assessed
RHD-RTRI-000986,RHD-RSPAN-001279,RHD-S1809-01492,Vogel,frißt todtes Aas,frisst todtes aas,349,mixed_or_uncertain_profile,low_machine_signal,4,-0.6483,0.0,,,0.0,False,not_assessed
RHD-RTRI-000987,RHD-RSPAN-000082,RHD-S1809-00120,Armbruſt,zuvor wohl gebaitzten,zuvor wohl gebaitzten,304,mixed_or_uncertain_profile,low_machine_signal,4,-0.654,0.333,,,0.0,False,not_assessed
RHD-RTRI-000988,RHD-RSPAN-000452,RHD-S1809-00578,Gehen,mache doch,mache doch,320,german_context_profile_signal,high_machine_context_signal,4,-0.6582,1.0,maguali,5,0.5,False,not_assessed
RHD-RTRI-000989,RHD-RSPAN-000037,RHD-S1809-00074,Aloe,halb flüſſig machen,halb flussig machen,301,mixed_or_uncertain_profile,low_machine_signal,4,-0.6595,0.667,,,0.0,False,not_assessed
RHD-RTRI-000990,RHD-RSPAN-000540,RHD-S1809-00676,Heiſſen,wie heißt du,wie heisst du,324,german_context_profile_signal,high_machine_context_signal,4,-0.6615,1.0,,,0.0,False,not_assessed
RHD-RTRI-000991,RHD-RSPAN-000196,RHD-S1809-00275,Blech,ein dünnes Metall,ein dunnes metall,309,mixed_or_uncertain_profile,low_machine_signal,4,-0.6637,0.667,etschaguoameke,5,0.706,False,not_assessed
RHD-RTRI-000992,RHD-RSPAN-000119,RHD-S1809-00173,Bär,welcher entkömmt,welcher entkommt,306,mixed_or_uncertain_profile,low_machine_signal,4,-0.6642,0.0,,,0.0,False,not_assessed
RHD-RTRI-000993,RHD-RSPAN-000511,RHD-S1809-00644,Gries,ganz wohl,ganz wohl,322,german_context_profile_signal,high_machine_context_signal,4,-0.668,1.0,galabe,5,0.444,False,not_assessed
RHD-RTRI-000994,RHD-RSPAN-000671,RHD-S1809-00807,Können,bisweilen auch gá,bisweilen auch ga,327,german_context_profile_signal,high_machine_context_signal,4,-0.6716,1.0,besser tsainijola,5,0.706,False,not_assessed
RHD-RTRI-000995,RHD-RSPAN-000550,RHD-S1809-00697,Hertragen,Trag es her,trag es her,324,german_context_profile_signal,high_machine_context_signal,4,-0.6724,1.0,t-fligua,5,0.545,False,not_assessed
RHD-RTRI-000996,RHD-RSPAN-001342,RHD-S1809-01541,Waizen,ilternil,ilternil,350,mixed_or_uncertain_profile,low_machine_signal,4,-0.6729,0.0,ibe hoinela,5,0.545,False,not_assessed
RHD-RTRI-000997,RHD-RSPAN-000791,RHD-S1809-00953,Müſſen,ich muß machen,ich muss machen,332,german_context_profile_signal,high_machine_context_signal,4,-0.6795,1.0,itschiguajameke,5,0.667,False,not_assessed
RHD-RTRI-000998,RHD-RSPAN-001137,RHD-S1809-01330,Thun,Thuend,thuend,346,mixed_or_uncertain_profile,low_machine_signal,4,-0.6812,0.0,tajena,3,0.5,False,not_assessed
RHD-RTRI-000999,RHD-RSPAN-000075,RHD-S1809-00120,Armbruſt,als andere Nazionen,als andere nazionen,304,mixed_or_uncertain_profile,low_machine_signal,4,-0.6931,0.667,,,0.0,False,not_assessed
RHD-RTRI-001000,RHD-RSPAN-000121,RHD-S1809-00178,Bärtig,durch welche die,durch welche die,307,mixed_or_uncertain_profile,low_machine_signal,4,-0.6939,0.667,,,0.0,False,not_assessed
RHD-RTRI-001001,RHD-RSPAN-000483,RHD-S1809-00604,Geſund,ich bin geſund,ich bin gesund,320,mixed_or_uncertain_profile,low_machine_signal,4,-0.6961,0.667,ibe hoinela,5,0.643,False,not_assessed
RHD-RTRI-001002,RHD-RSPAN-000586,RHD-S1809-00731,Hoffen,ſondern man ſagt,sondern man sagt,325,mixed_or_uncertain_profile,low_machine_signal,4,-0.701,0.333,,,0.0,False,not_assessed
RHD-RTRI-001003,RHD-RSPAN-000896,RHD-S1809-01071,Sammeln,Man muß ſammeln,man muss sammeln,338,german_context_profile_signal,high_machine_context_signal,4,-0.7126,1.0,mukiiatiameke,5,0.688,False,not_assessed
RHD-RTRI-001004,RHD-RSPAN-000849,RHD-S1809-01006,Pflug,daß der Pflug,dass der pflug,335,german_context_profile_signal,high_machine_context_signal,4,-0.7208,1.0,,,0.0,False,not_assessed
RHD-RTRI-001005,RHD-RSPAN-001039,RHD-S1809-01227,Spiel,und huma laufen,und huma laufen,342,mixed_or_uncertain_profile,low_machine_signal,4,-0.7277,0.667,,,0.0,False,not_assessed
RHD-RTRI-001006,RHD-RSPAN-000599,RHD-S1809-00742,Hülſenfrucht,oder Schunúcu heißt,oder schunucu heisst,325,mixed_or_uncertain_profile,low_machine_signal,4,-0.7282,0.667,,,0.0,False,not_assessed
RHD-RTRI-001007,RHD-RSPAN-000936,RHD-S1809-01117,Schlangen,ſich hebt,sich hebt,339,mixed_or_uncertain_profile,low_machine_signal,4,-0.7284,0.5,saateameke,5,0.5,False,not_assessed
RHD-RTRI-001008,RHD-RSPAN-001338,RHD-S1809-01539,Weit,ob der Ort,ob der ort,350,german_context_profile_signal,high_machine_context_signal,4,-0.7317,1.0,ocanica,5,0.5,False,not_assessed
RHD-RTRI-001009,RHD-RSPAN-000327,RHD-S1809-00414,Ente,kein kleines Kalb,kein kleines kalb,314,mixed_or_uncertain_profile,low_machine_signal,4,-0.7426,0.667,,,0.0,False,not_assessed
RHD-RTRI-001010,RHD-RSPAN-000595,RHD-S1809-00742,Hülſenfrucht,Glatte Hülſenfrüchte,glatte hulsenfruchte,325,mixed_or_uncertain_profile,low_machine_signal,4,-0.7459,0.0,,,0.0,False,not_assessed
RHD-RTRI-001011,RHD-RSPAN-001058,RHD-S1809-01251,Staar,Einige ſind wachsgelb,einige sind wachsgelb,343,mixed_or_uncertain_profile,low_machine_signal,4,-0.7562,0.333,,,0.0,False,not_assessed
RHD-RTRI-001012,RHD-RSPAN-000194,RHD-S1809-00272,Blatt,Papier,papier,309,german_context_profile_signal,high_machine_context_signal,4,-0.7611,1.0,pahi,3,0.5,False,not_assessed
RHD-RTRI-001013,RHD-RSPAN-000218,RHD-S1809-00298,Brief,Papier,papier,310,german_context_profile_signal,high_machine_context_signal,4,-0.7611,1.0,pahi,3,0.5,False,not_assessed
RHD-RTRI-001014,RHD-RSPAN-000017,RHD-S1809-00014,Acht,Achtzigmal,achtzigmal,301,mixed_or_uncertain_profile,low_machine_signal,4,-0.7637,0.0,acabilague,5,0.5,False,not_assessed
RHD-RTRI-001015,RHD-RSPAN-000118,RHD-S1809-00173,Bär,ertappen ein Pferd,ertappen ein pferd,306,mixed_or_uncertain_profile,low_machine_signal,4,-0.7674,0.667,,,0.0,False,not_assessed
RHD-RTRI-001016,RHD-RSPAN-001219,RHD-S1809-01444,Verlaſſen,Dieß wird geſagt,diess wird gesagt,348,mixed_or_uncertain_profile,low_machine_signal,4,-0.7748,0.333,,,0.0,False,not_assessed
RHD-RTRI-001017,RHD-RSPAN-000835,RHD-S1809-00991,Ohrfeige,Maulſchelle,maulschelle,334,german_context_profile_signal,high_machine_context_signal,4,-0.7797,1.0,massisipoa,5,0.545,False,not_assessed
RHD-RTRI-001018,RHD-RSPAN-000207,RHD-S1809-00287,Bös,Böſes thun,boses thun,310,german_context_profile_signal,high_machine_context_signal,4,-0.7818,1.0,bacaguaca,5,0.5,False,not_assessed
RHD-RTRI-001019,RHD-RSPAN-001344,RHD-S1809-01541,Waizen,Nach abgelöſten Körnern,nach abgelosten kornern,350,mixed_or_uncertain_profile,low_machine_signal,4,-0.7826,0.0,,,0.0,False,not_assessed
RHD-RTRI-001020,RHD-RSPAN-000064,RHD-S1809-00107,Apatſchee,müde ward,mude ward,302,mixed_or_uncertain_profile,low_machine_signal,4,-0.7856,0.5,maguali,5,0.444,False,not_assessed
RHD-RTRI-001021,RHD-RSPAN-000057,RHD-S1809-00107,Apatſchee,Daher reiſete niemand,daher reisete niemand,302,mixed_or_uncertain_profile,low_machine_signal,4,-0.7895,0.667,,,0.0,False,not_assessed
RHD-RTRI-001022,RHD-RSPAN-000016,RHD-S1809-00014,Acht,Achtmal,achtmal,301,german_context_profile_signal,high_machine_context_signal,4,-0.7931,1.0,acaca,4,0.429,False,not_assessed
RHD-RTRI-001023,RHD-RSPAN-000022,RHD-S1809-00016,Acker,Gepflügter Acker,gepflugter acker,301,mixed_or_uncertain_profile,low_machine_signal,4,-0.7979,0.5,gala ta simega,5,0.688,False,not_assessed
RHD-RTRI-001024,RHD-RSPAN-000009,RHD-S1809-00007,Abſchicken,Abgeſchickt,abgeschickt,301,mixed_or_uncertain_profile,low_machine_signal,4,-0.8069,0.0,acabilague,5,0.545,False,not_assessed
RHD-RTRI-001025,RHD-RSPAN-000450,RHD-S1809-00578,Gehen,jetzt gleich,jetzt gleich,320,mixed_or_uncertain_profile,low_machine_signal,4,-0.8103,0.5,jolajameka,5,0.583,False,not_assessed
RHD-RTRI-001026,RHD-RSPAN-000727,RHD-S1809-00869,Leopard,wo Pferde u,wo pferde u,329,mixed_or_uncertain_profile,low_machine_signal,4,-0.8121,0.0,,,0.0,False,not_assessed
RHD-RTRI-001027,RHD-RSPAN-000138,RHD-S1809-00202,Begeben,Es begiebt ſich,es begiebt sich,308,mixed_or_uncertain_profile,low_machine_signal,4,-0.8222,0.5,etschaguoameke,5,0.667,False,not_assessed
RHD-RTRI-001028,RHD-RSPAN-001260,RHD-S1809-01480,Viel,Wie viel Jahr,wie viel jahr,348,german_context_profile_signal,high_machine_context_signal,4,-0.8249,1.0,,,0.0,False,not_assessed
RHD-RTRI-001029,RHD-RSPAN-001426,RHD-S1809-01609,Zinnen,außen am Gebäude,aussen am gebaude,352,mixed_or_uncertain_profile,low_machine_signal,4,-0.8271,0.0,,,0.0,False,not_assessed
RHD-RTRI-001030,RHD-RSPAN-000512,RHD-S1809-00644,Gries,gieſſen Waſſer darauf,giessen wasser darauf,322,mixed_or_uncertain_profile,low_machine_signal,4,-0.828,0.667,,,0.0,False,not_assessed
RHD-RTRI-001031,RHD-RSPAN-000129,RHD-S1809-00189,Baum,was holzartig iſt,was holzartig ist,307,mixed_or_uncertain_profile,low_machine_signal,4,-0.8286,0.667,,,0.0,False,not_assessed
RHD-RTRI-001032,RHD-RSPAN-000379,RHD-S1809-00479,Feige indianiſche,deſſen Aeſte große,dessen aeste grosse,316,mixed_or_uncertain_profile,low_machine_signal,4,-0.83,0.0,,,0.0,False,not_assessed
RHD-RTRI-001033,RHD-RSPAN-000068,RHD-S1809-00107,Apatſchee,und ermordet wurde,und ermordet wurde,302,mixed_or_uncertain_profile,low_machine_signal,4,-0.8315,0.333,,,0.0,False,not_assessed
RHD-RTRI-001034,RHD-RSPAN-000985,RHD-S1809-01172,Sehen,Blöd,blod,340,mixed_or_uncertain_profile,low_machine_signal,4,-0.8334,0.0,boa,2,0.5,False,not_assessed
RHD-RTRI-001035,RHD-RSPAN-000759,RHD-S1809-00911,Mauleſeltreiber,fleißig nachahmen,fleissig nachahmen,331,mixed_or_uncertain_profile,low_machine_signal,4,-0.8346,0.0,,,0.0,False,not_assessed
RHD-RTRI-001036,RHD-RSPAN-000722,RHD-S1809-00869,Leopard,ſpielt damit,spielt damit,329,mixed_or_uncertain_profile,low_machine_signal,4,-0.8355,0.5,saateameke,5,0.583,False,not_assessed
RHD-RTRI-001037,RHD-RSPAN-000102,RHD-S1809-00159,Backſtube,nicht wenig kratzet,nicht wenig kratzet,306,mixed_or_uncertain_profile,low_machine_signal,4,-0.8378,0.667,,,0.0,False,not_assessed
RHD-RTRI-001038,RHD-RSPAN-001376,RHD-S1809-01566,Wollen,ſagen ſie nur,sagen sie nur,351,german_context_profile_signal,high_machine_context_signal,4,-0.8434,1.0,saateameke,5,0.615,False,not_assessed
RHD-RTRI-001039,RHD-RSPAN-001379,RHD-S1809-01568,Wünſchen,Wollte Gott,wollte gott,351,german_context_profile_signal,high_machine_context_signal,4,-0.8526,1.0,,,0.0,False,not_assessed
RHD-RTRI-001040,RHD-RSPAN-000794,RHD-S1809-00953,Müſſen,man muß ackern,man muss ackern,332,german_context_profile_signal,high_machine_context_signal,4,-0.8537,1.0,melirugameke,5,0.667,False,not_assessed
RHD-RTRI-001041,RHD-RSPAN-001005,RHD-S1809-01191,Seyn,wo ſie iſt,wo sie ist,341,german_context_profile_signal,high_machine_context_signal,4,-0.8559,1.0,,,0.0,False,not_assessed
RHD-RTRI-001042,RHD-RSPAN-000441,RHD-S1809-00571,Gebot,Die zehn Gebote,die zehn gebote,320,mixed_or_uncertain_profile,low_machine_signal,4,-0.8646,0.667,,,0.0,False,not_assessed
RHD-RTRI-001043,RHD-RSPAN-000758,RHD-S1809-00911,Mauleſeltreiber,dem ſpaniſchen Rufe,dem spanischen rufe,331,mixed_or_uncertain_profile,low_machine_signal,4,-0.8689,0.333,,,0.0,False,not_assessed
RHD-RTRI-001044,RHD-RSPAN-001214,RHD-S1809-01438,Verhexen,Genug,genug,347,mixed_or_uncertain_profile,low_machine_signal,4,-0.8693,0.0,gane,3,0.4,False,not_assessed
RHD-RTRI-001045,RHD-RSPAN-000790,RHD-S1809-00953,Müſſen,ich muß gehen,ich muss gehen,332,german_context_profile_signal,high_machine_context_signal,4,-0.8747,1.0,ibe hoinela,5,0.643,False,not_assessed
RHD-RTRI-001046,RHD-RSPAN-000611,RHD-S1809-00756,Jahr,Fünf Jahre,funf jahre,325,mixed_or_uncertain_profile,low_machine_signal,4,-0.8921,0.5,,,0.0,False,not_assessed
RHD-RTRI-001047,RHD-RSPAN-000215,RHD-S1809-00296,Brennen,Es brennt ſchon,es brennt schon,310,german_context_profile_signal,high_machine_context_signal,4,-0.8974,1.0,etschaguoameke,5,0.667,False,not_assessed
RHD-RTRI-001048,RHD-RSPAN-000267,RHD-S1809-00343,Drauſſen,lernen ꝛc,lernen c,313,german_context_profile_signal,high_machine_context_signal,4,-0.8974,1.0,lavaca,5,0.375,False,not_assessed
RHD-RTRI-001049,RHD-RSPAN-001122,RHD-S1809-01310,Tanz,etwas dazu brummen,etwas dazu brummen,345,mixed_or_uncertain_profile,low_machine_signal,4,-0.9017,0.333,,,0.0,False,not_assessed
RHD-RTRI-001050,RHD-RSPAN-000225,RHD-S1809-00315,Da,bin ich gefallen,bin ich gefallen,311,mixed_or_uncertain_profile,low_machine_signal,4,-0.9038,0.333,baicarugameke,5,0.688,False,not_assessed
RHD-RTRI-001051,RHD-RSPAN-001043,RHD-S1809-01234,Spielplatz,ſchwer u,schwer u,343,mixed_or_uncertain_profile,low_machine_signal,4,-0.9152,0.0,saate,5,0.375,False,not_assessed
RHD-RTRI-001052,RHD-RSPAN-001049,RHD-S1809-01238,Spielplatz,ſchwer u,schwer u,343,mixed_or_uncertain_profile,low_machine_signal,4,-0.9152,0.0,saate,5,0.375,False,not_assessed
RHD-RTRI-001053,RHD-RSPAN-001046,RHD-S1809-01234,Spielplatz,wahrhaft barbariſches Spiel,wahrhaft barbarisches spiel,343,mixed_or_uncertain_profile,low_machine_signal,4,-0.9156,0.333,,,0.0,False,not_assessed
RHD-RTRI-001054,RHD-RSPAN-001052,RHD-S1809-01238,Spielplatz,wahrhaft barbariſches Spiel,wahrhaft barbarisches spiel,343,mixed_or_uncertain_profile,low_machine_signal,4,-0.9156,0.333,,,0.0,False,not_assessed
RHD-RTRI-001055,RHD-RSPAN-000120,RHD-S1809-00178,Bärtig,beſonders die Spanier,besonders die spanier,307,mixed_or_uncertain_profile,low_machine_signal,4,-0.9227,0.333,,,0.0,False,not_assessed
RHD-RTRI-001056,RHD-RSPAN-001372,RHD-S1809-01566,Wollen,ich will gehen,ich will gehen,351,mixed_or_uncertain_profile,low_machine_signal,4,-0.925,0.667,ibe hoinela,5,0.643,False,not_assessed
RHD-RTRI-001057,RHD-RSPAN-001305,RHD-S1809-01513,Wahrhaftig,Iſt ſehr betheuernd,ist sehr betheuernd,349,mixed_or_uncertain_profile,low_machine_signal,4,-0.934,0.667,,,0.0,False,not_assessed
RHD-RTRI-001058,RHD-RSPAN-000859,RHD-S1809-01029,Rechts,rechter Hand,rechter hand,336,mixed_or_uncertain_profile,low_machine_signal,4,-0.9445,0.5,racheliki,5,0.583,False,not_assessed
RHD-RTRI-001059,RHD-RSPAN-001263,RHD-S1809-01482,Vier,Vier Jahre,vier jahre,348,german_context_profile_signal,high_machine_context_signal,4,-0.9456,1.0,vacalchi,5,0.5,False,not_assessed
RHD-RTRI-001060,RHD-RSPAN-001120,RHD-S1809-01310,Tanz,aufgebundenem Haar,aufgebundenem haar,345,mixed_or_uncertain_profile,low_machine_signal,4,-0.9491,0.0,,,0.0,False,not_assessed
RHD-RTRI-001061,RHD-RSPAN-000795,RHD-S1809-00953,Müſſen,man muß ſuchen,man muss suchen,332,german_context_profile_signal,high_machine_context_signal,4,-0.9521,1.0,melirugameke,5,0.667,False,not_assessed
RHD-RTRI-001062,RHD-RSPAN-000864,RHD-S1809-01035,Reh,es ſey denn,es sey denn,336,mixed_or_uncertain_profile,low_machine_signal,4,-0.96,0.0,echsamela,5,0.545,False,not_assessed
RHD-RTRI-001063,RHD-RSPAN-000879,RHD-S1809-01053,Rühren,in einander miſchen,in einander mischen,338,mixed_or_uncertain_profile,low_machine_signal,4,-0.9607,0.5,,,0.0,False,not_assessed
RHD-RTRI-001064,RHD-RSPAN-000749,RHD-S1809-00895,Machen,der etwas macht,der etwas macht,330,german_context_profile_signal,high_machine_context_signal,4,-0.9622,1.0,,,0.0,False,not_assessed
RHD-RTRI-001065,RHD-RSPAN-000331,RHD-S1809-00414,Ente,ziehen ſie hinab,ziehen sie hinab,314,german_context_profile_signal,high_machine_context_signal,4,-0.9627,1.0,,,0.0,False,not_assessed
RHD-RTRI-001066,RHD-RSPAN-000505,RHD-S1809-00639,Graben,Man ſoll graben,man soll graben,322,german_context_profile_signal,high_machine_context_signal,4,-0.9646,1.0,melirugameke,5,0.667,False,not_assessed
RHD-RTRI-001067,RHD-RSPAN-000541,RHD-S1809-00677,Heitern,es heitert ſich,es heitert sich,324,mixed_or_uncertain_profile,low_machine_signal,4,-0.9664,0.5,etschaguoameke,5,0.667,False,not_assessed
RHD-RTRI-001068,RHD-RSPAN-000407,RHD-S1809-00522,Fluß,Jenſeit des Flußes,jenseit des flusses,318,mixed_or_uncertain_profile,low_machine_signal,4,-0.9687,0.667,juma guetsi gatigameke,5,0.773,False,not_assessed
RHD-RTRI-001069,RHD-RSPAN-001288,RHD-S1809-01496,Voll,Sich voll trinken,sich voll trinken,349,german_context_profile_signal,high_machine_context_signal,4,-0.9772,1.0,,,0.0,False,not_assessed
RHD-RTRI-001070,RHD-RSPAN-000714,RHD-S1809-00856,Lang,Sehr lang,sehr lang,328,german_context_profile_signal,high_machine_context_signal,4,-0.9777,1.0,saateameke,5,0.5,False,not_assessed
RHD-RTRI-001071,RHD-RSPAN-001417,RHD-S1809-01602,Ziegel,Leim,leim,352,german_context_profile_signal,high_machine_context_signal,4,-0.9781,1.0,laca,3,0.25,False,not_assessed
RHD-RTRI-001072,RHD-RSPAN-001070,RHD-S1809-01267,Stein,Steinerne Säule,steinerne saule,344,mixed_or_uncertain_profile,low_machine_signal,4,-0.9786,0.0,sikirugameke,5,0.667,False,not_assessed
RHD-RTRI-001073,RHD-RSPAN-000935,RHD-S1809-01117,Schlangen,ſehr groß,sehr gross,339,german_context_profile_signal,high_machine_context_signal,4,-0.9823,1.0,saateameke,5,0.5,False,not_assessed
RHD-RTRI-001074,RHD-RSPAN-001033,RHD-S1809-01221,Speiſe,ſchmackhafte Speiſe,schmackhafte speise,342,german_context_profile_signal,high_machine_context_signal,4,-0.9906,1.0,,,0.0,False,not_assessed
RHD-RTRI-001075,RHD-RSPAN-000563,RHD-S1809-00712,Himmel,ſie ſagen aber,sie sagen aber,324,german_context_profile_signal,high_machine_context_signal,4,-0.9939,1.0,schiojameke,5,0.643,False,not_assessed
RHD-RTRI-001076,RHD-RSPAN-000433,RHD-S1809-00553,Gebirg,zurückgelegt hatten,zuruckgelegt hatten,319,mixed_or_uncertain_profile,low_machine_signal,4,-0.994,0.0,,,0.0,False,not_assessed
RHD-RTRI-001077,RHD-RSPAN-000921,RHD-S1809-01103,Scherben,zerbrochenes Geſchirr,zerbrochenes geschirr,338,german_context_profile_signal,high_machine_context_signal,4,-0.9991,1.0,,,0.0,False,not_assessed
RHD-RTRI-001078,RHD-RSPAN-001404,RHD-S1809-01593,Zerbrechen,Zerbrochenes Geſchirr,zerbrochenes geschirr,352,german_context_profile_signal,high_machine_context_signal,4,-0.9991,1.0,,,0.0,False,not_assessed
RHD-RTRI-001079,RHD-RSPAN-000127,RHD-S1809-00185,Bauen,voran und hinten,voran und hinten,307,mixed_or_uncertain_profile,low_machine_signal,4,-1.0007,0.667,,,0.0,False,not_assessed
RHD-RTRI-001080,RHD-RSPAN-001057,RHD-S1809-01251,Staar,Dieſes ſind Vögel,dieses sind vogel,343,german_context_profile_signal,high_machine_context_signal,4,-1.001,1.0,,,0.0,False,not_assessed
RHD-RTRI-001081,RHD-RSPAN-000828,RHD-S1809-00985,Oberer,Gott,gott,334,german_context_profile_signal,high_machine_context_signal,4,-1.0035,1.0,gala,3,0.25,False,not_assessed
RHD-RTRI-001082,RHD-RSPAN-000610,RHD-S1809-00756,Jahr,Drey Jahre,drey jahre,325,german_context_profile_signal,high_machine_context_signal,4,-1.0045,1.0,,,0.0,False,not_assessed
RHD-RTRI-001083,RHD-RSPAN-000320,RHD-S1809-00414,Ente,ein gebratenes Hühnlein,ein gebratenes huhnlein,314,mixed_or_uncertain_profile,low_machine_signal,4,-1.0082,0.667,,,0.0,False,not_assessed
RHD-RTRI-001084,RHD-RSPAN-000607,RHD-S1809-00754,Ja,was man verlangt,was man verlangt,325,mixed_or_uncertain_profile,low_machine_signal,4,-1.0162,0.667,,,0.0,False,not_assessed
RHD-RTRI-001085,RHD-RSPAN-000378,RHD-S1809-00479,Feige indianiſche,an deren Rande,an deren rande,316,mixed_or_uncertain_profile,low_machine_signal,4,-1.0251,0.0,atschilelila,5,0.643,False,not_assessed
RHD-RTRI-001086,RHD-RSPAN-000205,RHD-S1809-00284,Bohne,Hülſenfrucht,hulsenfrucht,309,german_context_profile_signal,high_machine_context_signal,4,-1.0262,1.0,haagameke,5,0.583,False,not_assessed
RHD-RTRI-001087,RHD-RSPAN-000744,RHD-S1809-00888,Linſe,Hülſenfrucht,hulsenfrucht,330,german_context_profile_signal,high_machine_context_signal,4,-1.0262,1.0,haagameke,5,0.583,False,not_assessed
RHD-RTRI-001088,RHD-RSPAN-000865,RHD-S1809-01035,Reh,weil dieſe Thiere,weil diese thiere,336,mixed_or_uncertain_profile,low_machine_signal,4,-1.0264,0.333,,,0.0,False,not_assessed
RHD-RTRI-001089,RHD-RSPAN-000620,RHD-S1809-00756,Jahr,Zwanzig Jahre,zwanzig jahre,325,german_context_profile_signal,high_machine_context_signal,4,-1.0272,1.0,,,0.0,False,not_assessed
RHD-RTRI-001090,RHD-RSPAN-000063,RHD-S1809-00107,Apatſchee,konnte ſich einbilden,konnte sich einbilden,302,mixed_or_uncertain_profile,low_machine_signal,4,-1.0282,0.667,,,0.0,False,not_assessed
RHD-RTRI-001091,RHD-RSPAN-000792,RHD-S1809-00953,Müſſen,ich muß ſchreiben,ich muss schreiben,332,german_context_profile_signal,high_machine_context_signal,4,-1.0325,1.0,itschiguajameke,5,0.722,False,not_assessed
RHD-RTRI-001092,RHD-RSPAN-000612,RHD-S1809-00756,Jahr,Jahre,jahre,325,german_context_profile_signal,high_machine_context_signal,4,-1.0344,1.0,jeje,3,0.4,False,not_assessed
RHD-RTRI-001093,RHD-RSPAN-001186,RHD-S1809-01398,Unvermögend,Ich bin unvermögend,ich bin unvermogend,347,mixed_or_uncertain_profile,low_machine_signal,4,-1.0405,0.667,,,0.0,False,not_assessed
RHD-RTRI-001094,RHD-RSPAN-001081,RHD-S1809-01277,Sterblich,immerdauernd,immerdauernd,344,mixed_or_uncertain_profile,low_machine_signal,4,-1.0409,0.0,ibe hoinela,5,0.583,False,not_assessed
RHD-RTRI-001095,RHD-RSPAN-000993,RHD-S1809-01174,Seidenzeug,was gewebt iſt,was gewebt ist,340,mixed_or_uncertain_profile,low_machine_signal,4,-1.0432,0.667,,,0.0,False,not_assessed
RHD-RTRI-001096,RHD-RSPAN-000725,RHD-S1809-00869,Leopard,welche,welche,329,german_context_profile_signal,high_machine_context_signal,4,-1.0466,1.0,,,0.0,False,not_assessed
RHD-RTRI-001097,RHD-RSPAN-000024,RHD-S1809-00019,Allein,Ganz allein,ganz allein,301,german_context_profile_signal,high_machine_context_signal,4,-1.0471,1.0,gala ta simega,5,0.643,False,not_assessed
RHD-RTRI-001098,RHD-RSPAN-001249,RHD-S1809-01480,Viel,eben ſo viel,eben so viel,348,german_context_profile_signal,high_machine_context_signal,4,-1.0524,1.0,echsamela,5,0.583,False,not_assessed
RHD-RTRI-001099,RHD-RSPAN-001125,RHD-S1809-01310,Tanz,mit grauen Bärten,mit grauen barten,345,mixed_or_uncertain_profile,low_machine_signal,4,-1.058,0.667,,,0.0,False,not_assessed
RHD-RTRI-001100,RHD-RSPAN-000080,RHD-S1809-00120,Armbruſt,weil der Indianer,weil der indianer,304,mixed_or_uncertain_profile,low_machine_signal,4,-1.0586,0.333,,,0.0,False,not_assessed
RHD-RTRI-001101,RHD-RSPAN-000844,RHD-S1809-00998,Papier,was z,was z,335,german_context_profile_signal,high_machine_context_signal,4,-1.0595,1.0,,,0.0,False,not_assessed
RHD-RTRI-001102,RHD-RSPAN-000608,RHD-S1809-00754,Ja,was ſie hören,was sie horen,325,german_context_profile_signal,high_machine_context_signal,4,-1.0612,1.0,,,0.0,False,not_assessed
RHD-RTRI-001103,RHD-RSPAN-000069,RHD-S1809-00107,Apatſchee,und Maulthiere davongetrieben,und maulthiere davongetrieben,302,mixed_or_uncertain_profile,low_machine_signal,4,-1.0685,0.667,,,0.0,False,not_assessed
RHD-RTRI-001104,RHD-RSPAN-000035,RHD-S1809-00074,Aloe,darüber kommen Steine,daruber kommen steine,301,mixed_or_uncertain_profile,low_machine_signal,4,-1.0688,0.333,,,0.0,False,not_assessed
RHD-RTRI-001105,RHD-RSPAN-001021,RHD-S1809-01209,Sohn,Der drittgeborne Sohn,der drittgeborne sohn,341,mixed_or_uncertain_profile,low_machine_signal,4,-1.0765,0.667,,,0.0,False,not_assessed
RHD-RTRI-001106,RHD-RSPAN-000263,RHD-S1809-00337,Dorfrichter,Das heißt eigentlich,das heisst eigentlich,312,mixed_or_uncertain_profile,low_machine_signal,4,-1.0793,0.667,,,0.0,False,not_assessed
RHD-RTRI-001107,RHD-RSPAN-000636,RHD-S1809-00758,Ich,ſagen ſie,sagen sie,326,german_context_profile_signal,high_machine_context_signal,4,-1.0797,1.0,saateameke,5,0.5,False,not_assessed
RHD-RTRI-001108,RHD-RSPAN-001097,RHD-S1809-01286,Strafen,ſagen ſie,sagen sie,344,german_context_profile_signal,high_machine_context_signal,4,-1.0797,1.0,saateameke,5,0.5,False,not_assessed
RHD-RTRI-001109,RHD-RSPAN-001173,RHD-S1809-01382,Ungleich,ſagen ſie,sagen sie,347,german_context_profile_signal,high_machine_context_signal,4,-1.0797,1.0,saateameke,5,0.5,False,not_assessed
RHD-RTRI-001110,RHD-RSPAN-000713,RHD-S1809-00856,Lang,Nebenwort der Zeit,nebenwort der zeit,328,mixed_or_uncertain_profile,low_machine_signal,4,-1.0833,0.667,,,0.0,False,not_assessed
RHD-RTRI-001111,RHD-RSPAN-001422,RHD-S1809-01607,Zimmer,der ihn beſucht,der ihn besucht,352,mixed_or_uncertain_profile,low_machine_signal,4,-1.0849,0.333,,,0.0,False,not_assessed
RHD-RTRI-001112,RHD-RSPAN-000287,RHD-S1809-00369,Ehe,Zur Ehe nehmen,zur ehe nehmen,313,german_context_profile_signal,high_machine_context_signal,4,-1.0968,1.0,,,0.0,False,not_assessed
RHD-RTRI-001113,RHD-RSPAN-001216,RHD-S1809-01438,Verhexen,Verhext,verhext,347,mixed_or_uncertain_profile,low_machine_signal,4,-1.0974,0.0,verendo,4,0.429,False,not_assessed
RHD-RTRI-001114,RHD-RSPAN-000254,RHD-S1809-00331,Dieſer,fragweiſe,fragweise,312,mixed_or_uncertain_profile,low_machine_signal,4,-1.1029,0.0,,,0.0,False,not_assessed
RHD-RTRI-001115,RHD-RSPAN-001413,RHD-S1809-01600,Zeugen,Gezeugt,gezeugt,352,mixed_or_uncertain_profile,low_machine_signal,4,-1.1042,0.0,gaele,5,0.286,False,not_assessed
RHD-RTRI-001116,RHD-RSPAN-000621,RHD-S1809-00756,Jahr,Zwey Jahre,zwey jahre,325,german_context_profile_signal,high_machine_context_signal,4,-1.1092,1.0,,,0.0,False,not_assessed
RHD-RTRI-001117,RHD-RSPAN-000045,RHD-S1809-00085,Alt,Ein alter Mann,ein alter mann,302,german_context_profile_signal,high_machine_context_signal,4,-1.112,1.0,echtschiruc,5,0.643,False,not_assessed
RHD-RTRI-001118,RHD-RSPAN-000666,RHD-S1809-00805,Kochen,Dieſe Zuſammenſetzung geſchieht,diese zusammensetzung geschieht,326,mixed_or_uncertain_profile,low_machine_signal,4,-1.1148,0.0,,,0.0,False,not_assessed
RHD-RTRI-001119,RHD-RSPAN-000117,RHD-S1809-00173,Bär,Ein verwundeter Bär,ein verwundeter bar,306,mixed_or_uncertain_profile,low_machine_signal,4,-1.1154,0.667,,,0.0,False,not_assessed
RHD-RTRI-001120,RHD-RSPAN-001086,RHD-S1809-01277,Sterblich,was vergänglich iſt,was verganglich ist,344,german_context_profile_signal,high_machine_context_signal,4,-1.1183,1.0,,,0.0,False,not_assessed
RHD-RTRI-001121,RHD-RSPAN-001297,RHD-S1809-01501,Voraus,Mehr vorwärts,mehr vorwarts,349,german_context_profile_signal,high_machine_context_signal,4,-1.1199,1.0,massisipoa,5,0.615,False,not_assessed
RHD-RTRI-001122,RHD-RSPAN-000624,RHD-S1809-00758,Ich,Ich ſelbſt,ich selbst,326,german_context_profile_signal,high_machine_context_signal,4,-1.1201,1.0,ibe hoinela,5,0.545,False,not_assessed
RHD-RTRI-001123,RHD-RSPAN-000743,RHD-S1809-00887,Links,linker Hand,linker hand,330,german_context_profile_signal,high_machine_context_signal,4,-1.1213,1.0,lessiameke,5,0.545,False,not_assessed
RHD-RTRI-001124,RHD-RSPAN-000104,RHD-S1809-00159,Backſtube,und hernach geſtanden,und hernach gestanden,306,mixed_or_uncertain_profile,low_machine_signal,4,-1.124,0.667,,,0.0,False,not_assessed
RHD-RTRI-001125,RHD-RSPAN-000202,RHD-S1809-00280,Blutsfreund,Mein Blutsfreund,mein blutsfreund,309,german_context_profile_signal,high_machine_context_signal,4,-1.1249,1.0,mukiiatiameke,5,0.688,False,not_assessed
RHD-RTRI-001126,RHD-RSPAN-001037,RHD-S1809-01227,Spiel,daß die Läufer,dass die laufer,342,german_context_profile_signal,high_machine_context_signal,4,-1.125,1.0,,,0.0,False,not_assessed
RHD-RTRI-001127,RHD-RSPAN-000905,RHD-S1809-01085,Schaf,Lamm,lamm,338,german_context_profile_signal,high_machine_context_signal,4,-1.126,1.0,laca,2,0.5,False,not_assessed
RHD-RTRI-001128,RHD-RSPAN-001110,RHD-S1809-01297,Stute,Lamm,lamm,345,german_context_profile_signal,high_machine_context_signal,4,-1.126,1.0,laca,2,0.5,False,not_assessed
RHD-RTRI-001129,RHD-RSPAN-001334,RHD-S1809-01534,Weib,Ledige Weibſperſon,ledige weibsperson,350,mixed_or_uncertain_profile,low_machine_signal,4,-1.1266,0.5,,,0.0,False,not_assessed
RHD-RTRI-001130,RHD-RSPAN-000094,RHD-S1809-00144,Aufſpielen,Man ſoll aufſpielen,man soll aufspielen,304,german_context_profile_signal,high_machine_context_signal,4,-1.1297,1.0,,,0.0,False,not_assessed
RHD-RTRI-001131,RHD-RSPAN-000322,RHD-S1809-00414,Ente,einer ganzen Zwiebel,einer ganzen zwiebel,314,mixed_or_uncertain_profile,low_machine_signal,4,-1.13,0.333,,,0.0,False,not_assessed
RHD-RTRI-001132,RHD-RSPAN-000264,RHD-S1809-00337,Dorfrichter,Stab,stab,312,german_context_profile_signal,high_machine_context_signal,4,-1.1344,1.0,s-ca,3,0.25,False,not_assessed
RHD-RTRI-001133,RHD-RSPAN-000728,RHD-S1809-00875,Mädchen,und bleiben unauslöſchlich,und bleiben unausloschlich,330,mixed_or_uncertain_profile,low_machine_signal,4,-1.1376,0.667,,,0.0,False,not_assessed
RHD-RTRI-001134,RHD-RSPAN-000657,RHD-S1809-00790,Kind,Klein Kind,klein kind,326,german_context_profile_signal,high_machine_context_signal,4,-1.139,1.0,kachela,5,0.5,False,not_assessed
RHD-RTRI-001135,RHD-RSPAN-001348,RHD-S1809-01541,Waizen,türkiſcher,turkischer,350,german_context_profile_signal,high_machine_context_signal,4,-1.1408,1.0,t-fligua,5,0.5,False,not_assessed
RHD-RTRI-001136,RHD-RSPAN-000892,RHD-S1809-01066,Salben,Geſalbt,gesalbt,338,mixed_or_uncertain_profile,low_machine_signal,4,-1.1452,0.0,gala,4,0.429,False,not_assessed
RHD-RTRI-001137,RHD-RSPAN-001146,RHD-S1809-01342,Trank,Getränke,getranke,346,mixed_or_uncertain_profile,low_machine_signal,4,-1.1454,0.0,gaele,5,0.375,False,not_assessed
RHD-RTRI-001138,RHD-RSPAN-000761,RHD-S1809-00912,Maulſchelle,Maulſchelle geben,maulschelle geben,331,german_context_profile_signal,high_machine_context_signal,4,-1.147,1.0,,,0.0,False,not_assessed
RHD-RTRI-001139,RHD-RSPAN-001284,RHD-S1809-01492,Vogel,Staar,staar,349,german_context_profile_signal,high_machine_context_signal,4,-1.1473,1.0,s-ca,3,0.4,False,not_assessed
RHD-RTRI-001140,RHD-RSPAN-000548,RHD-S1809-00689,Hernach,Warte ein wenig,warte ein wenig,324,mixed_or_uncertain_profile,low_machine_signal,4,-1.1497,0.667,,,0.0,False,not_assessed
RHD-RTRI-001141,RHD-RSPAN-000147,RHD-S1809-00211,Bejahen,Bejahend,bejahend,308,mixed_or_uncertain_profile,low_machine_signal,4,-1.1501,0.0,babali,5,0.375,False,not_assessed
RHD-RTRI-001142,RHD-RSPAN-001330,RHD-S1809-01532,Wehe thun,ich leide Schmerzen,ich leide schmerzen,350,mixed_or_uncertain_profile,low_machine_signal,4,-1.1504,0.333,,,0.0,False,not_assessed
RHD-RTRI-001143,RHD-RSPAN-000065,RHD-S1809-00107,Apatſchee,oder ausreiſſen wollte,oder ausreissen wollte,302,mixed_or_uncertain_profile,low_machine_signal,4,-1.1508,0.667,,,0.0,False,not_assessed
RHD-RTRI-001144,RHD-RSPAN-001124,RHD-S1809-01310,Tanz,iſt gewiß unterhaltend,ist gewiss unterhaltend,345,mixed_or_uncertain_profile,low_machine_signal,4,-1.1534,0.667,,,0.0,False,not_assessed
RHD-RTRI-001145,RHD-RSPAN-000100,RHD-S1809-00152,Baden,Sie können ſich,sie konnen sich,305,german_context_profile_signal,high_machine_context_signal,4,-1.1566,1.0,sikirugameke,5,0.667,False,not_assessed
RHD-RTRI-001146,RHD-RSPAN-000060,RHD-S1809-00107,Apatſchee,diebiſche,diebische,302,mixed_or_uncertain_profile,low_machine_signal,4,-1.1591,0.0,,,0.0,False,not_assessed
RHD-RTRI-001147,RHD-RSPAN-000111,RHD-S1809-00169,Ball,Spielplatz,spielplatz,306,german_context_profile_signal,high_machine_context_signal,4,-1.1651,1.0,saateameke,5,0.5,False,not_assessed
RHD-RTRI-001148,RHD-RSPAN-000258,RHD-S1809-00331,Dieſer,Nur dieſer,nur dieser,312,german_context_profile_signal,high_machine_context_signal,4,-1.1677,1.0,nachcala,5,0.5,False,not_assessed
RHD-RTRI-001149,RHD-RSPAN-000821,RHD-S1809-00981,Nur,Nur dieſer,nur dieser,334,german_context_profile_signal,high_machine_context_signal,4,-1.1677,1.0,nachcala,5,0.5,False,not_assessed
RHD-RTRI-001150,RHD-RSPAN-000046,RHD-S1809-00085,Alt,Ein altes Weib,ein altes weib,302,german_context_profile_signal,high_machine_context_signal,4,-1.1679,1.0,echtschiruc,5,0.643,False,not_assessed
RHD-RTRI-001151,RHD-RSPAN-001337,RHD-S1809-01539,Weit,dahin zu gelangen,dahin zu gelangen,350,german_context_profile_signal,high_machine_context_signal,4,-1.1695,1.0,,,0.0,False,not_assessed
RHD-RTRI-001152,RHD-RSPAN-000354,RHD-S1809-00448,Erwecken,Erwecken vom Tode,erwecken vom tode,315,german_context_profile_signal,high_machine_context_signal,4,-1.1711,1.0,etschaguoameke,5,0.706,False,not_assessed
RHD-RTRI-001153,RHD-RSPAN-000078,RHD-S1809-00120,Armbruſt,Sie wiſſen auch,sie wissen auch,304,german_context_profile_signal,high_machine_context_signal,4,-1.1745,1.0,sikirugameke,5,0.667,False,not_assessed
RHD-RTRI-001154,RHD-RSPAN-000101,RHD-S1809-00152,Baden,zu ſehr eingeſchränkt,zu sehr eingeschrankt,305,mixed_or_uncertain_profile,low_machine_signal,4,-1.1745,0.5,,,0.0,False,not_assessed
RHD-RTRI-001155,RHD-RSPAN-000446,RHD-S1809-00576,Gegenwart,in meiner Gegenwart,in meiner gegenwart,320,mixed_or_uncertain_profile,low_machine_signal,4,-1.1762,0.5,,,0.0,False,not_assessed
RHD-RTRI-001156,RHD-RSPAN-000625,RHD-S1809-00758,Ich,in meiner Gegenwart,in meiner gegenwart,326,mixed_or_uncertain_profile,low_machine_signal,4,-1.1762,0.5,,,0.0,False,not_assessed
RHD-RTRI-001157,RHD-RSPAN-001121,RHD-S1809-01310,Tanz,einem fliegenden Hemde,einem fliegenden hemde,345,mixed_or_uncertain_profile,low_machine_signal,4,-1.1762,0.0,,,0.0,False,not_assessed
RHD-RTRI-001158,RHD-RSPAN-000319,RHD-S1809-00414,Ente,ein eingemachtes Kaninchen,ein eingemachtes kaninchen,314,mixed_or_uncertain_profile,low_machine_signal,4,-1.1783,0.667,,,0.0,False,not_assessed
RHD-RTRI-001159,RHD-RSPAN-000318,RHD-S1809-00414,Ente,Die vornehmſten Fleiſchſpeiſen,die vornehmsten fleischspeisen,314,mixed_or_uncertain_profile,low_machine_signal,4,-1.1825,0.333,,,0.0,False,not_assessed
RHD-RTRI-001160,RHD-RSPAN-001235,RHD-S1809-01459,Verſchneiden,Verſchnittener Bock,verschnittener bock,348,mixed_or_uncertain_profile,low_machine_signal,4,-1.1929,0.5,,,0.0,False,not_assessed
RHD-RTRI-001161,RHD-RSPAN-001332,RHD-S1809-01534,Weib,Altes Weib,altes weib,350,german_context_profile_signal,high_machine_context_signal,4,-1.1966,1.0,acabilague,5,0.5,False,not_assessed
RHD-RTRI-001162,RHD-RSPAN-000126,RHD-S1809-00185,Bauen,nicht wenig beygetragen,nicht wenig beygetragen,307,mixed_or_uncertain_profile,low_machine_signal,4,-1.1971,0.667,,,0.0,False,not_assessed
RHD-RTRI-001163,RHD-RSPAN-000961,RHD-S1809-01145,Schuh,Sohle,sohle,340,german_context_profile_signal,high_machine_context_signal,4,-1.1977,1.0,saate,3,0.4,False,not_assessed
RHD-RTRI-001164,RHD-RSPAN-001123,RHD-S1809-01310,Tanz,Ihnen zuzuſehen,ihnen zuzusehen,345,mixed_or_uncertain_profile,low_machine_signal,4,-1.1988,0.0,itschiguajameke,5,0.667,False,not_assessed
RHD-RTRI-001165,RHD-RSPAN-001069,RHD-S1809-01267,Stein,rundſteinig,rundsteinig,344,mixed_or_uncertain_profile,low_machine_signal,4,-1.1998,0.0,racheliki,5,0.545,False,not_assessed
RHD-RTRI-001166,RHD-RSPAN-000426,RHD-S1809-00549,Furcht,Furcht einjagen,furcht einjagen,319,mixed_or_uncertain_profile,low_machine_signal,4,-1.2006,0.5,,,0.0,False,not_assessed
RHD-RTRI-001167,RHD-RSPAN-001004,RHD-S1809-01191,Seyn,ſich befindet,sich befindet,341,german_context_profile_signal,high_machine_context_signal,4,-1.2011,1.0,saateameke,5,0.615,False,not_assessed
RHD-RTRI-001168,RHD-RSPAN-000191,RHD-S1809-00268,Biſchen,Ein biſchen Fleiſch,ein bischen fleisch,309,german_context_profile_signal,high_machine_context_signal,4,-1.2031,1.0,,,0.0,False,not_assessed
RHD-RTRI-001169,RHD-RSPAN-000058,RHD-S1809-00107,Apatſchee,damit,damit,302,german_context_profile_signal,high_machine_context_signal,4,-1.2084,1.0,,,0.0,False,not_assessed
RHD-RTRI-001170,RHD-RSPAN-000842,RHD-S1809-00995,Packſattel,damit,damit,334,german_context_profile_signal,high_machine_context_signal,4,-1.2084,1.0,,,0.0,False,not_assessed
RHD-RTRI-001171,RHD-RSPAN-001042,RHD-S1809-01234,Spielplatz,damit,damit,343,german_context_profile_signal,high_machine_context_signal,4,-1.2084,1.0,,,0.0,False,not_assessed
RHD-RTRI-001172,RHD-RSPAN-001047,RHD-S1809-01238,Spielplatz,damit,damit,343,german_context_profile_signal,high_machine_context_signal,4,-1.2084,1.0,,,0.0,False,not_assessed
RHD-RTRI-001173,RHD-RSPAN-000799,RHD-S1809-00957,Müßig,Müßig ſeyn,mussig seyn,332,german_context_profile_signal,high_machine_context_signal,4,-1.2137,1.0,massisipoa,5,0.545,False,not_assessed
RHD-RTRI-001174,RHD-RSPAN-001133,RHD-S1809-01330,Thun,Gethan,gethan,346,mixed_or_uncertain_profile,low_machine_signal,4,-1.2172,0.0,gala,4,0.333,False,not_assessed
RHD-RTRI-001175,RHD-RSPAN-000435,RHD-S1809-00557,Gähe,gählings,gahlings,319,mixed_or_uncertain_profile,low_machine_signal,4,-1.2194,0.0,gassini,4,0.5,False,not_assessed
RHD-RTRI-001176,RHD-RSPAN-000436,RHD-S1809-00561,Garn,Flachs,flachs,319,german_context_profile_signal,high_machine_context_signal,4,-1.2202,1.0,,,0.0,False,not_assessed
RHD-RTRI-001177,RHD-RSPAN-000522,RHD-S1809-00660,Hanf,Flachs,flachs,323,german_context_profile_signal,high_machine_context_signal,4,-1.2202,1.0,,,0.0,False,not_assessed
RHD-RTRI-001178,RHD-RSPAN-001140,RHD-S1809-01336,Tödten,Getödtet,getodtet,346,mixed_or_uncertain_profile,low_machine_signal,4,-1.2213,0.0,gaele,5,0.375,False,not_assessed
RHD-RTRI-001179,RHD-RSPAN-000323,RHD-S1809-00414,Ente,erkauft werden kann,erkauft werden kann,314,mixed_or_uncertain_profile,low_machine_signal,4,-1.2217,0.667,,,0.0,False,not_assessed
RHD-RTRI-001180,RHD-RSPAN-000834,RHD-S1809-00988,Oft,Oefters,oefters,334,mixed_or_uncertain_profile,low_machine_signal,4,-1.2221,0.0,ocanica,5,0.286,False,not_assessed
RHD-RTRI-001181,RHD-RSPAN-000729,RHD-S1809-00876,Lernen,einen Fortgang machen,einen fortgang machen,330,mixed_or_uncertain_profile,low_machine_signal,4,-1.2267,0.667,,,0.0,False,not_assessed
RHD-RTRI-001182,RHD-RSPAN-000619,RHD-S1809-00756,Jahr,Zehn Jahre,zehn jahre,325,german_context_profile_signal,high_machine_context_signal,4,-1.2272,1.0,,,0.0,False,not_assessed
RHD-RTRI-001183,RHD-RSPAN-000613,RHD-S1809-00756,Jahr,Jährlich,jahrlich,325,mixed_or_uncertain_profile,low_machine_signal,4,-1.2329,0.0,jassala,5,0.375,False,not_assessed
RHD-RTRI-001184,RHD-RSPAN-000577,RHD-S1809-00727,Hirſch,Reh,reh,325,german_context_profile_signal,high_machine_context_signal,4,-1.2352,1.0,racha,3,0.4,False,not_assessed
RHD-RTRI-001185,RHD-RSPAN-000593,RHD-S1809-00741,Hülfsmittel,Arzeney,arzeney,325,mixed_or_uncertain_profile,low_machine_signal,4,-1.2393,0.0,aregue,4,0.429,False,not_assessed
RHD-RTRI-001186,RHD-RSPAN-000072,RHD-S1809-00107,Apatſchee,Wenn ein Thier,wenn ein thier,302,german_context_profile_signal,high_machine_context_signal,4,-1.2394,1.0,,,0.0,False,not_assessed
RHD-RTRI-001187,RHD-RSPAN-001040,RHD-S1809-01227,Spiel,unten Spielplatz,unten spielplatz,342,german_context_profile_signal,high_machine_context_signal,4,-1.2399,1.0,,,0.0,False,not_assessed
RHD-RTRI-001188,RHD-RSPAN-000062,RHD-S1809-00107,Apatſchee,freye,freye,302,mixed_or_uncertain_profile,low_machine_signal,4,-1.2423,0.0,,,0.0,False,not_assessed
RHD-RTRI-001189,RHD-RSPAN-000806,RHD-S1809-00958,Mutter,um zu zeigen,um zu zeigen,332,german_context_profile_signal,high_machine_context_signal,4,-1.2427,1.0,,,0.0,False,not_assessed
RHD-RTRI-001190,RHD-RSPAN-001435,RHD-S1809-01615,Zügen,In Zügen liegen,in zugen liegen,352,german_context_profile_signal,high_machine_context_signal,4,-1.2506,1.0,itschiguajameke,5,0.667,False,not_assessed
RHD-RTRI-001191,RHD-RSPAN-000670,RHD-S1809-00805,Kochen,was geſchehen iſt,was geschehen ist,326,german_context_profile_signal,high_machine_context_signal,4,-1.2532,1.0,,,0.0,False,not_assessed
RHD-RTRI-001192,RHD-RSPAN-000506,RHD-S1809-00640,Gras,das Stroh angezündet,das stroh angezundet,322,german_context_profile_signal,high_machine_context_signal,4,-1.2555,1.0,,,0.0,False,not_assessed
RHD-RTRI-001193,RHD-RSPAN-000128,RHD-S1809-00189,Baum,genannt,genannt,307,mixed_or_uncertain_profile,low_machine_signal,4,-1.2556,0.0,gane,4,0.429,False,not_assessed
RHD-RTRI-001194,RHD-RSPAN-000105,RHD-S1809-00159,Backſtube,welcher Beſen,welcher besen,306,mixed_or_uncertain_profile,low_machine_signal,4,-1.2566,0.5,,,0.0,False,not_assessed
RHD-RTRI-001195,RHD-RSPAN-001087,RHD-S1809-01277,Sterblich,welches,welches,344,mixed_or_uncertain_profile,low_machine_signal,4,-1.262,0.0,,,0.0,False,not_assessed
RHD-RTRI-001196,RHD-RSPAN-001259,RHD-S1809-01480,Viel,Vielmal,vielmal,348,german_context_profile_signal,high_machine_context_signal,4,-1.2642,1.0,vakina,5,0.286,False,not_assessed
RHD-RTRI-001197,RHD-RSPAN-000294,RHD-S1809-00377,Eheſtand,Ehe,ehe,313,german_context_profile_signal,high_machine_context_signal,4,-1.2702,1.0,eke,1,0.667,False,not_assessed
RHD-RTRI-001198,RHD-RSPAN-000678,RHD-S1809-00812,Koth,Lehm,lehm,327,german_context_profile_signal,high_machine_context_signal,4,-1.2706,1.0,laca,3,0.25,False,not_assessed
RHD-RTRI-001199,RHD-RSPAN-000554,RHD-S1809-00706,Heurathen,Ein Weib nehmen,ein weib nehmen,324,german_context_profile_signal,high_machine_context_signal,4,-1.2732,1.0,etschaguoameke,5,0.667,False,not_assessed
RHD-RTRI-001200,RHD-RSPAN-000211,RHD-S1809-00290,Braten,Speiſe,speise,310,german_context_profile_signal,high_machine_context_signal,4,-1.2822,1.0,schine,3,0.5,False,not_assessed
RHD-RTRI-001201,RHD-RSPAN-000724,RHD-S1809-00869,Leopard,vertheidigt ſeinen Fang,vertheidigt seinen fang,329,mixed_or_uncertain_profile,low_machine_signal,4,-1.2883,0.0,,,0.0,False,not_assessed
RHD-RTRI-001202,RHD-RSPAN-000125,RHD-S1809-00184,Bauchgrimmen haben,Sie ſagen,sie sagen,307,german_context_profile_signal,high_machine_context_signal,4,-1.301,1.0,saateameke,5,0.5,False,not_assessed
RHD-RTRI-001203,RHD-RSPAN-000412,RHD-S1809-00530,Fragen,Frage,frage,318,mixed_or_uncertain_profile,low_machine_signal,4,-1.3059,0.0,,,0.0,False,not_assessed
RHD-RTRI-001204,RHD-RSPAN-000720,RHD-S1809-00868,Leinwand,Gewebe,gewebe,329,mixed_or_uncertain_profile,low_machine_signal,4,-1.3061,0.0,gaele,3,0.5,False,not_assessed
RHD-RTRI-001205,RHD-RSPAN-000991,RHD-S1809-01174,Seidenzeug,Gewebe,gewebe,340,mixed_or_uncertain_profile,low_machine_signal,4,-1.3061,0.0,gaele,3,0.5,False,not_assessed
RHD-RTRI-001206,RHD-RSPAN-001041,RHD-S1809-01227,Spiel,wohin ſie laufen,wohin sie laufen,342,german_context_profile_signal,high_machine_context_signal,4,-1.3115,1.0,,,0.0,False,not_assessed
RHD-RTRI-001207,RHD-RSPAN-000823,RHD-S1809-00981,Nur,nur morgen,nur morgen,334,german_context_profile_signal,high_machine_context_signal,4,-1.3225,1.0,nachcala,5,0.5,False,not_assessed
RHD-RTRI-001208,RHD-RSPAN-000210,RHD-S1809-00290,Braten,gebratenes Fleiſch,gebratenes fleisch,310,german_context_profile_signal,high_machine_context_signal,4,-1.3293,1.0,,,0.0,False,not_assessed
RHD-RTRI-001209,RHD-RSPAN-000400,RHD-S1809-00510,Fleiſch,Gebratenes Fleiſch,gebratenes fleisch,318,german_context_profile_signal,high_machine_context_signal,4,-1.3293,1.0,,,0.0,False,not_assessed
RHD-RTRI-001210,RHD-RSPAN-000403,RHD-S1809-00517,Fleiſch,Gebratenes Fleiſch,gebratenes fleisch,318,german_context_profile_signal,high_machine_context_signal,4,-1.3293,1.0,,,0.0,False,not_assessed
RHD-RTRI-001211,RHD-RSPAN-000031,RHD-S1809-00064,Abſenden,abſchicken,abschicken,301,german_context_profile_signal,high_machine_context_signal,4,-1.3295,1.0,acabilague,5,0.5,False,not_assessed
RHD-RTRI-001212,RHD-RSPAN-000715,RHD-S1809-00860,Laſſen,ſeyn laſſen,seyn lassen,328,german_context_profile_signal,high_machine_context_signal,4,-1.3312,1.0,saateameke,5,0.545,False,not_assessed
RHD-RTRI-001213,RHD-RSPAN-000487,RHD-S1809-00608,Getränk,Dieſes Getränk,dieses getrank,321,german_context_profile_signal,high_machine_context_signal,4,-1.3334,1.0,,,0.0,False,not_assessed
RHD-RTRI-001214,RHD-RSPAN-000106,RHD-S1809-00163,Bahnen,Gebahnter Weg,gebahnter weg,306,german_context_profile_signal,high_machine_context_signal,4,-1.3368,1.0,gala ta simega,5,0.643,False,not_assessed
RHD-RTRI-001215,RHD-RSPAN-001104,RHD-S1809-01290,Strick,rufen ſie,rufen sie,344,german_context_profile_signal,high_machine_context_signal,4,-1.3383,1.0,r-guala,5,0.444,False,not_assessed
RHD-RTRI-001216,RHD-RSPAN-000932,RHD-S1809-01117,Schlangen,herausgeſchnitten worden iſt,herausgeschnitten worden ist,339,mixed_or_uncertain_profile,low_machine_signal,4,-1.3385,0.667,,,0.0,False,not_assessed
RHD-RTRI-001217,RHD-RSPAN-000555,RHD-S1809-00706,Heurathen,einen Mann nehmen,einen mann nehmen,324,german_context_profile_signal,high_machine_context_signal,4,-1.346,1.0,etschaguoameke,5,0.706,False,not_assessed
RHD-RTRI-001218,RHD-RSPAN-001111,RHD-S1809-01298,Suchen,oder muß ſuchen,oder muss suchen,345,german_context_profile_signal,high_machine_context_signal,4,-1.3523,1.0,ossanaguoameke,5,0.688,False,not_assessed
RHD-RTRI-001219,RHD-RSPAN-000071,RHD-S1809-00107,Apatſchee,wahrnehmen konnte,wahrnehmen konnte,302,mixed_or_uncertain_profile,low_machine_signal,4,-1.3622,0.0,,,0.0,False,not_assessed
RHD-RTRI-001220,RHD-RSPAN-000658,RHD-S1809-00795,Kleid,Decke,decke,326,german_context_profile_signal,high_machine_context_signal,4,-1.3629,1.0,,,0.0,False,not_assessed
RHD-RTRI-001221,RHD-RSPAN-000679,RHD-S1809-00813,Kotze,Decke,decke,327,german_context_profile_signal,high_machine_context_signal,4,-1.3629,1.0,,,0.0,False,not_assessed
RHD-RTRI-001222,RHD-RSPAN-000755,RHD-S1809-00905,Mantel,Decke,decke,331,german_context_profile_signal,high_machine_context_signal,4,-1.3629,1.0,,,0.0,False,not_assessed
RHD-RTRI-001223,RHD-RSPAN-001129,RHD-S1809-01325,Teppich,Decke,decke,346,german_context_profile_signal,high_machine_context_signal,4,-1.3629,1.0,,,0.0,False,not_assessed
RHD-RTRI-001224,RHD-RSPAN-001319,RHD-S1809-01525,Weben,Decke,decke,350,german_context_profile_signal,high_machine_context_signal,4,-1.3629,1.0,,,0.0,False,not_assessed
RHD-RTRI-001225,RHD-RSPAN-000747,RHD-S1809-00892,Losbinden,losmachen,losmachen,330,mixed_or_uncertain_profile,low_machine_signal,4,-1.3668,0.0,lavaca,5,0.444,False,not_assessed
RHD-RTRI-001226,RHD-RSPAN-000855,RHD-S1809-01021,Raſen,Raſend,rasend,336,german_context_profile_signal,high_machine_context_signal,4,-1.3704,1.0,raje,3,0.5,False,not_assessed
RHD-RTRI-001227,RHD-RSPAN-000283,RHD-S1809-00367,Ehe als,Dieſes Bindewort mangelt,dieses bindewort mangelt,313,mixed_or_uncertain_profile,low_machine_signal,4,-1.3726,0.667,,,0.0,False,not_assessed
RHD-RTRI-001228,RHD-RSPAN-000359,RHD-S1809-00451,Erweitern,oder länger machen,oder langer machen,315,german_context_profile_signal,high_machine_context_signal,4,-1.3726,1.0,,,0.0,False,not_assessed
RHD-RTRI-001229,RHD-RSPAN-000392,RHD-S1809-00495,Feuer,Feuer machen,feuer machen,317,german_context_profile_signal,high_machine_context_signal,4,-1.3729,1.0,,,0.0,False,not_assessed
RHD-RTRI-001230,RHD-RSPAN-000221,RHD-S1809-00300,Brod,eingetunket,eingetunket,310,mixed_or_uncertain_profile,low_machine_signal,4,-1.3804,0.0,echsamela,5,0.545,False,not_assessed
RHD-RTRI-001231,RHD-RSPAN-000775,RHD-S1809-00929,Metall,Silber,silber,331,german_context_profile_signal,high_machine_context_signal,4,-1.3828,1.0,simibe,3,0.5,False,not_assessed
RHD-RTRI-001232,RHD-RSPAN-000380,RHD-S1809-00479,Feige indianiſche,hervorkommen,hervorkommen,316,mixed_or_uncertain_profile,low_machine_signal,4,-1.3891,0.0,haagameke,5,0.583,False,not_assessed
RHD-RTRI-001233,RHD-RSPAN-000219,RHD-S1809-00299,Bringen,Brings her,brings her,310,mixed_or_uncertain_profile,low_machine_signal,4,-1.3912,0.5,bacaguaca,5,0.5,False,not_assessed
RHD-RTRI-001234,RHD-RSPAN-000693,RHD-S1809-00834,Kriegen,Krieg führen,krieg fuhren,328,mixed_or_uncertain_profile,low_machine_signal,4,-1.3929,0.0,kachkagameke,5,0.583,False,not_assessed
RHD-RTRI-001235,RHD-RSPAN-000488,RHD-S1809-00608,Getränk,gleich denen Hefen,gleich denen hefen,321,mixed_or_uncertain_profile,low_machine_signal,4,-1.3987,0.333,,,0.0,False,not_assessed
RHD-RTRI-001236,RHD-RSPAN-000471,RHD-S1809-00596,Geſchehen,oder gemacht worden,oder gemacht worden,320,mixed_or_uncertain_profile,low_machine_signal,4,-1.3993,0.667,,,0.0,False,not_assessed
RHD-RTRI-001237,RHD-RSPAN-001065,RHD-S1809-01263,Stehen,dabey ſtehen,dabey stehen,344,mixed_or_uncertain_profile,low_machine_signal,4,-1.4001,0.5,,,0.0,False,not_assessed
RHD-RTRI-001238,RHD-RSPAN-000886,RHD-S1809-01061,Säen,Geſäet,gesaet,338,mixed_or_uncertain_profile,low_machine_signal,4,-1.4048,0.0,gaele,4,0.333,False,not_assessed
RHD-RTRI-001239,RHD-RSPAN-000154,RHD-S1809-00220,Beleidigen,zornig machen,zornig machen,308,german_context_profile_signal,high_machine_context_signal,4,-1.4067,1.0,,,0.0,False,not_assessed
RHD-RTRI-001240,RHD-RSPAN-001429,RHD-S1809-01612,Zornig,Zornig machen,zornig machen,352,german_context_profile_signal,high_machine_context_signal,4,-1.4067,1.0,,,0.0,False,not_assessed
RHD-RTRI-001241,RHD-RSPAN-000686,RHD-S1809-00830,Kraut,Gras,gras,327,german_context_profile_signal,high_machine_context_signal,4,-1.4082,1.0,gua,2,0.5,False,not_assessed
RHD-RTRI-001242,RHD-RSPAN-001106,RHD-S1809-01293,Stroh,Gras,gras,344,german_context_profile_signal,high_machine_context_signal,4,-1.4082,1.0,gua,2,0.5,False,not_assessed
RHD-RTRI-001243,RHD-RSPAN-000039,RHD-S1809-00074,Aloe,werden ſie herausgenommen,werden sie herausgenommen,301,mixed_or_uncertain_profile,low_machine_signal,4,-1.4174,0.667,,,0.0,False,not_assessed
RHD-RTRI-001244,RHD-RSPAN-000723,RHD-S1809-00869,Leopard,Tiger,tiger,329,mixed_or_uncertain_profile,low_machine_signal,4,-1.4206,0.0,taje,3,0.4,False,not_assessed
RHD-RTRI-001245,RHD-RSPAN-000330,RHD-S1809-00414,Ente,Kürbiß,kurbiss,314,mixed_or_uncertain_profile,low_machine_signal,4,-1.4275,0.0,kubirusi,4,0.5,False,not_assessed
RHD-RTRI-001246,RHD-RSPAN-000639,RHD-S1809-00758,Ich,Wir ſelbſt,wir selbst,326,german_context_profile_signal,high_machine_context_signal,4,-1.4329,1.0,,,0.0,False,not_assessed
RHD-RTRI-001247,RHD-RSPAN-000509,RHD-S1809-00644,Gries,Becher,becher,322,german_context_profile_signal,high_machine_context_signal,4,-1.4364,0.0,baca,4,0.333,False,not_assessed
RHD-RTRI-001248,RHD-RSPAN-000705,RHD-S1809-00846,Kürbis,Becher,becher,328,german_context_profile_signal,high_machine_context_signal,4,-1.4364,0.0,baca,4,0.333,False,not_assessed
RHD-RTRI-001249,RHD-RSPAN-000910,RHD-S1809-01090,Trinkſchale,Becher,becher,338,german_context_profile_signal,high_machine_context_signal,4,-1.4364,0.0,baca,4,0.333,False,not_assessed
RHD-RTRI-001250,RHD-RSPAN-001151,RHD-S1809-01348,Trinkgeſchirr,Becher,becher,346,german_context_profile_signal,high_machine_context_signal,4,-1.4364,0.0,baca,4,0.333,False,not_assessed
RHD-RTRI-001251,RHD-RSPAN-000061,RHD-S1809-00107,Apatſchee,Eſel,esel,302,german_context_profile_signal,high_machine_context_signal,4,-1.4573,1.0,eke,2,0.5,False,not_assessed
RHD-RTRI-001252,RHD-RSPAN-000721,RHD-S1809-00869,Leopard,Maulthiere geweidet werden,maulthiere geweidet werden,329,german_context_profile_signal,high_machine_context_signal,4,-1.4603,0.667,,,0.0,False,not_assessed
RHD-RTRI-001253,RHD-RSPAN-000776,RHD-S1809-00934,Metze,Getreidemaaß,getreidemaass,332,german_context_profile_signal,high_machine_context_signal,4,-1.4607,1.0,gala ta simega,5,0.643,False,not_assessed
RHD-RTRI-001254,RHD-RSPAN-000588,RHD-S1809-00735,Holz,Brenholz,brenholz,325,german_context_profile_signal,high_machine_context_signal,4,-1.4621,0.0,babali,5,0.375,False,not_assessed
RHD-RTRI-001255,RHD-RSPAN-001419,RHD-S1809-01603,Ziegelerde,Mörtel,mortel,352,german_context_profile_signal,high_machine_context_signal,4,-1.4635,1.0,mole,3,0.5,False,not_assessed
RHD-RTRI-001256,RHD-RSPAN-000989,RHD-S1809-01172,Sehen,Sieh,sieh,340,german_context_profile_signal,high_machine_context_signal,4,-1.4646,1.0,sika,2,0.5,False,not_assessed
RHD-RTRI-001257,RHD-RSPAN-000988,RHD-S1809-01172,Sehen,oder übel ſehen,oder ubel sehen,340,german_context_profile_signal,high_machine_context_signal,4,-1.4655,0.667,ossanaguessa,5,0.667,False,not_assessed
RHD-RTRI-001258,RHD-RSPAN-000862,RHD-S1809-01035,Reh,Alles,alles,336,german_context_profile_signal,high_machine_context_signal,4,-1.4663,1.0,abe,3,0.4,False,not_assessed
RHD-RTRI-001259,RHD-RSPAN-000665,RHD-S1809-00805,Kochen,Ausgekocht,ausgekocht,326,german_context_profile_signal,high_machine_context_signal,4,-1.4695,0.0,acabilague,5,0.5,False,not_assessed
RHD-RTRI-001260,RHD-RSPAN-000914,RHD-S1809-01098,Scheffel,Getreidemaß,getreidemass,338,german_context_profile_signal,high_machine_context_signal,4,-1.472,0.0,gala ta simega,5,0.643,False,not_assessed
RHD-RTRI-001261,RHD-RSPAN-000697,RHD-S1809-00838,Kuchen,Brodt,brodt,328,german_context_profile_signal,high_machine_context_signal,4,-1.4722,0.0,boa,3,0.4,False,not_assessed
RHD-RTRI-001262,RHD-RSPAN-000675,RHD-S1809-00808,Korallen,Glaskorallen,glaskorallen,327,german_context_profile_signal,high_machine_context_signal,4,-1.4758,1.0,gala ta simega,5,0.643,False,not_assessed
RHD-RTRI-001263,RHD-RSPAN-000204,RHD-S1809-00283,Bogen,Armbruſt,armbrust,309,german_context_profile_signal,high_machine_context_signal,4,-1.4763,1.0,abiti,5,0.375,False,not_assessed
RHD-RTRI-001264,RHD-RSPAN-000845,RHD-S1809-01001,Pfeil,Armbruſt,armbrust,335,german_context_profile_signal,high_machine_context_signal,4,-1.4763,1.0,abiti,5,0.375,False,not_assessed
RHD-RTRI-001265,RHD-RSPAN-000340,RHD-S1809-00438,Ermüden,Ermüdet,ermudet,315,german_context_profile_signal,high_machine_context_signal,4,-1.4812,0.0,euke,4,0.429,False,not_assessed
RHD-RTRI-001266,RHD-RSPAN-000887,RHD-S1809-01061,Säen,Säen ſollen,saen sollen,338,german_context_profile_signal,high_machine_context_signal,4,-1.4834,1.0,saateameke,5,0.545,False,not_assessed
RHD-RTRI-001267,RHD-RSPAN-000116,RHD-S1809-00173,Bär,beklagen,beklagen,306,german_context_profile_signal,high_machine_context_signal,4,-1.5032,0.0,babali,5,0.375,False,not_assessed
RHD-RTRI-001268,RHD-RSPAN-001119,RHD-S1809-01307,Taback,Füllung,fullung,345,german_context_profile_signal,high_machine_context_signal,4,-1.5039,0.0,,,0.0,False,not_assessed
RHD-RTRI-001269,RHD-RSPAN-000649,RHD-S1809-00777,Karpfe,Fiſch,fisch,326,german_context_profile_signal,high_machine_context_signal,4,-1.5059,1.0,,,0.0,False,not_assessed
RHD-RTRI-001270,RHD-RSPAN-001108,RHD-S1809-01293,Stroh,uneigentlich,uneigentlich,344,german_context_profile_signal,high_machine_context_signal,4,-1.506,0.0,,,0.0,False,not_assessed
RHD-RTRI-001271,RHD-RSPAN-001447,RHD-S1809-01622,Zurück,zurückkommen,zuruckkommen,352,german_context_profile_signal,high_machine_context_signal,4,-1.5207,0.0,,,0.0,False,not_assessed
RHD-RTRI-001272,RHD-RSPAN-001416,RHD-S1809-01601,Ziege,Geiſe,geise,352,german_context_profile_signal,high_machine_context_signal,4,-1.5251,0.0,gaele,3,0.4,False,not_assessed
RHD-RTRI-001273,RHD-RSPAN-000373,RHD-S1809-00474,Faulenzen,gefault,gefault,316,german_context_profile_signal,high_machine_context_signal,4,-1.5341,0.0,gaele,4,0.429,False,not_assessed
RHD-RTRI-001274,RHD-RSPAN-000750,RHD-S1809-00895,Machen,Gemacht,gemacht,330,german_context_profile_signal,high_machine_context_signal,4,-1.5355,0.0,guaca,4,0.429,False,not_assessed
RHD-RTRI-001275,RHD-RSPAN-001355,RHD-S1809-01550,Willen,Wider Willen,wider willen,351,german_context_profile_signal,high_machine_context_signal,4,-1.5539,0.5,,,0.0,False,not_assessed
RHD-RTRI-001276,RHD-RSPAN-001385,RHD-S1809-01581,Zahm,Zahm machen,zahm machen,351,german_context_profile_signal,high_machine_context_signal,4,-1.5546,1.0,,,0.0,False,not_assessed
RHD-RTRI-001277,RHD-RSPAN-000769,RHD-S1809-00925,Menſch,vielfach,vielfach,331,german_context_profile_signal,high_machine_context_signal,4,-1.5611,1.0,vacalchi,5,0.375,False,not_assessed
RHD-RTRI-001278,RHD-RSPAN-001036,RHD-S1809-01227,Spiel,Anderes Spiel,anderes spiel,342,german_context_profile_signal,high_machine_context_signal,4,-1.5652,1.0,acabilague,5,0.615,False,not_assessed
RHD-RTRI-001279,RHD-RSPAN-000393,RHD-S1809-00495,Feuer,Grieß,griess,317,german_context_profile_signal,high_machine_context_signal,4,-1.5664,0.0,gaele,4,0.333,False,not_assessed
RHD-RTRI-001280,RHD-RSPAN-000513,RHD-S1809-00644,Gries,Jagen erwerben,jagen erwerben,322,german_context_profile_signal,high_machine_context_signal,4,-1.5701,0.5,jumajumajameke,5,0.643,False,not_assessed
RHD-RTRI-001281,RHD-RSPAN-000937,RHD-S1809-01117,Schlangen,wenn ſie ſchleichen,wenn sie schleichen,339,german_context_profile_signal,high_machine_context_signal,4,-1.5779,0.667,,,0.0,False,not_assessed
RHD-RTRI-001282,RHD-RSPAN-000398,RHD-S1809-00508,Flachs,Dieſer mangelt,dieser mangelt,317,german_context_profile_signal,high_machine_context_signal,4,-1.5793,1.0,,,0.0,False,not_assessed
RHD-RTRI-001283,RHD-RSPAN-000113,RHD-S1809-00171,Bändigen,Gebändiget,gebandiget,306,german_context_profile_signal,high_machine_context_signal,4,-1.5885,0.0,galandria,5,0.5,False,not_assessed
RHD-RTRI-001284,RHD-RSPAN-001363,RHD-S1809-01560,Wolf,bey den Heiden,bey den heiden,351,german_context_profile_signal,high_machine_context_signal,4,-1.5927,0.0,bacalatschi,5,0.643,False,not_assessed
RHD-RTRI-001285,RHD-RSPAN-000843,RHD-S1809-00998,Papier,Brief,brief,335,german_context_profile_signal,high_machine_context_signal,4,-1.5934,1.0,baica,3,0.4,False,not_assessed
RHD-RTRI-001286,RHD-RSPAN-000187,RHD-S1809-00262,Beyde,Beyderſeits,beyderseits,309,german_context_profile_signal,high_machine_context_signal,4,-1.5956,0.0,bacaguaca,5,0.545,False,not_assessed
RHD-RTRI-001287,RHD-RSPAN-001078,RHD-S1809-01267,Stein,Zerſtoßener Stein,zerstossener stein,344,german_context_profile_signal,high_machine_context_signal,4,-1.5977,0.5,,,0.0,False,not_assessed
RHD-RTRI-001288,RHD-RSPAN-001202,RHD-S1809-01421,Verehligen,Heyrathen,heyrathen,347,german_context_profile_signal,high_machine_context_signal,4,-1.5985,0.0,haagameke,5,0.444,False,not_assessed
RHD-RTRI-001289,RHD-RSPAN-000251,RHD-S1809-00331,Dieſer,Dieſer ſelbſt,dieser selbst,312,german_context_profile_signal,high_machine_context_signal,4,-1.6058,1.0,,,0.0,False,not_assessed
RHD-RTRI-001290,RHD-RSPAN-000998,RHD-S1809-01186,Selbſt,dieſer ſelbſt,dieser selbst,341,german_context_profile_signal,high_machine_context_signal,4,-1.6058,1.0,,,0.0,False,not_assessed
RHD-RTRI-001291,RHD-RSPAN-000161,RHD-S1809-00228,Berauſchen,Berauſcht,berauscht,308,german_context_profile_signal,high_machine_context_signal,4,-1.6061,1.0,babali,5,0.444,False,not_assessed
RHD-RTRI-001292,RHD-RSPAN-000889,RHD-S1809-01063,Saitenſpiel,Geige,geige,338,german_context_profile_signal,high_machine_context_signal,4,-1.6077,1.0,gaele,3,0.4,False,not_assessed
RHD-RTRI-001293,RHD-RSPAN-001273,RHD-S1809-01488,Vierzehn,Wenn ſie zählen,wenn sie zahlen,349,german_context_profile_signal,high_machine_context_signal,4,-1.6092,1.0,,,0.0,False,not_assessed
RHD-RTRI-001294,RHD-RSPAN-000690,RHD-S1809-00833,Kriechen,Kriechend,kriechend,327,german_context_profile_signal,high_machine_context_signal,4,-1.6182,0.0,kachela,5,0.444,False,not_assessed
RHD-RTRI-001295,RHD-RSPAN-000405,RHD-S1809-00520,Flüchtig,Flüchtling,fluchtling,318,german_context_profile_signal,high_machine_context_signal,4,-1.6193,1.0,,,0.0,False,not_assessed
RHD-RTRI-001296,RHD-RSPAN-001145,RHD-S1809-01341,Tragen,Hinwegtragen,hinwegtragen,346,german_context_profile_signal,high_machine_context_signal,4,-1.6245,0.0,haagameke,5,0.583,False,not_assessed
RHD-RTRI-001297,RHD-RSPAN-001317,RHD-S1809-01523,Waſſer,Waſſer ziehen,wasser ziehen,350,german_context_profile_signal,high_machine_context_signal,4,-1.6302,1.0,,,0.0,False,not_assessed
RHD-RTRI-001298,RHD-RSPAN-000571,RHD-S1809-00720,Hinaus jagen,hinauswerfen,hinauswerfen,324,german_context_profile_signal,high_machine_context_signal,4,-1.6326,0.0,haagameke,5,0.583,False,not_assessed
RHD-RTRI-001299,RHD-RSPAN-000580,RHD-S1809-00729,Hoch,Höher,hoher,325,german_context_profile_signal,high_machine_context_signal,4,-1.6415,1.0,hoje,2,0.6,False,not_assessed
RHD-RTRI-001300,RHD-RSPAN-000930,RHD-S1809-01117,Schlangen,Die allergrößten Schlangen,die allergrossten schlangen,339,german_context_profile_signal,high_machine_context_signal,4,-1.6446,0.667,,,0.0,False,not_assessed
RHD-RTRI-001301,RHD-RSPAN-000707,RHD-S1809-00855,Lang,Beywort,beywort,328,german_context_profile_signal,high_machine_context_signal,4,-1.6462,0.0,babali,5,0.286,False,not_assessed
RHD-RTRI-001302,RHD-RSPAN-000668,RHD-S1809-00805,Kochen,Gekocht,gekocht,326,german_context_profile_signal,high_machine_context_signal,4,-1.6468,0.0,gaele,5,0.286,False,not_assessed
RHD-RTRI-001303,RHD-RSPAN-001339,RHD-S1809-01541,Waizen,Gekocht,gekocht,350,german_context_profile_signal,high_machine_context_signal,4,-1.6468,0.0,gaele,5,0.286,False,not_assessed
RHD-RTRI-001304,RHD-RSPAN-000006,RHD-S1809-00003,Abhauen,Abgehauen,abgehauen,301,german_context_profile_signal,high_machine_context_signal,4,-1.6564,0.0,acabilague,5,0.5,False,not_assessed
RHD-RTRI-001305,RHD-RSPAN-000361,RHD-S1809-00454,Erzeuger,Vater,vater,315,german_context_profile_signal,high_machine_context_signal,4,-1.66,1.0,vakina,4,0.333,False,not_assessed
RHD-RTRI-001306,RHD-RSPAN-001328,RHD-S1809-01529,Wegen,wegen dieſem,wegen diesem,350,german_context_profile_signal,high_machine_context_signal,4,-1.6612,0.5,,,0.0,False,not_assessed
RHD-RTRI-001307,RHD-RSPAN-000166,RHD-S1809-00234,Beſehen,beſchauen,beschauen,308,german_context_profile_signal,high_machine_context_signal,4,-1.6676,1.0,babali,5,0.444,False,not_assessed
RHD-RTRI-001308,RHD-RSPAN-000079,RHD-S1809-00120,Armbruſt,ſondern einen andern,sondern einen andern,304,german_context_profile_signal,high_machine_context_signal,4,-1.6707,0.333,,,0.0,False,not_assessed
RHD-RTRI-001309,RHD-RSPAN-001247,RHD-S1809-01478,Vieh,Thier,thier,348,german_context_profile_signal,high_machine_context_signal,4,-1.6745,1.0,taica,3,0.4,False,not_assessed
RHD-RTRI-001310,RHD-RSPAN-000269,RHD-S1809-00347,Dreyzehn,Dreyzehnmal,dreyzehnmal,313,german_context_profile_signal,high_machine_context_signal,4,-1.6804,0.0,,,0.0,False,not_assessed
RHD-RTRI-001311,RHD-RSPAN-000514,RHD-S1809-00644,Gries,Köcher,kocher,322,german_context_profile_signal,high_machine_context_signal,4,-1.6928,0.0,kachela,3,0.571,False,not_assessed
RHD-RTRI-001312,RHD-RSPAN-001127,RHD-S1809-01324,Taufen,Getauft,getauft,346,german_context_profile_signal,high_machine_context_signal,4,-1.6981,1.0,gaele,5,0.286,False,not_assessed
RHD-RTRI-001313,RHD-RSPAN-001034,RHD-S1809-01225,Sperren,Geſperrt,gesperrt,342,german_context_profile_signal,high_machine_context_signal,4,-1.7066,0.0,gaele,5,0.375,False,not_assessed
RHD-RTRI-001314,RHD-RSPAN-000942,RHD-S1809-01122,Schlimm,Schlimmer,schlimmer,339,german_context_profile_signal,high_machine_context_signal,4,-1.7067,0.0,schine,4,0.556,False,not_assessed
RHD-RTRI-001315,RHD-RSPAN-000891,RHD-S1809-01065,Salat,Kraut,kraut,338,german_context_profile_signal,high_machine_context_signal,4,-1.7067,1.0,kake,3,0.4,False,not_assessed
RHD-RTRI-001316,RHD-RSPAN-000012,RHD-S1809-00011,Abwaſchen,Abgewaſchen,abgewaschen,301,german_context_profile_signal,high_machine_context_signal,4,-1.7086,0.0,acabilague,5,0.545,False,not_assessed
RHD-RTRI-001317,RHD-RSPAN-001400,RHD-S1809-01591,Zeitig,reif,reif,352,german_context_profile_signal,high_machine_context_signal,4,-1.7206,1.0,raje,3,0.25,False,not_assessed
RHD-RTRI-001318,RHD-RSPAN-000357,RHD-S1809-00451,Erweitern,größer,grosser,315,german_context_profile_signal,high_machine_context_signal,4,-1.7276,1.0,guossa,3,0.571,False,not_assessed
RHD-RTRI-001319,RHD-RSPAN-000518,RHD-S1809-00652,Groß,Größer,grosser,323,german_context_profile_signal,high_machine_context_signal,4,-1.7276,1.0,guossa,3,0.571,False,not_assessed
RHD-RTRI-001320,RHD-RSPAN-000909,RHD-S1809-01089,Schale,Rinde,rinde,338,german_context_profile_signal,high_machine_context_signal,4,-1.7314,1.0,rache,3,0.4,False,not_assessed
RHD-RTRI-001321,RHD-RSPAN-000363,RHD-S1809-00457,Eſel,Maulthier,maulthier,315,german_context_profile_signal,high_machine_context_signal,4,-1.7395,1.0,maguali,5,0.444,False,not_assessed
RHD-RTRI-001322,RHD-RSPAN-000951,RHD-S1809-01132,Schneiden,Sich ſchneiden,sich schneiden,339,german_context_profile_signal,high_machine_context_signal,4,-1.7442,1.0,schiojameke,5,0.643,False,not_assessed
RHD-RTRI-001323,RHD-RSPAN-001452,RHD-S1809-01633,Zuſchließen,Zugeſchloſſen,zugeschlossen,353,german_context_profile_signal,high_machine_context_signal,4,-1.7444,0.0,,,0.0,False,not_assessed
RHD-RTRI-001324,RHD-RSPAN-000081,RHD-S1809-00120,Armbruſt,zugeſchnittenen,zugeschnittenen,304,german_context_profile_signal,high_machine_context_signal,4,-1.7447,0.0,,,0.0,False,not_assessed
RHD-RTRI-001325,RHD-RSPAN-001085,RHD-S1809-01277,Sterblich,unvergänglich,unverganglich,344,german_context_profile_signal,high_machine_context_signal,4,-1.7508,0.0,,,0.0,False,not_assessed
RHD-RTRI-001326,RHD-RSPAN-000252,RHD-S1809-00331,Dieſer,Eben dieſer,eben dieser,312,german_context_profile_signal,high_machine_context_signal,4,-1.7533,1.0,echsamela,5,0.545,False,not_assessed
RHD-RTRI-001327,RHD-RSPAN-000388,RHD-S1809-00490,Feſt,Feſtmachen,festmachen,316,german_context_profile_signal,high_machine_context_signal,4,-1.7534,0.0,,,0.0,False,not_assessed
RHD-RTRI-001328,RHD-RSPAN-000551,RHD-S1809-00702,Herzunahen,herbeytreten,herbeytreten,324,german_context_profile_signal,high_machine_context_signal,4,-1.756,1.0,haagameke,5,0.583,False,not_assessed
RHD-RTRI-001329,RHD-RSPAN-001405,RHD-S1809-01594,Zerhauen,Zerhauenes,zerhauenes,352,german_context_profile_signal,high_machine_context_signal,4,-1.764,1.0,,,0.0,False,not_assessed
RHD-RTRI-001330,RHD-RSPAN-000030,RHD-S1809-00063,Abſchneiden,abhauen,abhauen,301,german_context_profile_signal,high_machine_context_signal,4,-1.7643,1.0,aregue,4,0.429,False,not_assessed
RHD-RTRI-001331,RHD-RSPAN-001439,RHD-S1809-01620,Zunder,Schwamm,schwamm,352,german_context_profile_signal,high_machine_context_signal,4,-1.7676,1.0,schine,4,0.429,False,not_assessed
RHD-RTRI-001332,RHD-RSPAN-000285,RHD-S1809-00369,Ehe,Heurathen,heurathen,313,german_context_profile_signal,high_machine_context_signal,4,-1.7689,1.0,haagameke,5,0.444,False,not_assessed
RHD-RTRI-001333,RHD-RSPAN-000345,RHD-S1809-00444,Erſchrecken,Erſchreckt,erschreckt,315,german_context_profile_signal,high_machine_context_signal,4,-1.776,0.0,echsamela,5,0.5,False,not_assessed
RHD-RTRI-001334,RHD-RSPAN-000329,RHD-S1809-00414,Ente,Kohl,kohl,314,german_context_profile_signal,high_machine_context_signal,4,-1.7793,0.0,kake,3,0.25,False,not_assessed
RHD-RTRI-001335,RHD-RSPAN-000109,RHD-S1809-00167,Balgen,ſich,sich,306,german_context_profile_signal,high_machine_context_signal,4,-1.7841,1.0,s-ca,2,0.5,False,not_assessed
RHD-RTRI-001336,RHD-RSPAN-001220,RHD-S1809-01445,Verleihen,ſich,sich,348,german_context_profile_signal,high_machine_context_signal,4,-1.7841,1.0,s-ca,2,0.5,False,not_assessed
RHD-RTRI-001337,RHD-RSPAN-000510,RHD-S1809-00644,Gries,brennende Gegenden reuten,brennende gegenden reuten,322,german_context_profile_signal,high_machine_context_signal,4,-1.7842,0.0,,,0.0,False,not_assessed
RHD-RTRI-001338,RHD-RSPAN-001258,RHD-S1809-01480,Viel,oft,oft,348,german_context_profile_signal,high_machine_context_signal,4,-1.7876,1.0,oca,2,0.333,False,not_assessed
RHD-RTRI-001339,RHD-RSPAN-000711,RHD-S1809-00856,Lang,längſt,langst,328,german_context_profile_signal,high_machine_context_signal,4,-1.796,0.0,laca,4,0.333,False,not_assessed
RHD-RTRI-001340,RHD-RSPAN-000307,RHD-S1809-00397,Einkehren,Einmal,einmal,314,german_context_profile_signal,high_machine_context_signal,4,-1.7966,1.0,ela,4,0.333,False,not_assessed
RHD-RTRI-001341,RHD-RSPAN-000131,RHD-S1809-00194,Bedecken,Bedeckt,bedeckt,308,german_context_profile_signal,high_machine_context_signal,4,-1.8067,1.0,babali,5,0.286,False,not_assessed
RHD-RTRI-001342,RHD-RSPAN-001424,RHD-S1809-01607,Zimmer,zeigt,zeigt,352,german_context_profile_signal,high_machine_context_signal,4,-1.8114,0.0,,,0.0,False,not_assessed
RHD-RTRI-001343,RHD-RSPAN-000352,RHD-S1809-00448,Erwecken,Aufwecken,aufwecken,315,german_context_profile_signal,high_machine_context_signal,4,-1.8119,0.0,acabilague,5,0.5,False,not_assessed
RHD-RTRI-001344,RHD-RSPAN-000877,RHD-S1809-01051,Rufen,Rufen ſollen,rufen sollen,338,german_context_profile_signal,high_machine_context_signal,4,-1.8134,1.0,racheliki,5,0.583,False,not_assessed
RHD-RTRI-001345,RHD-RSPAN-000516,RHD-S1809-00644,Gries,werfen ſie,werfen sie,322,german_context_profile_signal,high_machine_context_signal,4,-1.8147,1.0,,,0.0,False,not_assessed
RHD-RTRI-001346,RHD-RSPAN-000733,RHD-S1809-00879,Leuchten,Leuchtend,leuchtend,330,german_context_profile_signal,high_machine_context_signal,4,-1.8222,1.0,lavaca,5,0.444,False,not_assessed
RHD-RTRI-001347,RHD-RSPAN-001091,RHD-S1809-01281,Stinken,Stinkend,stinkend,344,german_context_profile_signal,high_machine_context_signal,4,-1.8223,0.0,sinevi,4,0.5,False,not_assessed
RHD-RTRI-001348,RHD-RSPAN-000203,RHD-S1809-00280,Blutsfreund,Mutter,mutter,309,german_context_profile_signal,high_machine_context_signal,4,-1.8228,1.0,muhe,3,0.5,False,not_assessed
RHD-RTRI-001349,RHD-RSPAN-000240,RHD-S1809-00321,Decken,Gedeckt,gedeckt,312,german_context_profile_signal,high_machine_context_signal,4,-1.828,0.0,gueke,4,0.429,False,not_assessed
RHD-RTRI-001350,RHD-RSPAN-001013,RHD-S1809-01199,Sieden,Geſotten,gesotten,341,german_context_profile_signal,high_machine_context_signal,4,-1.8307,0.0,gaele,5,0.375,False,not_assessed
RHD-RTRI-001351,RHD-RSPAN-000946,RHD-S1809-01124,Schlinge,Strick,strick,339,german_context_profile_signal,high_machine_context_signal,4,-1.834,1.0,s-ca,4,0.333,False,not_assessed
RHD-RTRI-001352,RHD-RSPAN-000994,RHD-S1809-01175,Seil,Strick,strick,340,german_context_profile_signal,high_machine_context_signal,4,-1.834,1.0,s-ca,4,0.333,False,not_assessed
RHD-RTRI-001353,RHD-RSPAN-001099,RHD-S1809-01287,Strang,Strick,strick,344,german_context_profile_signal,high_machine_context_signal,4,-1.834,1.0,s-ca,4,0.333,False,not_assessed
RHD-RTRI-001354,RHD-RSPAN-001458,RHD-S1809-01640,Zwirn,Strick,strick,353,german_context_profile_signal,high_machine_context_signal,4,-1.834,1.0,s-ca,4,0.333,False,not_assessed
RHD-RTRI-001355,RHD-RSPAN-000396,RHD-S1809-00498,Feuer ſchlagen,Gries,gries,317,german_context_profile_signal,high_machine_context_signal,4,-1.8374,1.0,gane,3,0.4,False,not_assessed
RHD-RTRI-001356,RHD-RSPAN-001115,RHD-S1809-01303,Suppe,Gries,gries,345,german_context_profile_signal,high_machine_context_signal,4,-1.8374,1.0,gane,3,0.4,False,not_assessed
RHD-RTRI-001357,RHD-RSPAN-001067,RHD-S1809-01263,Stehen,Stehen bleiben,stehen bleiben,344,german_context_profile_signal,high_machine_context_signal,4,-1.8394,1.0,schiojameke,5,0.643,False,not_assessed
RHD-RTRI-001358,RHD-RSPAN-000560,RHD-S1809-00710,Hie,hier,hier,324,german_context_profile_signal,high_machine_context_signal,4,-1.8475,1.0,hipe,2,0.5,False,not_assessed
RHD-RTRI-001359,RHD-RSPAN-001446,RHD-S1809-01622,Zurück,zurückgehen,zuruckgehen,352,german_context_profile_signal,high_machine_context_signal,4,-1.8497,0.0,,,0.0,False,not_assessed
RHD-RTRI-001360,RHD-RSPAN-000280,RHD-S1809-00362,Dürfen,Gewalt,gewalt,313,german_context_profile_signal,high_machine_context_signal,4,-1.8503,0.0,gala,3,0.5,False,not_assessed
RHD-RTRI-001361,RHD-RSPAN-000941,RHD-S1809-01121,Schließen,Geſchloſſen,geschlossen,339,german_context_profile_signal,high_machine_context_signal,4,-1.8533,0.0,gala ta simega,5,0.643,False,not_assessed
RHD-RTRI-001362,RHD-RSPAN-001226,RHD-S1809-01450,Vermengen,vermiſchen,vermischen,348,german_context_profile_signal,high_machine_context_signal,4,-1.869,0.0,vacalchi,5,0.5,False,not_assessed
RHD-RTRI-001363,RHD-RSPAN-000348,RHD-S1809-00444,Erſchrecken,wirkend,wirkend,315,german_context_profile_signal,high_machine_context_signal,4,-1.8698,0.0,,,0.0,False,not_assessed
RHD-RTRI-001364,RHD-RSPAN-000460,RHD-S1809-00586,Geißeln,Gegeißelt,gegeisselt,320,german_context_profile_signal,high_machine_context_signal,4,-1.8736,1.0,galandria,5,0.5,False,not_assessed
RHD-RTRI-001365,RHD-RSPAN-001197,RHD-S1809-01411,Vater,Feige,feige,347,german_context_profile_signal,high_machine_context_signal,4,-1.8767,1.0,,,0.0,False,not_assessed
RHD-RTRI-001366,RHD-RSPAN-000507,RHD-S1809-00640,Gras,Maulthieren,maulthieren,322,german_context_profile_signal,high_machine_context_signal,4,-1.8775,0.0,massisipoa,5,0.545,False,not_assessed
RHD-RTRI-001367,RHD-RSPAN-000603,RHD-S1809-00753,Hütte,Bauen,bauen,325,german_context_profile_signal,high_machine_context_signal,4,-1.8822,1.0,baje,2,0.6,False,not_assessed
RHD-RTRI-001368,RHD-RSPAN-001018,RHD-S1809-01206,Sohle,anzuziehen,anzuziehen,341,german_context_profile_signal,high_machine_context_signal,4,-1.888,0.0,acabilague,5,0.5,False,not_assessed
RHD-RTRI-001369,RHD-RSPAN-000530,RHD-S1809-00669,Heide,ungetauft,ungetauft,323,german_context_profile_signal,high_machine_context_signal,4,-1.8938,0.0,uelameke,5,0.444,False,not_assessed
RHD-RTRI-001370,RHD-RSPAN-000216,RHD-S1809-00297,Brennholz,Brennſchwamm,brennschwamm,310,german_context_profile_signal,high_machine_context_signal,4,-1.9161,1.0,bacaguaca,5,0.583,False,not_assessed
RHD-RTRI-001371,RHD-RSPAN-001278,RHD-S1809-01492,Vogel,Flügeln,flugeln,349,german_context_profile_signal,high_machine_context_signal,4,-1.9197,0.0,,,0.0,False,not_assessed
RHD-RTRI-001372,RHD-RSPAN-000440,RHD-S1809-00570,Geblüt,Blut,blut,320,german_context_profile_signal,high_machine_context_signal,4,-1.9223,1.0,baca,3,0.25,False,not_assessed
RHD-RTRI-001373,RHD-RSPAN-000001,RHD-S1809-00001,Abgehen,Abgehend,abgehend,301,german_context_profile_signal,high_machine_context_signal,4,-1.9263,0.0,abiti,5,0.375,False,not_assessed
RHD-RTRI-001374,RHD-RSPAN-001445,RHD-S1809-01622,Zurück,zurückbringen,zuruckbringen,352,german_context_profile_signal,high_machine_context_signal,4,-1.9286,0.0,,,0.0,False,not_assessed
RHD-RTRI-001375,RHD-RSPAN-001333,RHD-S1809-01534,Weib,Eheweib,eheweib,350,german_context_profile_signal,high_machine_context_signal,4,-1.9323,1.0,echsamela,5,0.444,False,not_assessed
RHD-RTRI-001376,RHD-RSPAN-000059,RHD-S1809-00107,Apatſchee,daß,dass,302,german_context_profile_signal,high_machine_context_signal,4,-1.9328,1.0,,,0.0,False,not_assessed
RHD-RTRI-001377,RHD-RSPAN-000073,RHD-S1809-00119,Arm,dürftig,durftig,304,german_context_profile_signal,high_machine_context_signal,4,-1.9328,1.0,,,0.0,False,not_assessed
RHD-RTRI-001378,RHD-RSPAN-000170,RHD-S1809-00241,Beſitzen,daß,dass,308,german_context_profile_signal,high_machine_context_signal,4,-1.9328,1.0,,,0.0,False,not_assessed
RHD-RTRI-001379,RHD-RSPAN-000863,RHD-S1809-01035,Reh,daß,dass,336,german_context_profile_signal,high_machine_context_signal,4,-1.9328,1.0,,,0.0,False,not_assessed
RHD-RTRI-001380,RHD-RSPAN-001364,RHD-S1809-01560,Wolf,daß,dass,351,german_context_profile_signal,high_machine_context_signal,4,-1.9328,1.0,,,0.0,False,not_assessed
RHD-RTRI-001381,RHD-RSPAN-001312,RHD-S1809-01518,Warm,Warm ſeyn,warm seyn,350,german_context_profile_signal,high_machine_context_signal,4,-1.9331,1.0,,,0.0,False,not_assessed
RHD-RTRI-001382,RHD-RSPAN-001199,RHD-S1809-01416,Verbittern,erzürnen,erzurnen,347,german_context_profile_signal,high_machine_context_signal,4,-1.9541,0.0,echsamela,5,0.444,False,not_assessed
RHD-RTRI-001383,RHD-RSPAN-001014,RHD-S1809-01199,Sieden,Siedend,siedend,341,german_context_profile_signal,high_machine_context_signal,4,-1.9643,0.0,senu,4,0.429,False,not_assessed
RHD-RTRI-001384,RHD-RSPAN-000135,RHD-S1809-00200,Befruchten,Frucht,frucht,308,german_context_profile_signal,high_machine_context_signal,4,-1.9687,1.0,,,0.0,False,not_assessed
RHD-RTRI-001385,RHD-RSPAN-001231,RHD-S1809-01457,Verſchlieſſen,Verſchloſſen,verschlossen,348,german_context_profile_signal,high_machine_context_signal,4,-1.9709,0.0,vasseraseke,5,0.583,False,not_assessed
RHD-RTRI-001386,RHD-RSPAN-000644,RHD-S1809-00769,Klein,Kleinſte,kleinste,326,german_context_profile_signal,high_machine_context_signal,4,-1.9811,0.0,kinabe,4,0.5,False,not_assessed
RHD-RTRI-001387,RHD-RSPAN-000087,RHD-S1809-00137,Aufbinden,Aufgebunden,aufgebunden,304,german_context_profile_signal,high_machine_context_signal,4,-1.9818,0.0,acabilague,5,0.545,False,not_assessed
RHD-RTRI-001388,RHD-RSPAN-000996,RHD-S1809-01176,Seitenſtechen,aufgebunden,aufgebunden,340,german_context_profile_signal,high_machine_context_signal,4,-1.9818,0.0,acabilague,5,0.545,False,not_assessed
RHD-RTRI-001389,RHD-RSPAN-000324,RHD-S1809-00414,Ente,hineingeworfen,hineingeworfen,314,german_context_profile_signal,high_machine_context_signal,4,-1.9857,0.0,haleseatschic,5,0.643,False,not_assessed
RHD-RTRI-001390,RHD-RSPAN-000335,RHD-S1809-00431,Ergreifen,Ergriffen,ergriffen,315,german_context_profile_signal,high_machine_context_signal,4,-2.015,0.0,echsamela,5,0.444,False,not_assessed
RHD-RTRI-001391,RHD-RSPAN-000596,RHD-S1809-00742,Hülſenfrucht,Linſen,linsen,325,german_context_profile_signal,high_machine_context_signal,4,-2.018,0.0,lessi,4,0.333,False,not_assessed
RHD-RTRI-001392,RHD-RSPAN-000093,RHD-S1809-00143,"Aufſchlieſſen, aufſperren",aufmachen,aufmachen,304,german_context_profile_signal,high_machine_context_signal,4,-2.0209,1.0,acabilague,5,0.5,False,not_assessed
RHD-RTRI-001393,RHD-RSPAN-000923,RHD-S1809-01106,Scherzen,Scherzend,scherzend,338,german_context_profile_signal,high_machine_context_signal,4,-2.0226,0.0,saateameke,5,0.5,False,not_assessed
RHD-RTRI-001394,RHD-RSPAN-000431,RHD-S1809-00551,Fuß,Spiel,spiel,319,german_context_profile_signal,high_machine_context_signal,4,-2.0244,1.0,saiki,3,0.4,False,not_assessed
RHD-RTRI-001395,RHD-RSPAN-001350,RHD-S1809-01545,Wettlauf,Spiel,spiel,350,german_context_profile_signal,high_machine_context_signal,4,-2.0244,1.0,saiki,3,0.4,False,not_assessed
RHD-RTRI-001396,RHD-RSPAN-001368,RHD-S1809-01564,Würfel,Spiel,spiel,351,german_context_profile_signal,high_machine_context_signal,4,-2.0244,1.0,saiki,3,0.4,False,not_assessed
RHD-RTRI-001397,RHD-RSPAN-001257,RHD-S1809-01480,Viel,Mehr,mehr,348,german_context_profile_signal,high_machine_context_signal,4,-2.0344,1.0,maha,2,0.5,False,not_assessed
RHD-RTRI-001398,RHD-RSPAN-000648,RHD-S1809-00773,Kammer,Zimmer,zimmer,326,german_context_profile_signal,high_machine_context_signal,4,-2.0344,1.0,,,0.0,False,not_assessed
RHD-RTRI-001399,RHD-RSPAN-001269,RHD-S1809-01488,Vierzehn,dreyzehn,dreyzehn,349,german_context_profile_signal,high_machine_context_signal,4,-2.0705,1.0,,,0.0,False,not_assessed
RHD-RTRI-001400,RHD-RSPAN-000371,RHD-S1809-00474,Faulenzen,Faul,faul,316,german_context_profile_signal,high_machine_context_signal,4,-2.0772,1.0,,,0.0,False,not_assessed
RHD-RTRI-001401,RHD-RSPAN-001024,RHD-S1809-01211,Sollen,Müſſen,mussen,342,german_context_profile_signal,high_machine_context_signal,4,-2.0825,1.0,muhe,3,0.5,False,not_assessed
RHD-RTRI-001402,RHD-RSPAN-000066,RHD-S1809-00107,Apatſchee,Pferde,pferde,302,german_context_profile_signal,high_machine_context_signal,4,-2.0875,0.0,pere,2,0.667,False,not_assessed
RHD-RTRI-001403,RHD-RSPAN-000050,RHD-S1809-00097,Anhäufen,Angehäuft,angehauft,302,german_context_profile_signal,high_machine_context_signal,4,-2.1188,0.0,acabilague,5,0.5,False,not_assessed
RHD-RTRI-001404,RHD-RSPAN-001083,RHD-S1809-01277,Sterblich,nein,nein,344,german_context_profile_signal,high_machine_context_signal,4,-2.1291,1.0,nene,2,0.5,False,not_assessed
RHD-RTRI-001405,RHD-RSPAN-000604,RHD-S1809-00754,Ja,Antwort,antwort,325,german_context_profile_signal,high_machine_context_signal,4,-2.1293,0.0,abiti,5,0.286,False,not_assessed
RHD-RTRI-001406,RHD-RSPAN-001433,RHD-S1809-01614,Zugehören,ſondern,sondern,352,german_context_profile_signal,high_machine_context_signal,4,-2.146,0.0,sinevi,4,0.429,False,not_assessed
RHD-RTRI-001407,RHD-RSPAN-000490,RHD-S1809-00619,Gewiß,fürwahr,furwahr,322,german_context_profile_signal,high_machine_context_signal,4,-2.167,1.0,,,0.0,False,not_assessed
RHD-RTRI-001408,RHD-RSPAN-000250,RHD-S1809-00326,Deswegen,derowegen,derowegen,312,german_context_profile_signal,high_machine_context_signal,4,-2.1946,0.0,,,0.0,False,not_assessed
RHD-RTRI-001409,RHD-RSPAN-000159,RHD-S1809-00226,Benetzen,befeuchten,befeuchten,308,german_context_profile_signal,high_machine_context_signal,4,-2.2129,0.0,bacaguaca,5,0.5,False,not_assessed
RHD-RTRI-001410,RHD-RSPAN-000145,RHD-S1809-00208,Behalten,aufbewahren,aufbewahren,308,german_context_profile_signal,high_machine_context_signal,4,-2.2143,0.0,acabilague,5,0.545,False,not_assessed
RHD-RTRI-001411,RHD-RSPAN-000261,RHD-S1809-00337,Dorfrichter,beſitzen,besitzen,312,german_context_profile_signal,high_machine_context_signal,4,-2.2179,1.0,babali,5,0.375,False,not_assessed
RHD-RTRI-001412,RHD-RSPAN-000383,RHD-S1809-00479,Feige indianiſche,verlieren,verlieren,316,german_context_profile_signal,high_machine_context_signal,4,-2.2405,1.0,vacalchi,5,0.444,False,not_assessed
RHD-RTRI-001413,RHD-RSPAN-001080,RHD-S1809-01273,Sterben,Verſtorben,verstorben,344,german_context_profile_signal,high_machine_context_signal,4,-2.2454,1.0,vacalchi,5,0.5,False,not_assessed
RHD-RTRI-001414,RHD-RSPAN-001206,RHD-S1809-01427,Vergänglich,ſterblich,sterblich,347,german_context_profile_signal,high_machine_context_signal,4,-2.2489,1.0,saateameke,5,0.5,False,not_assessed
RHD-RTRI-001415,RHD-RSPAN-000224,RHD-S1809-00315,Da,anwenden,anwenden,311,german_context_profile_signal,high_machine_context_signal,4,-2.2596,0.0,abiti,5,0.375,False,not_assessed
RHD-RTRI-001416,RHD-RSPAN-001227,RHD-S1809-01451,Vernehmen,hören,horen,348,german_context_profile_signal,high_machine_context_signal,4,-2.2648,1.0,hoje,2,0.6,False,not_assessed
RHD-RTRI-001417,RHD-RSPAN-000878,RHD-S1809-01051,Rufen,Rufend,rufend,338,german_context_profile_signal,high_machine_context_signal,4,-2.2684,0.0,ruje,3,0.5,False,not_assessed
RHD-RTRI-001418,RHD-RSPAN-000643,RHD-S1809-00769,Klein,Kleiner,kleiner,326,german_context_profile_signal,high_machine_context_signal,4,-2.2691,1.0,keke,4,0.429,False,not_assessed
RHD-RTRI-001419,RHD-RSPAN-000314,RHD-S1809-00408,Einwohner,Eingebohrner,eingebohrner,314,german_context_profile_signal,high_machine_context_signal,4,-2.2865,1.0,echsamela,5,0.583,False,not_assessed
RHD-RTRI-001420,RHD-RSPAN-000757,RHD-S1809-00907,Matt,lernen,lernen,331,german_context_profile_signal,high_machine_context_signal,4,-2.3106,1.0,lessi,4,0.333,False,not_assessed
RHD-RTRI-001421,RHD-RSPAN-000178,RHD-S1809-00241,Beſitzen,ſagen,sagen,308,german_context_profile_signal,high_machine_context_signal,4,-2.3206,1.0,saate,3,0.4,False,not_assessed
RHD-RTRI-001422,RHD-RSPAN-000876,RHD-S1809-01051,Rufen,Gerufen,gerufen,338,german_context_profile_signal,high_machine_context_signal,4,-2.3385,0.0,guelube,4,0.429,False,not_assessed
RHD-RTRI-001423,RHD-RSPAN-000305,RHD-S1809-00396,Eingraben,Eingegraben,eingegraben,314,german_context_profile_signal,high_machine_context_signal,4,-2.348,0.0,echsamela,5,0.545,False,not_assessed
RHD-RTRI-001424,RHD-RSPAN-001144,RHD-S1809-01341,Tragen,hertragen,hertragen,346,german_context_profile_signal,high_machine_context_signal,4,-2.3643,1.0,haagameke,5,0.444,False,not_assessed
RHD-RTRI-001425,RHD-RSPAN-000153,RHD-S1809-00218,Beladen,Aufladen,aufladen,308,german_context_profile_signal,high_machine_context_signal,4,-2.3831,1.0,abiti,5,0.375,False,not_assessed
RHD-RTRI-001426,RHD-RSPAN-001437,RHD-S1809-01618,Zumachen,Sperren,sperren,352,german_context_profile_signal,high_machine_context_signal,4,-2.4019,1.0,s-ca,5,0.286,False,not_assessed
RHD-RTRI-001427,RHD-RSPAN-000090,RHD-S1809-00140,Auflöſen,Aufbinden,aufbinden,304,german_context_profile_signal,high_machine_context_signal,4,-2.4149,1.0,acabilague,5,0.5,False,not_assessed
RHD-RTRI-001428,RHD-RSPAN-000372,RHD-S1809-00474,Faulenzen,Faulen,faulen,316,german_context_profile_signal,high_machine_context_signal,4,-2.4178,0.0,,,0.0,False,not_assessed
RHD-RTRI-001429,RHD-RSPAN-000311,RHD-S1809-00402,Einſcharren,Eingraben,eingraben,314,german_context_profile_signal,high_machine_context_signal,4,-2.4342,1.0,echsamela,5,0.444,False,not_assessed
RHD-RTRI-001430,RHD-RSPAN-000973,RHD-S1809-01160,Schwimmen,Baden,baden,340,german_context_profile_signal,high_machine_context_signal,4,-2.4411,1.0,baje,2,0.6,False,not_assessed
RHD-RTRI-001431,RHD-RSPAN-000772,RHD-S1809-00929,Metall,Eiſen,eisen,331,german_context_profile_signal,high_machine_context_signal,4,-2.4691,1.0,esse,2,0.6,False,not_assessed
RHD-RTRI-001432,RHD-RSPAN-001412,RHD-S1809-01600,Zeugen,gebähren,gebahren,352,german_context_profile_signal,high_machine_context_signal,4,-2.4849,1.0,gaele,5,0.375,False,not_assessed
RHD-RTRI-001433,RHD-RSPAN-000584,RHD-S1809-00731,Hoffen,erwarten,erwarten,325,german_context_profile_signal,high_machine_context_signal,4,-2.5004,1.0,echsamela,5,0.444,False,not_assessed
RHD-RTRI-001434,RHD-RSPAN-001409,RHD-S1809-01596,Zerreiben,Zerrieben,zerrieben,352,german_context_profile_signal,high_machine_context_signal,4,-2.5089,0.0,,,0.0,False,not_assessed
RHD-RTRI-001435,RHD-RSPAN-001277,RHD-S1809-01492,Vogel,ferner,ferner,349,german_context_profile_signal,high_machine_context_signal,4,-2.5184,0.0,,,0.0,False,not_assessed
RHD-RTRI-001436,RHD-RSPAN-000638,RHD-S1809-00758,Ich,Wir,wir,326,german_context_profile_signal,high_machine_context_signal,4,-2.5338,1.0,,,0.0,False,not_assessed
RHD-RTRI-001437,RHD-RSPAN-001244,RHD-S1809-01475,Verzehren,Verzehrt,verzehrt,348,german_context_profile_signal,high_machine_context_signal,4,-2.5424,0.0,verendo,4,0.5,False,not_assessed
RHD-RTRI-001438,RHD-RSPAN-001314,RHD-S1809-01520,Warten,Wartend,wartend,350,german_context_profile_signal,high_machine_context_signal,4,-2.543,0.0,,,0.0,False,not_assessed
RHD-RTRI-001439,RHD-RSPAN-001384,RHD-S1809-01580,Zählen,Zähler,zahler,351,german_context_profile_signal,high_machine_context_signal,4,-2.5709,1.0,,,0.0,False,not_assessed
RHD-RTRI-001440,RHD-RSPAN-000086,RHD-S1809-00136,Aufbehalten,bewahren,bewahren,304,german_context_profile_signal,high_machine_context_signal,4,-2.5784,1.0,babali,5,0.375,False,not_assessed
RHD-RTRI-001441,RHD-RSPAN-000185,RHD-S1809-00258,Bewachen,bewahren,bewahren,309,german_context_profile_signal,high_machine_context_signal,4,-2.5784,1.0,babali,5,0.375,False,not_assessed
RHD-RTRI-001442,RHD-RSPAN-000144,RHD-S1809-00206,Begreifen,wiſſen,wissen,308,german_context_profile_signal,high_machine_context_signal,4,-2.6338,1.0,,,0.0,False,not_assessed
RHD-RTRI-001443,RHD-RSPAN-000268,RHD-S1809-00343,Drauſſen,wiſſen,wissen,313,german_context_profile_signal,high_machine_context_signal,4,-2.6338,1.0,,,0.0,False,not_assessed
RHD-RTRI-001444,RHD-RSPAN-000569,RHD-S1809-00718,Hinaus,wiſſen,wissen,324,german_context_profile_signal,high_machine_context_signal,4,-2.6338,1.0,,,0.0,False,not_assessed
RHD-RTRI-001445,RHD-RSPAN-001434,RHD-S1809-01614,Zugehören,Wiſſen,wissen,352,german_context_profile_signal,high_machine_context_signal,4,-2.6338,1.0,,,0.0,False,not_assessed
RHD-RTRI-001446,RHD-RSPAN-000190,RHD-S1809-00267,Binden,Gebunden,gebunden,309,german_context_profile_signal,high_machine_context_signal,4,-2.6522,1.0,gaele,5,0.375,False,not_assessed
RHD-RTRI-001447,RHD-RSPAN-000824,RHD-S1809-00983,Ob?,Fragen,fragen,334,german_context_profile_signal,high_machine_context_signal,4,-2.6652,1.0,,,0.0,False,not_assessed
RHD-RTRI-001448,RHD-RSPAN-001361,RHD-S1809-01557,Wohnen,Seyn,seyn,351,german_context_profile_signal,high_machine_context_signal,4,-2.6757,1.0,seli,2,0.5,False,not_assessed
RHD-RTRI-001449,RHD-RSPAN-000143,RHD-S1809-00206,Begreifen,verſtehen,verstehen,308,german_context_profile_signal,high_machine_context_signal,4,-2.6985,0.0,vacalchi,5,0.444,False,not_assessed
RHD-RTRI-001450,RHD-RSPAN-001383,RHD-S1809-01580,Zählen,Zählend,zahlend,351,german_context_profile_signal,high_machine_context_signal,4,-2.7006,0.0,,,0.0,False,not_assessed
RHD-RTRI-001451,RHD-RSPAN-001027,RHD-S1809-01215,Sonſt,anderſt,anderst,342,german_context_profile_signal,high_machine_context_signal,4,-2.7328,1.0,ariero,4,0.429,False,not_assessed
RHD-RTRI-001452,RHD-RSPAN-001103,RHD-S1809-01290,Strick,denn,denn,344,german_context_profile_signal,high_machine_context_signal,4,-2.8109,0.0,,,0.0,False,not_assessed
RHD-RTRI-001453,RHD-RSPAN-000810,RHD-S1809-00965,Nachſehen,vergeben,vergeben,333,german_context_profile_signal,high_machine_context_signal,4,-2.8363,1.0,verendo,4,0.5,False,not_assessed
RHD-RTRI-001454,RHD-RSPAN-000047,RHD-S1809-00088,Anbinden,binden,binden,302,german_context_profile_signal,high_machine_context_signal,4,-2.8538,1.0,baje,4,0.333,False,not_assessed
RHD-RTRI-001455,RHD-RSPAN-000036,RHD-S1809-00074,Aloe,dünſten,dunsten,301,german_context_profile_signal,high_machine_context_signal,4,-2.933,1.0,,,0.0,False,not_assessed
RHD-RTRI-001456,RHD-RSPAN-000913,RHD-S1809-01094,Schätzen,ehren,ehren,338,german_context_profile_signal,high_machine_context_signal,4,-2.9967,1.0,eke,3,0.4,False,not_assessed
RHD-RTRI-001457,RHD-RSPAN-000055,RHD-S1809-00105,Anziehen,ziehen,ziehen,302,german_context_profile_signal,high_machine_context_signal,4,-3.0081,1.0,,,0.0,False,not_assessed
RHD-RTRI-001458,RHD-RSPAN-001246,RHD-S1809-01477,Verziehen,warten,warten,348,german_context_profile_signal,high_machine_context_signal,4,-3.0558,1.0,,,0.0,False,not_assessed
