concordance_id,graphic_key,rar_de_record_id,rar_de_form,rar_de_german_gloss,rar_de_page,de_rar_record_id,de_rar_headword,de_rar_page,reciprocal_german_support,reciprocal_support_type,human_reviewed,decision
RHD-ICONC-000001,abiti,RHD-S1809-00027,Abiti,ein kleines Kind,353,RHD-S1809-00790,Kind,326,true,german_headword_gloss_containment,false,not_assessed
RHD-ICONC-000002,acaca,RHD-S1809-00029,Acáca,Speichel,353,RHD-S1809-01220,Speichel,342,true,exact_normalized_german_headword_gloss_match,false,not_assessed
RHD-ICONC-000003,aguila,RHD-S1809-00031,Aguila,Tochter,353,RHD-S1809-01333,Tochter,346,true,exact_normalized_german_headword_gloss_match,false,not_assessed
RHD-ICONC-000004,aitaruc,RHD-S1809-01647,Aitáruc,Teufel,353,RHD-S1809-01327,Teufel,346,true,exact_normalized_german_headword_gloss_match,false,not_assessed
RHD-ICONC-000005,ajonoco,RHD-S1809-00033,Ajónoco,zörnen,353,RHD-S1809-01611,Zörnen,352,true,exact_normalized_german_headword_gloss_match,false,not_assessed
RHD-ICONC-000006,ajoruje,RHD-S1809-01644,Ajóruje,zornig machen,353,RHD-S1809-01612,Zornig,352,true,german_headword_gloss_containment,false,not_assessed
RHD-ICONC-000007,ame,RHD-S1809-00035,Amé,Suchen,353,RHD-S1809-01298,Suchen,345,true,exact_normalized_german_headword_gloss_match,false,not_assessed
RHD-ICONC-000008,amela,RHD-S1809-01651,Amela,Man ſoll oder muß ſuchen,353,RHD-S1809-01298,Suchen,345,true,german_headword_gloss_containment,false,not_assessed
RHD-ICONC-000009,amulipi,RHD-S1809-00036,Amulipi,Nahe,353,RHD-S1809-00971,Nahe,333,true,exact_normalized_german_headword_gloss_match,false,not_assessed
RHD-ICONC-000010,apiti,RHD-S1809-00027,Apiti,ein kleines Kind,353,RHD-S1809-00790,Kind,326,true,german_headword_gloss_containment,false,not_assessed
RHD-ICONC-000011,aregue,RHD-S1809-02237,aregué,Aufhören,364,RHD-S1809-00138,Aufhören,304,true,exact_normalized_german_headword_gloss_match,false,not_assessed
RHD-ICONC-000012,ariero,RHD-S1809-01656,Ariero,Eſeltreiber,354,RHD-S1809-00459,Eſeltreiber,315,true,exact_normalized_german_headword_gloss_match,false,not_assessed
RHD-ICONC-000013,atschi,RHD-S1809-00038,Atſchi,Lachen,354,RHD-S1809-00850,Lachen,328,true,exact_normalized_german_headword_gloss_match,false,not_assessed
RHD-ICONC-000014,atschi,RHD-S1809-00038,Atſchi,Lachen,354,RHD-S1809-00851,Lachen,328,true,exact_normalized_german_headword_gloss_match,false,not_assessed
RHD-ICONC-000015,atschilelila,RHD-S1809-01658,Atſchilélila,"das Lachen, Gelächter",354,RHD-S1809-00587,Gelächter,320,true,german_headword_gloss_containment,false,not_assessed
RHD-ICONC-000016,auguaca,RHD-S1809-00039,Auguáca,Horn,354,RHD-S1809-00738,Horn,325,true,exact_normalized_german_headword_gloss_match,false,not_assessed
RHD-ICONC-000017,bacaguaca,RHD-S1809-01660,Bacaguáca,Blatt,354,RHD-S1809-00272,Blatt,309,true,exact_normalized_german_headword_gloss_match,false,not_assessed
RHD-ICONC-000018,baje,RHD-S1809-01665,Bajé,Rufen,354,RHD-S1809-01051,Rufen,338,true,exact_normalized_german_headword_gloss_match,false,not_assessed
RHD-ICONC-000019,bajemela,RHD-S1809-01667,Bajémela,"Rufen ſollen, oder müſſen, ſ",354,RHD-S1809-01051,Rufen,338,true,german_headword_gloss_containment,false,not_assessed
RHD-ICONC-000020,bala,RHD-S1809-01653,Balá,"Beladen, beſchweren, aufladen",354,RHD-S1809-00129,Aufladen,304,true,german_headword_gloss_containment,false,not_assessed
RHD-ICONC-000021,bala,RHD-S1809-01653,Balá,"Beladen, beſchweren, aufladen",354,RHD-S1809-00237,Beſchweren,308,true,german_headword_gloss_containment,false,not_assessed
RHD-ICONC-000022,bassa,RHD-S1809-01683,Báſſa,"Acker, Feld",354,RHD-S1809-00016,Acker,301,true,german_headword_gloss_containment,false,not_assessed
RHD-ICONC-000023,bassa,RHD-S1809-01683,Báſſa,"Acker, Feld",354,RHD-S1809-00486,Feld,316,true,german_headword_gloss_containment,false,not_assessed
RHD-ICONC-000024,bassara,RHD-S1809-01684,Baſſará,"Ackern, pflügen",354,RHD-S1809-00070,Ackern,301,true,german_headword_gloss_containment,false,not_assessed
RHD-ICONC-000025,bassaraleke,RHD-S1809-01672,Baſſaráleke,"Pflug, ſ",354,RHD-S1809-01006,Pflug,335,true,german_headword_gloss_containment,false,not_assessed
RHD-ICONC-000026,batani,RHD-S1809-01680,Batáni,In Gegenwart,354,RHD-S1809-00576,Gegenwart,320,true,german_headword_gloss_containment,false,not_assessed
RHD-ICONC-000027,boni,RHD-S1809-01688,Boní,Schweſter,355,RHD-S1809-01159,Schweſter,340,true,exact_normalized_german_headword_gloss_match,false,not_assessed
RHD-ICONC-000028,bucaligua,RHD-S1809-01690,Bucáligua,"Rücken, Buckel",355,RHD-S1809-00312,Buckel,311,true,german_headword_gloss_containment,false,not_assessed
RHD-ICONC-000029,bucaligua,RHD-S1809-01690,Bucáligua,"Rücken, Buckel",355,RHD-S1809-01049,Rücken,338,true,german_headword_gloss_containment,false,not_assessed
RHD-ICONC-000030,buke,RHD-S1809-01693,Buké,"Haben, beſitzen, ſ",355,RHD-S1809-00241,Beſitzen,308,true,german_headword_gloss_containment,false,not_assessed
RHD-ICONC-000031,bula,RHD-S1809-01697,Bulá,Binden,355,RHD-S1809-00267,Binden,309,true,exact_normalized_german_headword_gloss_match,false,not_assessed
RHD-ICONC-000032,bura,RHD-S1809-01700,Búra,Hirſch,355,RHD-S1809-00727,Hirſch,325,true,exact_normalized_german_headword_gloss_match,false,not_assessed
RHD-ICONC-000033,cajena,RHD-S1809-01704,Cajena,"Vollenden, verfertigen, ausmachen",355,RHD-S1809-01424,Verfertigen,347,true,german_headword_gloss_containment,false,not_assessed
RHD-ICONC-000034,cajena,RHD-S1809-01704,Cajena,"Vollenden, verfertigen, ausmachen",355,RHD-S1809-01497,Vollenden,349,true,german_headword_gloss_containment,false,not_assessed
RHD-ICONC-000035,caliki,RHD-S1809-01708,Caliki,"Häuschen, Hütte",355,RHD-S1809-00753,Hütte,325,true,german_headword_gloss_containment,false,not_assessed
RHD-ICONC-000036,caliruje,RHD-S1809-01709,Caliruje,"Bauen, ſ",355,RHD-S1809-00185,Bauen,307,true,german_headword_gloss_containment,false,not_assessed
RHD-ICONC-000037,cau,RHD-S1809-01717,Caú,"Pferd, Roß",355,RHD-S1809-01005,Pferd,335,true,german_headword_gloss_containment,false,not_assessed
RHD-ICONC-000038,cauguila,RHD-S1809-01719,Cauguila,"Wüſte, Einöde",355,RHD-S1809-00399,Einöde,314,true,german_headword_gloss_containment,false,not_assessed
RHD-ICONC-000039,cavolameke,RHD-S1809-01720,Cavólameke,"oder cavórameke, kugelförmig",355,RHD-S1809-00840,Kugelförmig,328,true,german_headword_gloss_containment,false,not_assessed
RHD-ICONC-000040,cavoli,RHD-S1809-01722,Cavóli,Kugel,355,RHD-S1809-00839,Kugel,328,true,exact_normalized_german_headword_gloss_match,false,not_assessed
RHD-ICONC-000041,coa,RHD-S1809-01695,Coá,Eſſen,355,RHD-S1809-00460,Eſſen,315,true,exact_normalized_german_headword_gloss_match,false,not_assessed
RHD-ICONC-000042,coajameke,RHD-S1809-01696,Coajameke,das Eſſen,355,RHD-S1809-00460,Eſſen,315,true,german_headword_gloss_containment,false,not_assessed
RHD-ICONC-000043,cocola,RHD-S1809-01725,Cocolá,Krank ſeyn,355,RHD-S1809-00827,Krank ſeyn,327,true,exact_normalized_german_headword_gloss_match,false,not_assessed
RHD-ICONC-000044,coigua,RHD-S1809-01732,Coigua,Würzen,355,RHD-S1809-01574,Würzen,351,true,exact_normalized_german_headword_gloss_match,false,not_assessed
RHD-ICONC-000045,coiguala,RHD-S1809-01733,Coiguala,gute ſchmackhafte Speiſe,355,RHD-S1809-01221,Speiſe,342,true,german_headword_gloss_containment,false,not_assessed
RHD-ICONC-000046,cojatschi,RHD-S1809-01731,Cojatſchi,Hut,355,RHD-S1809-00750,Hut,325,true,exact_normalized_german_headword_gloss_match,false,not_assessed
RHD-ICONC-000047,colatschi,RHD-S1809-01736,Colatſchi,der Rabe,355,RHD-S1809-01019,Rabe,336,true,german_headword_gloss_containment,false,not_assessed
RHD-ICONC-000048,colo,RHD-S1809-01737,Coló,"Kranich, ſ",355,RHD-S1809-00819,Kranich,327,true,german_headword_gloss_containment,false,not_assessed
RHD-ICONC-000049,cosiki,RHD-S1809-01742,Cosiki,Baumwolle,355,RHD-S1809-00192,Baumwolle,307,true,exact_normalized_german_headword_gloss_match,false,not_assessed
RHD-ICONC-000050,cotschi,RHD-S1809-01744,Cotſchi,Schwein,355,RHD-S1809-01156,Schwein,340,true,exact_normalized_german_headword_gloss_match,false,not_assessed
RHD-ICONC-000051,cugue,RHD-S1809-01750,Cugué,"Spät, Nacht",356,RHD-S1809-00966,Nacht,333,true,german_headword_gloss_containment,false,not_assessed
RHD-ICONC-000052,cugue,RHD-S1809-01750,Cugué,"Spät, Nacht",356,RHD-S1809-01218,Spät,342,true,german_headword_gloss_containment,false,not_assessed
RHD-ICONC-000053,cugui,RHD-S1809-01751,Cuguí,Helfen,356,RHD-S1809-00678,Helfen,324,true,exact_normalized_german_headword_gloss_match,false,not_assessed
RHD-ICONC-000054,cuguiameke,RHD-S1809-01752,Cuguíameke,Helfer,356,RHD-S1809-00679,Helfer,324,true,exact_normalized_german_headword_gloss_match,false,not_assessed
RHD-ICONC-000055,culuameke,RHD-S1809-01754,Culúameke,"dick, fett, leibig, Schmeerbauch",356,RHD-S1809-00327,Dick,312,true,german_headword_gloss_containment,false,not_assessed
RHD-ICONC-000056,culuameke,RHD-S1809-01754,Culúameke,"dick, fett, leibig, Schmeerbauch",356,RHD-S1809-00492,Fett,316,true,german_headword_gloss_containment,false,not_assessed
RHD-ICONC-000057,cuna,RHD-S1809-01756,Cuná,Ehemann,356,RHD-S1809-00375,Ehemann,313,true,exact_normalized_german_headword_gloss_match,false,not_assessed
RHD-ICONC-000058,cusiki,RHD-S1809-01761,Cusíki,"Holz, Stab, Stecken, Prügel",356,RHD-S1809-00735,Holz,325,true,german_headword_gloss_containment,false,not_assessed
RHD-ICONC-000059,cusiki,RHD-S1809-01761,Cusíki,"Holz, Stab, Stecken, Prügel",356,RHD-S1809-01017,Prügel,336,true,german_headword_gloss_containment,false,not_assessed
RHD-ICONC-000060,cusiki,RHD-S1809-01761,Cusíki,"Holz, Stab, Stecken, Prügel",356,RHD-S1809-01254,Stab,343,true,german_headword_gloss_containment,false,not_assessed
RHD-ICONC-000061,cusiki,RHD-S1809-01761,Cusíki,"Holz, Stab, Stecken, Prügel",356,RHD-S1809-01262,Stecken,344,true,german_headword_gloss_containment,false,not_assessed
RHD-ICONC-000062,cutschiki,RHD-S1809-01766,Cutſchiki,Baum,356,RHD-S1809-00189,Baum,307,true,exact_normalized_german_headword_gloss_match,false,not_assessed
RHD-ICONC-000063,cutsi,RHD-S1809-01764,Cutsi,Kurz,356,RHD-S1809-00847,Kurz,328,true,exact_normalized_german_headword_gloss_match,false,not_assessed
RHD-ICONC-000064,cuvala,RHD-S1809-01767,Cuvála,"Gipfel, Spitze",356,RHD-S1809-01248,Spitze,343,true,german_headword_gloss_containment,false,not_assessed
RHD-ICONC-000065,echtscha,RHD-S1809-01771,Echtſchá,Säen,356,RHD-S1809-01061,Säen,338,true,exact_normalized_german_headword_gloss_match,false,not_assessed
RHD-ICONC-000066,eke,RHD-S1809-01774,Eke,"Zumachen, ſperren, ſchließen",356,RHD-S1809-01225,Sperren,342,true,german_headword_gloss_containment,false,not_assessed
RHD-ICONC-000067,ekipi,RHD-S1809-01776,Ekipi,Nicht viel,356,RHD-S1809-01480,Viel,348,true,german_headword_gloss_containment,false,not_assessed
RHD-ICONC-000068,ekitschipi,RHD-S1809-01781,Ekítschipí,Sehr wenig,356,RHD-S1809-01543,Wenig,350,true,german_headword_gloss_containment,false,not_assessed
RHD-ICONC-000069,ela,RHD-S1809-01782,Elá,"Verlangen, begehren",356,RHD-S1809-00203,Begehren,308,true,german_headword_gloss_containment,false,not_assessed
RHD-ICONC-000070,epulaca,RHD-S1809-01786,Epuláca,Schlüſſel,356,RHD-S1809-01126,Schlüſſel,339,true,exact_normalized_german_headword_gloss_match,false,not_assessed
RHD-ICONC-000071,era,RHD-S1809-01787,Éra,Thüre,356,RHD-S1809-01316,Thüre,346,true,exact_normalized_german_headword_gloss_match,false,not_assessed
RHD-ICONC-000072,eskiate,RHD-S1809-01790,Eskíate,Ist eine vom türkischen Waizengries dünn eingekochte Suppe,356,RHD-S1809-01303,Suppe,345,true,german_headword_gloss_containment,false,not_assessed
RHD-ICONC-000073,esse,RHD-S1809-01779,Eſſe,"Dieſer, dieſes",356,RHD-S1809-00331,Dieſer,312,true,german_headword_gloss_containment,false,not_assessed
RHD-ICONC-000074,etschaguala,RHD-S1809-01777,Etſchaguala,Bart,356,RHD-S1809-00177,Bart,307,true,exact_normalized_german_headword_gloss_match,false,not_assessed
RHD-ICONC-000075,gaele,RHD-S1809-01796,Gaëlé,Lieben,356,RHD-S1809-00885,Lieben,330,true,exact_normalized_german_headword_gloss_match,false,not_assessed
RHD-ICONC-000076,gane,RHD-S1809-01802,Gané,Recht gut,357,RHD-S1809-01028,Recht,336,true,german_headword_gloss_containment,false,not_assessed
RHD-ICONC-000077,ganeliameke,RHD-S1809-01804,Ganeliameke,"Der geſund iſt, dem es gut geht",357,RHD-S1809-00604,Geſund,320,true,german_headword_gloss_containment,false,not_assessed
RHD-ICONC-000078,ganileliki,RHD-S1809-01805,Ganileliki,Glückſeligkeit,357,RHD-S1809-00633,Glückſeligkeit,322,true,exact_normalized_german_headword_gloss_match,false,not_assessed
RHD-ICONC-000079,gassiniki,RHD-S1809-01809,Gassiníki,Husten,357,RHD-S1809-00749,Huſten,325,true,exact_normalized_german_headword_gloss_match,false,not_assessed
RHD-ICONC-000080,gatiki,RHD-S1809-01812,Gatiki,"oder gatiki, Wohnen, ſich wo befinden, ſeyn, ſ",357,RHD-S1809-01191,Seyn,341,true,german_headword_gloss_containment,false,not_assessed
RHD-ICONC-000081,gatiki,RHD-S1809-01812,Gatiki,"oder gatiki, Wohnen, ſich wo befinden, ſeyn, ſ",357,RHD-S1809-01557,Wohnen,351,true,german_headword_gloss_containment,false,not_assessed
RHD-ICONC-000082,gua,RHD-S1809-01814,Guá,"Schilf, Rohr",357,RHD-S1809-01042,Rohr,338,true,german_headword_gloss_containment,false,not_assessed
RHD-ICONC-000083,gua,RHD-S1809-01814,Guá,"Schilf, Rohr",357,RHD-S1809-01111,Schilf,338,true,german_headword_gloss_containment,false,not_assessed
RHD-ICONC-000084,guaca,RHD-S1809-01815,Guáca,"Pfeil, s",357,RHD-S1809-01001,Pfeil,335,true,german_headword_gloss_containment,false,not_assessed
RHD-ICONC-000085,guagua,RHD-S1809-01816,Guaguá,"Schlingen, schlucken",357,RHD-S1809-01125,Schlingen,339,true,german_headword_gloss_containment,false,not_assessed
RHD-ICONC-000086,guaki,RHD-S1809-01819,Guakí,Sich schneiden,357,RHD-S1809-01132,Schneiden,339,true,german_headword_gloss_containment,false,not_assessed
RHD-ICONC-000087,gualeke,RHD-S1809-01823,Gualéke,"Vielleicht, Etwan",357,RHD-S1809-01481,Vielleicht,348,true,german_headword_gloss_containment,false,not_assessed
RHD-ICONC-000088,guami,RHD-S1809-01825,Guamí,"Dort, weit, s",357,RHD-S1809-01539,Weit,350,true,german_headword_gloss_containment,false,not_assessed
RHD-ICONC-000089,guamina,RHD-S1809-01826,Guaminá,Weiter fort,357,RHD-S1809-01540,Weiter,350,true,german_headword_gloss_containment,false,not_assessed
RHD-ICONC-000090,guanogui,RHD-S1809-01828,Guanoguí,Vorgestern,357,RHD-S1809-01503,Vorgeſtern,349,true,exact_normalized_german_headword_gloss_match,false,not_assessed
RHD-ICONC-000091,guaugueke,RHD-S1809-01818,Guauguéke,gebratenes Fleisch,357,RHD-S1809-00510,Fleiſch,318,true,german_headword_gloss_containment,false,not_assessed
RHD-ICONC-000092,guaugueke,RHD-S1809-01818,Guauguéke,gebratenes Fleisch,357,RHD-S1809-00517,Fleiſch,318,true,german_headword_gloss_containment,false,not_assessed
RHD-ICONC-000093,guechpimela,RHD-S1809-01851,Guechpímela,Die Glocke läuten sollen,357,RHD-S1809-00631,Glocke,322,true,german_headword_gloss_containment,false,not_assessed
RHD-ICONC-000094,gueke,RHD-S1809-01842,Guéke,"Koth, Leim, s",357,RHD-S1809-00812,Koth,327,true,german_headword_gloss_containment,false,not_assessed
RHD-ICONC-000095,guelameke,RHD-S1809-01843,Guelámeke,altes Weib,357,RHD-S1809-01534,Weib,350,true,german_headword_gloss_containment,false,not_assessed
RHD-ICONC-000096,guele,RHD-S1809-01844,Guelé,"Dick, fett",357,RHD-S1809-00327,Dick,312,true,german_headword_gloss_containment,false,not_assessed
RHD-ICONC-000097,guele,RHD-S1809-01844,Guelé,"Dick, fett",357,RHD-S1809-00492,Fett,316,true,german_headword_gloss_containment,false,not_assessed
RHD-ICONC-000098,guelu,RHD-S1809-01846,Guelú,"Groß, lang",357,RHD-S1809-00855,Lang,328,true,german_headword_gloss_containment,false,not_assessed
RHD-ICONC-000099,guenomeatsi,RHD-S1809-01848,Guenomèatſi,"Bergwerk, Erzgrube",357,RHD-S1809-00230,Bergwerk,308,true,german_headword_gloss_containment,false,not_assessed
RHD-ICONC-000100,guenomeatsi,RHD-S1809-01848,Guenomèatſi,"Bergwerk, Erzgrube",357,RHD-S1809-00455,Erzgrube,315,true,german_headword_gloss_containment,false,not_assessed
RHD-ICONC-000101,guerachpeco,RHD-S1809-01850,Guerachpèco,Hernach,357,RHD-S1809-00689,Hernach,324,true,exact_normalized_german_headword_gloss_match,false,not_assessed
RHD-ICONC-000102,guicara,RHD-S1809-01854,Guicára,Singen,357,RHD-S1809-01201,Singen,341,true,exact_normalized_german_headword_gloss_match,false,not_assessed
RHD-ICONC-000103,guiki,RHD-S1809-01855,Guiki,Annehmen,357,RHD-S1809-00100,Annehmen,302,true,exact_normalized_german_headword_gloss_match,false,not_assessed
RHD-ICONC-000104,guitloco,RHD-S1809-01859,Guitlóco,"Hernach, demnach",357,RHD-S1809-00689,Hernach,324,true,german_headword_gloss_containment,false,not_assessed
RHD-ICONC-000105,haagameke,RHD-S1809-01865,Haagameke,Belebt,357,RHD-S1809-00219,Belebt,308,true,exact_normalized_german_headword_gloss_match,false,not_assessed
RHD-ICONC-000106,halesi,RHD-S1809-01867,Halesí,wilder Kürbis,357,RHD-S1809-00846,Kürbis,328,true,german_headword_gloss_containment,false,not_assessed
RHD-ICONC-000107,heicala,RHD-S1809-01875,Heicála,"Luft, Wind",358,RHD-S1809-00893,Luft,330,true,german_headword_gloss_containment,false,not_assessed
RHD-ICONC-000108,heicala,RHD-S1809-01875,Heicála,"Luft, Wind",358,RHD-S1809-01551,Wind,351,true,german_headword_gloss_containment,false,not_assessed
RHD-ICONC-000109,hena ibe,RHD-S1809-01876,Hená íbe,Da,358,RHD-S1809-00315,Da,311,true,exact_normalized_german_headword_gloss_match,false,not_assessed
RHD-ICONC-000110,hena ibe,RHD-S1809-01876,Hená íbe,Da,358,RHD-S1809-00316,Da,311,true,exact_normalized_german_headword_gloss_match,false,not_assessed
RHD-ICONC-000111,heregugui,RHD-S1809-01877,Hereguguí,Zusammenrotten,358,RHD-S1809-01631,Zuſammenrotten,352,true,exact_normalized_german_headword_gloss_match,false,not_assessed
RHD-ICONC-000112,hiaga,RHD-S1809-01880,Hiága,"anstatt hiágo, Mache geschwind, mache doch",358,RHD-S1809-00599,Geſchwind,320,true,german_headword_gloss_containment,false,not_assessed
RHD-ICONC-000113,hipeco,RHD-S1809-01884,Hipeco,Alſogleich,358,RHD-S1809-00025,"Alſobald, alſogleich",302,true,german_headword_gloss_containment,false,not_assessed
RHD-ICONC-000114,hoca,RHD-S1809-01887,Hóca,Dreſchen,358,RHD-S1809-00346,Dreſchen,313,true,exact_normalized_german_headword_gloss_match,false,not_assessed
RHD-ICONC-000115,hoguerana,RHD-S1809-01889,Hoguerána,"Links, linker Hand, linker Arm",358,RHD-S1809-00887,Links,330,true,german_headword_gloss_containment,false,not_assessed
RHD-ICONC-000116,hoje,RHD-S1809-01894,Hóje,"Fortſchreiten, gehen",358,RHD-S1809-00528,Fortſchreiten,318,true,german_headword_gloss_containment,false,not_assessed
RHD-ICONC-000117,hoje,RHD-S1809-01894,Hóje,"Fortſchreiten, gehen",358,RHD-S1809-00578,Gehen,320,true,german_headword_gloss_containment,false,not_assessed
RHD-ICONC-000118,hologua,RHD-S1809-01895,Hologuá,"Miſchen, Umrühren",358,RHD-S1809-00939,Miſchen,332,true,german_headword_gloss_containment,false,not_assessed
RHD-ICONC-000119,hologua,RHD-S1809-01895,Hologuá,"Miſchen, Umrühren",358,RHD-S1809-01370,Umrühren,347,true,german_headword_gloss_containment,false,not_assessed
RHD-ICONC-000120,hula,RHD-S1809-01901,Hulá,"Schicken, senden",358,RHD-S1809-01109,Schicken,338,true,german_headword_gloss_containment,false,not_assessed
RHD-ICONC-000121,hula,RHD-S1809-01901,Hulá,"Schicken, senden",358,RHD-S1809-01190,Senden,341,true,german_headword_gloss_containment,false,not_assessed
RHD-ICONC-000122,huli,RHD-S1809-01903,Huli,"Ein anderer, anderes",358,RHD-S1809-00089,Anderer,302,true,german_headword_gloss_containment,false,not_assessed
RHD-ICONC-000123,huma,RHD-S1809-01905,Humá,"Laufen, fliehen, ſich flüchten",358,RHD-S1809-00519,Flüchten,318,true,german_headword_gloss_containment,false,not_assessed
RHD-ICONC-000124,ibe,RHD-S1809-01912,Ibe,Da,358,RHD-S1809-00315,Da,311,true,exact_normalized_german_headword_gloss_match,false,not_assessed
RHD-ICONC-000125,ibe,RHD-S1809-01912,Ibe,Da,358,RHD-S1809-00316,Da,311,true,exact_normalized_german_headword_gloss_match,false,not_assessed
RHD-ICONC-000126,iche,RHD-S1809-01914,Iché,Dieſer,358,RHD-S1809-00331,Dieſer,312,true,exact_normalized_german_headword_gloss_match,false,not_assessed
RHD-ICONC-000127,igueruje,RHD-S1809-01926,Igueruje,Feſt machen,359,RHD-S1809-00490,Feſt,316,true,german_headword_gloss_containment,false,not_assessed
RHD-ICONC-000128,ikitsiki,RHD-S1809-01928,Ikitsiki,"Haſſen, Verabſcheuen",359,RHD-S1809-01412,Verabſcheuen,347,true,german_headword_gloss_containment,false,not_assessed
RHD-ICONC-000129,inoitsa,RHD-S1809-00044,Inoitſá,Arbeiten,359,RHD-S1809-00117,Arbeiten,304,true,exact_normalized_german_headword_gloss_match,false,not_assessed
RHD-ICONC-000130,inoitsamela,RHD-S1809-00045,Inoitſamela,"Man ſoll, oder muß arbeiten",359,RHD-S1809-00117,Arbeiten,304,true,german_headword_gloss_containment,false,not_assessed
RHD-ICONC-000131,inoitsanali,RHD-S1809-01930,Inoitſánali,Arbeit,359,RHD-S1809-00116,Arbeit,304,true,exact_normalized_german_headword_gloss_match,false,not_assessed
RHD-ICONC-000132,itschigua,RHD-S1809-01933,Itschiguá,Stehlen,359,RHD-S1809-01264,Stehlen,344,true,exact_normalized_german_headword_gloss_match,false,not_assessed
RHD-ICONC-000133,itschiguajameke,RHD-S1809-01934,Itſchiguájameke,Dieb,359,RHD-S1809-00328,Dieb,312,true,exact_normalized_german_headword_gloss_match,false,not_assessed
RHD-ICONC-000134,itschina,RHD-S1809-01935,Itschiná,Verbergen,359,RHD-S1809-01413,Verbergen,347,true,exact_normalized_german_headword_gloss_match,false,not_assessed
RHD-ICONC-000135,jassala,RHD-S1809-01910,Jaſſála,"Sitz, Stuhl, Bank",358,RHD-S1809-00172,Bank,306,true,german_headword_gloss_containment,false,not_assessed
RHD-ICONC-000136,jassala,RHD-S1809-01910,Jaſſála,"Sitz, Stuhl, Bank",358,RHD-S1809-01202,Sitz,341,true,german_headword_gloss_containment,false,not_assessed
RHD-ICONC-000137,jassala,RHD-S1809-01910,Jaſſála,"Sitz, Stuhl, Bank",358,RHD-S1809-01294,Stuhl,344,true,german_headword_gloss_containment,false,not_assessed
RHD-ICONC-000138,jauguila,RHD-S1809-01911,Jauguila,Tanz,358,RHD-S1809-01310,Tanz,345,true,exact_normalized_german_headword_gloss_match,false,not_assessed
RHD-ICONC-000139,jeje,RHD-S1809-00042,Jejé,Mutter,358,RHD-S1809-00958,Mutter,332,true,exact_normalized_german_headword_gloss_match,false,not_assessed
RHD-ICONC-000140,jela,RHD-S1809-01921,Jelá,Wollen,359,RHD-S1809-01566,Wollen,351,true,exact_normalized_german_headword_gloss_match,false,not_assessed
RHD-ICONC-000141,jola,RHD-S1809-00046,Jolá,Machen,359,RHD-S1809-00895,Machen,330,true,exact_normalized_german_headword_gloss_match,false,not_assessed
RHD-ICONC-000142,jomeiki,RHD-S1809-01932,Jomeíki,"Festtag, Feyertag",359,RHD-S1809-00491,Feſttag,316,true,german_headword_gloss_containment,false,not_assessed
RHD-ICONC-000143,juki,RHD-S1809-01937,Jukí,Donnerschlag,359,RHD-S1809-00335,Donnerſchlag,312,true,exact_normalized_german_headword_gloss_match,false,not_assessed
RHD-ICONC-000144,juma,RHD-S1809-01939,Jumá,"oder Jomá, Alles",359,RHD-S1809-00020,Alles,301,true,german_headword_gloss_containment,false,not_assessed
RHD-ICONC-000145,jumagua,RHD-S1809-01940,Jumaguá,Faſten,359,RHD-S1809-00471,Faſten,316,true,exact_normalized_german_headword_gloss_match,false,not_assessed
RHD-ICONC-000146,jumajumajameke,RHD-S1809-01942,Jumájumájameke,Allmächtig,359,RHD-S1809-00072,Allmächtig,301,true,exact_normalized_german_headword_gloss_match,false,not_assessed
RHD-ICONC-000147,kachka,RHD-S1809-01950,Kachká,Es ist süß,359,RHD-S1809-01304,Süß,345,true,german_headword_gloss_containment,false,not_assessed
RHD-ICONC-000148,kachkagameke,RHD-S1809-01951,Kachkágameke,Süß,359,RHD-S1809-01304,Süß,345,true,exact_normalized_german_headword_gloss_match,false,not_assessed
RHD-ICONC-000149,kake,RHD-S1809-01952,Kakè,Hören,359,RHD-S1809-00737,Hören,325,true,exact_normalized_german_headword_gloss_match,false,not_assessed
RHD-ICONC-000150,kauguaca,RHD-S1809-01953,Kauguáca,Ey,359,RHD-S1809-00466,Ey,316,true,exact_normalized_german_headword_gloss_match,false,not_assessed
RHD-ICONC-000151,keliki,RHD-S1809-01957,Kelíki,Sachte,359,RHD-S1809-01060,Sachte,338,true,exact_normalized_german_headword_gloss_match,false,not_assessed
RHD-ICONC-000152,kemaraje,RHD-S1809-01958,Kemáraje,Weben,359,RHD-S1809-01525,Weben,350,true,exact_normalized_german_headword_gloss_match,false,not_assessed
RHD-ICONC-000153,kepaliki,RHD-S1809-01959,Kepalíki,Schnee,359,RHD-S1809-01131,Schnee,339,true,exact_normalized_german_headword_gloss_match,false,not_assessed
RHD-ICONC-000154,khuta,RHD-S1809-01963,Khutá,Klein,359,RHD-S1809-00769,Klein,326,true,exact_normalized_german_headword_gloss_match,false,not_assessed
RHD-ICONC-000155,khutagala,RHD-S1809-01965,Khutágála,Obst,359,RHD-S1809-00986,Obſt,334,true,exact_normalized_german_headword_gloss_match,false,not_assessed
RHD-ICONC-000156,kia,RHD-S1809-01968,Kiá,Sonſt,359,RHD-S1809-01214,Sonſt,342,true,exact_normalized_german_headword_gloss_match,false,not_assessed
RHD-ICONC-000157,kioliki,RHD-S1809-01976,Kiolíki,Gekochte dünne Suppe von türkischem Weitzengries,360,RHD-S1809-01303,Suppe,345,true,german_headword_gloss_containment,false,not_assessed
RHD-ICONC-000158,kitsaoco,RHD-S1809-01977,Kitſaóco,Sieben,360,RHD-S1809-01192,Sieben,341,true,exact_normalized_german_headword_gloss_match,false,not_assessed
RHD-ICONC-000159,kitsaossa,RHD-S1809-01978,Kitsaóssa,Siebenmal,360,RHD-S1809-01193,Siebenmal,341,true,exact_normalized_german_headword_gloss_match,false,not_assessed
RHD-ICONC-000160,laca,RHD-S1809-01988,Láca,"Blut, s",360,RHD-S1809-00279,Blut,309,true,german_headword_gloss_containment,false,not_assessed
RHD-ICONC-000161,lala,RHD-S1809-01989,Lála,So ziemlich,360,RHD-S1809-01606,Ziemlich,352,true,german_headword_gloss_containment,false,not_assessed
RHD-ICONC-000162,lessiameke,RHD-S1809-01992,Lessíameke,"Müde, matt",360,RHD-S1809-00907,Matt,331,true,german_headword_gloss_containment,false,not_assessed
RHD-ICONC-000163,lessiba,RHD-S1809-01993,Lessíba,Er wird schon matt,360,RHD-S1809-00907,Matt,331,true,german_headword_gloss_containment,false,not_assessed
RHD-ICONC-000164,logui,RHD-S1809-01995,Loguí,Rasen,360,RHD-S1809-01021,Raſen,336,true,exact_normalized_german_headword_gloss_match,false,not_assessed
RHD-ICONC-000165,matschi,RHD-S1809-02006,Matſchi,Draußen,361,RHD-S1809-00343,Drauſſen,313,true,exact_normalized_german_headword_gloss_match,false,not_assessed
RHD-ICONC-000166,matschisimi,RHD-S1809-02008,Matſchiſimi,"Lernen, ſ",361,RHD-S1809-00876,Lernen,330,true,german_headword_gloss_containment,false,not_assessed
RHD-ICONC-000167,mea,RHD-S1809-02009,Meá,Tödten,361,RHD-S1809-01336,Tödten,346,true,exact_normalized_german_headword_gloss_match,false,not_assessed
RHD-ICONC-000168,mole,RHD-S1809-02015,Molé,Weihrauch,361,RHD-S1809-01536,Weihrauch,350,true,exact_normalized_german_headword_gloss_match,false,not_assessed
RHD-ICONC-000169,moleke,RHD-S1809-02016,Moléké,Weihrauch,361,RHD-S1809-01536,Weihrauch,350,true,exact_normalized_german_headword_gloss_match,false,not_assessed
RHD-ICONC-000170,moorapera,RHD-S1809-02018,Moorápera,Todtenkopf,361,RHD-S1809-01337,Todtenkopf,346,true,exact_normalized_german_headword_gloss_match,false,not_assessed
RHD-ICONC-000171,motsaca,RHD-S1809-02019,Motsáca,Ameise,361,RHD-S1809-00087,Ameiſe,302,true,exact_normalized_german_headword_gloss_match,false,not_assessed
RHD-ICONC-000172,motschi,RHD-S1809-02020,Motschí,Wohnen,361,RHD-S1809-01557,Wohnen,351,true,exact_normalized_german_headword_gloss_match,false,not_assessed
RHD-ICONC-000173,muja,RHD-S1809-02023,Mujá,Schimmeln,361,RHD-S1809-01112,Schimmeln,338,true,exact_normalized_german_headword_gloss_match,false,not_assessed
RHD-ICONC-000174,mukuku,RHD-S1809-02037,Mukúku,Sterben,361,RHD-S1809-01273,Sterben,344,true,exact_normalized_german_headword_gloss_match,false,not_assessed
RHD-ICONC-000175,mula,RHD-S1809-02044,Múla,"oder mila, Katze",361,RHD-S1809-00778,Katze,326,true,german_headword_gloss_containment,false,not_assessed
RHD-ICONC-000176,muliki,RHD-S1809-02028,Muliki,"Stempel, Stößel",361,RHD-S1809-01271,Stempel,344,true,german_headword_gloss_containment,false,not_assessed
RHD-ICONC-000177,muliki,RHD-S1809-02028,Muliki,"Stempel, Stößel",361,RHD-S1809-01284,Stößel,344,true,german_headword_gloss_containment,false,not_assessed
RHD-ICONC-000178,nachcala,RHD-S1809-02048,Nachcäla,Ohr,361,RHD-S1809-00990,Ohr,334,true,exact_normalized_german_headword_gloss_match,false,not_assessed
RHD-ICONC-000179,nacheatule,RHD-S1809-02049,Nacheatule,"Gehörlos, Taub",361,RHD-S1809-01322,Taub,346,true,german_headword_gloss_containment,false,not_assessed
RHD-ICONC-000180,nachki,RHD-S1809-02050,Nachkí,Wollen,361,RHD-S1809-01566,Wollen,351,true,exact_normalized_german_headword_gloss_match,false,not_assessed
RHD-ICONC-000181,nachtetuje,RHD-S1809-02058,Nachtétuje,"Erwiedern, Vergelten",362,RHD-S1809-01430,Vergelten,347,true,german_headword_gloss_containment,false,not_assessed
RHD-ICONC-000182,nagua,RHD-S1809-02061,Naguá,Kommen,362,RHD-S1809-00806,Kommen,327,true,exact_normalized_german_headword_gloss_match,false,not_assessed
RHD-ICONC-000183,naguabahi,RHD-S1809-02062,Naguábahí,Sich voll trinken,362,RHD-S1809-01496,Voll,349,true,german_headword_gloss_containment,false,not_assessed
RHD-ICONC-000184,naguoco,RHD-S1809-02096,Naguóco,Vier,362,RHD-S1809-01482,Vier,348,true,exact_normalized_german_headword_gloss_match,false,not_assessed
RHD-ICONC-000185,nahirape,RHD-S1809-02064,Nahirape,Ringen,362,RHD-S1809-01041,Ringen,338,true,exact_normalized_german_headword_gloss_match,false,not_assessed
RHD-ICONC-000186,naige,RHD-S1809-02067,Naïgé,Anzünden,362,RHD-S1809-00106,Anzünden,302,true,exact_normalized_german_headword_gloss_match,false,not_assessed
RHD-ICONC-000187,najasi,RHD-S1809-02066,Najási,Gar sehr lang,362,RHD-S1809-00856,Lang,328,true,german_headword_gloss_containment,false,not_assessed
RHD-ICONC-000188,najulu,RHD-S1809-02070,Najulú,Krank seyn,362,RHD-S1809-00827,Krank ſeyn,327,true,exact_normalized_german_headword_gloss_match,false,not_assessed
RHD-ICONC-000189,nalaga,RHD-S1809-02072,Nalagá,Weinen,362,RHD-S1809-01537,Weinen,350,true,exact_normalized_german_headword_gloss_match,false,not_assessed
RHD-ICONC-000190,naligue,RHD-S1809-02075,Naligué,"Haben, besitzen",362,RHD-S1809-00241,Beſitzen,308,true,german_headword_gloss_containment,false,not_assessed
RHD-ICONC-000191,nanagua,RHD-S1809-02077,Nanaguá,Messen,362,RHD-S1809-00927,Meſſen,331,true,exact_normalized_german_headword_gloss_match,false,not_assessed
RHD-ICONC-000192,nanamuti,RHD-S1809-02078,Nanamuti,Sache,362,RHD-S1809-01059,Sache,338,true,exact_normalized_german_headword_gloss_match,false,not_assessed
RHD-ICONC-000193,napa,RHD-S1809-02079,Napá,Beysammen,362,RHD-S1809-00263,Beyſammen,309,true,exact_normalized_german_headword_gloss_match,false,not_assessed
RHD-ICONC-000194,napabumela,RHD-S1809-02080,Napabúmela,"Man soll, oder muß sammeln",362,RHD-S1809-01071,Sammeln,338,true,german_headword_gloss_containment,false,not_assessed
RHD-ICONC-000195,naruje,RHD-S1809-02084,Náruje,Fragen,362,RHD-S1809-00530,Fragen,318,true,exact_normalized_german_headword_gloss_match,false,not_assessed
RHD-ICONC-000196,nassibula,RHD-S1809-02085,Nassíbula,Binde,362,RHD-S1809-00266,Binde,309,true,exact_normalized_german_headword_gloss_match,false,not_assessed
RHD-ICONC-000197,nassila,RHD-S1809-02086,Nassíla,Scheere,362,RHD-S1809-01097,Scheere,338,true,exact_normalized_german_headword_gloss_match,false,not_assessed
RHD-ICONC-000198,nassinaja,RHD-S1809-02089,Nassínaja,"Faulenzend, Im Faulenzen begriffen seyn",362,RHD-S1809-00474,Faulenzen,316,true,german_headword_gloss_containment,false,not_assessed
RHD-ICONC-000199,nassipasic,RHD-S1809-02091,Nassípasic,In der Mitte,362,RHD-S1809-00944,Mitte,332,true,german_headword_gloss_containment,false,not_assessed
RHD-ICONC-000200,nategui,RHD-S1809-02092,Nateguí,Lohn,362,RHD-S1809-00891,Lohn,330,true,exact_normalized_german_headword_gloss_match,false,not_assessed
RHD-ICONC-000201,natutuje,RHD-S1809-02094,Natútuje,"besser nachtútuje, Belohnen",362,RHD-S1809-00223,Belohnen,308,true,german_headword_gloss_containment,false,not_assessed
RHD-ICONC-000202,navoaje,RHD-S1809-02097,Navóaje,Vierter,362,RHD-S1809-01487,Vierter,349,true,exact_normalized_german_headword_gloss_match,false,not_assessed
RHD-ICONC-000203,nehajamera,RHD-S1809-02104,Nehajámera,Antworten,362,RHD-S1809-00104,Antworten,302,true,exact_normalized_german_headword_gloss_match,false,not_assessed
RHD-ICONC-000204,neheje,RHD-S1809-02105,Nehéje,Nachfolgen,362,RHD-S1809-00962,Nachfolgen,333,true,exact_normalized_german_headword_gloss_match,false,not_assessed
RHD-ICONC-000205,nemiki,RHD-S1809-02106,Nemikí,Sich rächen,362,RHD-S1809-01020,Rächen,336,true,german_headword_gloss_containment,false,not_assessed
RHD-ICONC-000206,nene,RHD-S1809-02107,Nené,Sehen,362,RHD-S1809-01172,Sehen,340,true,exact_normalized_german_headword_gloss_match,false,not_assessed
RHD-ICONC-000207,neogala,RHD-S1809-02109,Neogála,"Wort, Rede",362,RHD-S1809-01030,Rede,336,true,german_headword_gloss_containment,false,not_assessed
RHD-ICONC-000208,neogala,RHD-S1809-02109,Neogála,"Wort, Rede",362,RHD-S1809-01031,Rede,336,true,german_headword_gloss_containment,false,not_assessed
RHD-ICONC-000209,neogala,RHD-S1809-02109,Neogála,"Wort, Rede",362,RHD-S1809-01562,Wort,351,true,german_headword_gloss_containment,false,not_assessed
RHD-ICONC-000210,nesseameke,RHD-S1809-02111,Neſſéameke,Hüter,362,RHD-S1809-00752,Hüter,325,true,exact_normalized_german_headword_gloss_match,false,not_assessed
RHD-ICONC-000211,netschitaje,RHD-S1809-02114,Netſchitaje,Meinetwegen,362,RHD-S1809-00922,Meinetwegen,331,true,exact_normalized_german_headword_gloss_match,false,not_assessed
RHD-ICONC-000212,noine,RHD-S1809-02116,Noiné,"Ehren, verehren",362,RHD-S1809-01422,Verehren,347,true,german_headword_gloss_containment,false,not_assessed
RHD-ICONC-000213,noki,RHD-S1809-02120,Nokí,Bewegen,362,RHD-S1809-00259,Bewegen,309,true,exact_normalized_german_headword_gloss_match,false,not_assessed
RHD-ICONC-000214,nola,RHD-S1809-02121,Nolá,Sohn,362,RHD-S1809-01209,Sohn,341,true,exact_normalized_german_headword_gloss_match,false,not_assessed
RHD-ICONC-000215,nole,RHD-S1809-02122,Nolé,"Es überzieht ſich, wird trüb, wolkig",362,RHD-S1809-01350,Trüb,346,true,german_headword_gloss_containment,false,not_assessed
RHD-ICONC-000216,noliki,RHD-S1809-02123,Nolíki,"Nebel, Dunſt",363,RHD-S1809-00356,Dunſt,313,true,german_headword_gloss_containment,false,not_assessed
RHD-ICONC-000217,nolire,RHD-S1809-02124,Nolíre,Umgehen,363,RHD-S1809-01366,Umgehen,346,true,exact_normalized_german_headword_gloss_match,false,not_assessed
RHD-ICONC-000218,nono,RHD-S1809-02126,Nonó,"Vater, ſ",363,RHD-S1809-01411,Vater,347,true,german_headword_gloss_containment,false,not_assessed
RHD-ICONC-000219,nothepa,RHD-S1809-02127,Nothépá,Küſſen,363,RHD-S1809-00848,Küſſen,328,true,exact_normalized_german_headword_gloss_match,false,not_assessed
RHD-ICONC-000220,nula,RHD-S1809-02129,Nulá,Befehlen,363,RHD-S1809-00199,Befehlen,308,true,exact_normalized_german_headword_gloss_match,false,not_assessed
RHD-ICONC-000221,nutugala,RHD-S1809-02132,Nutugála,Nahrung,363,RHD-S1809-00973,Nahrung,333,true,exact_normalized_german_headword_gloss_match,false,not_assessed
RHD-ICONC-000222,ocanica,RHD-S1809-02135,Ocánica,Beyde,363,RHD-S1809-00262,Beyde,309,true,exact_normalized_german_headword_gloss_match,false,not_assessed
RHD-ICONC-000223,ossanaguoco,RHD-S1809-02142,Oſſanaguóco,Acht,363,RHD-S1809-00014,Acht,301,true,exact_normalized_german_headword_gloss_match,false,not_assessed
RHD-ICONC-000224,pabahi,RHD-S1809-02149,Pabáhi,Schöpfen,363,RHD-S1809-01137,Schöpfen,339,true,exact_normalized_german_headword_gloss_match,false,not_assessed
RHD-ICONC-000225,pahi,RHD-S1809-00047,Pahí,Trinken,363,RHD-S1809-01346,Trinken,346,true,exact_normalized_german_headword_gloss_match,false,not_assessed
RHD-ICONC-000226,pahila,RHD-S1809-00048,Pahíla,Trunk,363,RHD-S1809-01351,Trunk,346,true,exact_normalized_german_headword_gloss_match,false,not_assessed
RHD-ICONC-000227,pali,RHD-S1809-00049,Páli,Prieſter,363,RHD-S1809-01016,Prieſter,336,true,exact_normalized_german_headword_gloss_match,false,not_assessed
RHD-ICONC-000228,pamivaliki,RHD-S1809-00051,Pamivalíki,Jahr,363,RHD-S1809-00756,Jahr,325,true,exact_normalized_german_headword_gloss_match,false,not_assessed
RHD-ICONC-000229,passonaca,RHD-S1809-02158,Páſſonaca,Ente,363,RHD-S1809-00414,Ente,314,true,exact_normalized_german_headword_gloss_match,false,not_assessed
RHD-ICONC-000230,pauguiki,RHD-S1809-00055,Pauguiki,Waſſer,363,RHD-S1809-01523,Waſſer,350,true,exact_normalized_german_headword_gloss_match,false,not_assessed
RHD-ICONC-000231,pauguila,RHD-S1809-00056,Pauguila,Suppe,363,RHD-S1809-01303,Suppe,345,true,exact_normalized_german_headword_gloss_match,false,not_assessed
RHD-ICONC-000232,pauguo,RHD-S1809-02161,Pauguó,Jenſeits des Fluſſes,363,RHD-S1809-00763,Jenſeits des Fluſſes,326,true,exact_normalized_german_headword_gloss_match,false,not_assessed
RHD-ICONC-000233,pegua,RHD-S1809-00058,Peguá,Es iſt hart,363,RHD-S1809-00662,Hart,323,true,german_headword_gloss_containment,false,not_assessed
RHD-ICONC-000234,pemoliki,RHD-S1809-00059,Pemoliki,Rauch,363,RHD-S1809-01025,Rauch,336,true,exact_normalized_german_headword_gloss_match,false,not_assessed
RHD-ICONC-000235,pere,RHD-S1809-02165,Peré,"Satteln, aufbreiten, decken",363,RHD-S1809-01078,Satteln,338,true,german_headword_gloss_containment,false,not_assessed
RHD-ICONC-000236,piguaca,RHD-S1809-02168,Píguáca,Milch,363,RHD-S1809-00936,Milch,332,true,exact_normalized_german_headword_gloss_match,false,not_assessed
RHD-ICONC-000237,pipile,RHD-S1809-02178,Pipilé,Ein jeder,364,RHD-S1809-00761,Jeder,326,true,german_headword_gloss_containment,false,not_assessed
RHD-ICONC-000238,pitschige,RHD-S1809-02186,Pitſchigé,"Glauben, für wahr halten",364,RHD-S1809-00629,Glauben,322,true,german_headword_gloss_containment,false,not_assessed
RHD-ICONC-000239,pitschige,RHD-S1809-02186,Pitſchigé,"Glauben, für wahr halten",364,RHD-S1809-01515,Für wahr halten,349,true,german_headword_gloss_containment,false,not_assessed
RHD-ICONC-000240,pole,RHD-S1809-02188,Polé,Bedecken,364,RHD-S1809-00194,Bedecken,308,true,exact_normalized_german_headword_gloss_match,false,not_assessed
RHD-ICONC-000241,potschi,RHD-S1809-02190,Potschí,Anfüllen,364,RHD-S1809-00095,Anfüllen,302,true,exact_normalized_german_headword_gloss_match,false,not_assessed
RHD-ICONC-000242,potschirugameke,RHD-S1809-02193,Potſchirúgameke,Schwanger,364,RHD-S1809-01152,Schwanger,340,true,exact_normalized_german_headword_gloss_match,false,not_assessed
RHD-ICONC-000243,pouguaca,RHD-S1809-02196,Pouguáca,"Schaar, Lamm, Schöpſe",364,RHD-S1809-00853,Lamm,328,true,german_headword_gloss_containment,false,not_assessed
RHD-ICONC-000244,poveke,RHD-S1809-02199,Poveke,"Steig, gebahnter Weg",364,RHD-S1809-01265,Steig,344,true,german_headword_gloss_containment,false,not_assessed
RHD-ICONC-000245,pugue,RHD-S1809-02203,Pugué,Warten,364,RHD-S1809-01520,Warten,350,true,exact_normalized_german_headword_gloss_match,false,not_assessed
RHD-ICONC-000246,pujaniki,RHD-S1809-02204,Pujaniki,Beflecken,364,RHD-S1809-00201,Beflecken,308,true,exact_normalized_german_headword_gloss_match,false,not_assessed
RHD-ICONC-000247,putsche,RHD-S1809-02209,Putſché,Blaſen,364,RHD-S1809-00271,Blaſen,309,true,exact_normalized_german_headword_gloss_match,false,not_assessed
RHD-ICONC-000248,racha,RHD-S1809-02217,Rachá,"Es iſt heiß, es brennt",364,RHD-S1809-00674,Heiß,324,true,german_headword_gloss_containment,false,not_assessed
RHD-ICONC-000249,rachele,RHD-S1809-02220,Rachelé,Leuchten,364,RHD-S1809-00879,Leuchten,330,true,exact_normalized_german_headword_gloss_match,false,not_assessed
RHD-ICONC-000250,racheliki,RHD-S1809-02221,Rachelíki,Licht,364,RHD-S1809-00883,Licht,330,true,exact_normalized_german_headword_gloss_match,false,not_assessed
RHD-ICONC-000251,racho,RHD-S1809-02222,Rachó,Eine wilde Gans,364,RHD-S1809-00559,Gans,319,true,german_headword_gloss_containment,false,not_assessed
RHD-ICONC-000252,rachpe,RHD-S1809-02223,Rachpé,Wenig,364,RHD-S1809-01543,Wenig,350,true,exact_normalized_german_headword_gloss_match,false,not_assessed
RHD-ICONC-000253,ramela,RHD-S1809-02227,Raméla,Zahn,364,RHD-S1809-01582,Zahn,351,true,exact_normalized_german_headword_gloss_match,false,not_assessed
RHD-ICONC-000254,rana,RHD-S1809-02228,Raná,Gebähren,364,RHD-S1809-00563,Gebähren,319,true,exact_normalized_german_headword_gloss_match,false,not_assessed
RHD-ICONC-000255,rana,RHD-S1809-02331,raná,"oder raná, Gebähren",366,RHD-S1809-00563,Gebähren,319,true,german_headword_gloss_containment,false,not_assessed
RHD-ICONC-000256,raugueliki,RHD-S1809-02231,Rauguelíki,Mittag,364,RHD-S1809-00943,Mittag,332,true,exact_normalized_german_headword_gloss_match,false,not_assessed
RHD-ICONC-000257,raveli,RHD-S1809-02230,Ravéli,"Geige, s",364,RHD-S1809-00581,Geige,320,true,german_headword_gloss_containment,false,not_assessed
RHD-ICONC-000258,regue,RHD-S1809-02237,Regué,Aufhören,364,RHD-S1809-00138,Aufhören,304,true,exact_normalized_german_headword_gloss_match,false,not_assessed
RHD-ICONC-000259,rehoje,RHD-S1809-02360,rehóje,"oder rehóje, Mensch",366,RHD-S1809-00925,Menſch,331,true,german_headword_gloss_containment,false,not_assessed
RHD-ICONC-000260,retegua,RHD-S1809-02244,Reteguá,Sehen,365,RHD-S1809-01172,Sehen,340,true,exact_normalized_german_headword_gloss_match,false,not_assessed
RHD-ICONC-000261,reteguala,RHD-S1809-02245,Retéguala,Angeſicht,365,RHD-S1809-00096,Angeſicht,302,true,exact_normalized_german_headword_gloss_match,false,not_assessed
RHD-ICONC-000262,rochco,RHD-S1809-02247,Rochcó,Es iſt tief,365,RHD-S1809-01331,Tief,346,true,german_headword_gloss_containment,false,not_assessed
RHD-ICONC-000263,rogui,RHD-S1809-02249,Roguí,Kaninchen,365,RHD-S1809-00775,Kaninchen,326,true,exact_normalized_german_headword_gloss_match,false,not_assessed
RHD-ICONC-000264,rohaca,RHD-S1809-02246,Roháca,Eiche,365,RHD-S1809-00381,Eiche,313,true,exact_normalized_german_headword_gloss_match,false,not_assessed
RHD-ICONC-000265,ropa,RHD-S1809-02250,Ropá,Verlassen,365,RHD-S1809-01444,Verlaſſen,348,true,exact_normalized_german_headword_gloss_match,false,not_assessed
RHD-ICONC-000266,saate,RHD-S1809-02254,Saaté,Sand,365,RHD-S1809-01073,Sand,338,true,exact_normalized_german_headword_gloss_match,false,not_assessed
RHD-ICONC-000267,samiameke,RHD-S1809-02258,Samiámeke,Feucht,365,RHD-S1809-00493,Feucht,316,true,exact_normalized_german_headword_gloss_match,false,not_assessed
RHD-ICONC-000268,sapaca,RHD-S1809-02259,Sapáca,Fleisch,365,RHD-S1809-00510,Fleiſch,318,true,exact_normalized_german_headword_gloss_match,false,not_assessed
RHD-ICONC-000269,sapaca,RHD-S1809-02259,Sapáca,Fleisch,365,RHD-S1809-00517,Fleiſch,318,true,exact_normalized_german_headword_gloss_match,false,not_assessed
RHD-ICONC-000270,satiameke,RHD-S1809-02261,Satiameke,Anfechter,365,RHD-S1809-00094,Anfechter,302,true,exact_normalized_german_headword_gloss_match,false,not_assessed
RHD-ICONC-000271,satuje,RHD-S1809-02262,Satuje,Anfechten,365,RHD-S1809-00093,Anfechten,302,true,exact_normalized_german_headword_gloss_match,false,not_assessed
RHD-ICONC-000272,sauguera,RHD-S1809-02263,Sauguéra,Anſtreichen,365,RHD-S1809-00103,Anſtreichen,302,true,exact_normalized_german_headword_gloss_match,false,not_assessed
RHD-ICONC-000273,schugua,RHD-S1809-02266,Schuguá,Verzehren,365,RHD-S1809-01475,Verzehren,348,true,exact_normalized_german_headword_gloss_match,false,not_assessed
RHD-ICONC-000274,schugui,RHD-S1809-02267,Schugui,"Abnehmen, wenig werden",365,RHD-S1809-00006,Abnehmen,301,true,german_headword_gloss_containment,false,not_assessed
RHD-ICONC-000275,seva,RHD-S1809-02278,Sevá,Gelangen,365,RHD-S1809-00588,Gelangen,320,true,exact_normalized_german_headword_gloss_match,false,not_assessed
RHD-ICONC-000276,siguaca,RHD-S1809-02281,Siguáca,Eingeweide,365,RHD-S1809-00395,Eingeweide,314,true,exact_normalized_german_headword_gloss_match,false,not_assessed
RHD-ICONC-000277,sika,RHD-S1809-02282,Siká,"Hauen, zerſchneiden",365,RHD-S1809-00666,Hauen,323,true,german_headword_gloss_containment,false,not_assessed
RHD-ICONC-000278,sika,RHD-S1809-02282,Siká,"Hauen, zerſchneiden",365,RHD-S1809-01598,Zerſchneiden,352,true,german_headword_gloss_containment,false,not_assessed
RHD-ICONC-000279,simi,RHD-S1809-02284,Simi,Gehen,365,RHD-S1809-00578,Gehen,320,true,exact_normalized_german_headword_gloss_match,false,not_assessed
RHD-ICONC-000280,sisi,RHD-S1809-02290,Sisí,Harnen,365,RHD-S1809-00661,Harnen,323,true,exact_normalized_german_headword_gloss_match,false,not_assessed
RHD-ICONC-000281,souguepali,RHD-S1809-02298,Souguépali,Schwalbe,365,RHD-S1809-01150,Schwalbe,340,true,exact_normalized_german_headword_gloss_match,false,not_assessed
RHD-ICONC-000282,sulala,RHD-S1809-02302,Sulála,Herz,366,RHD-S1809-00701,Herz,324,true,exact_normalized_german_headword_gloss_match,false,not_assessed
RHD-ICONC-000283,sulelila,RHD-S1809-02304,Sulelíla,Verbot,366,RHD-S1809-01418,Verbot,347,true,exact_normalized_german_headword_gloss_match,false,not_assessed
RHD-ICONC-000284,suli,RHD-S1809-02306,Sulí,Verbieten,366,RHD-S1809-01414,Verbieten,347,true,exact_normalized_german_headword_gloss_match,false,not_assessed
RHD-ICONC-000285,sutula,RHD-S1809-02307,Sutúla,"Nagel, Klaue",366,RHD-S1809-00794,Klaue,326,true,german_headword_gloss_containment,false,not_assessed
RHD-ICONC-000286,tabelaca,RHD-S1809-02311,Tabeláca,Schienbein,366,RHD-S1809-01110,Schienbein,338,true,exact_normalized_german_headword_gloss_match,false,not_assessed
RHD-ICONC-000287,tachpe,RHD-S1809-02312,Tachpé,Wenig,366,RHD-S1809-01543,Wenig,350,true,exact_normalized_german_headword_gloss_match,false,not_assessed
RHD-ICONC-000288,taica,RHD-S1809-02315,Taicá,Sonne,366,RHD-S1809-01213,Sonne,342,true,exact_normalized_german_headword_gloss_match,false,not_assessed
RHD-ICONC-000289,tala,RHD-S1809-02321,Talá,Fuß,366,RHD-S1809-00551,Fuß,319,true,exact_normalized_german_headword_gloss_match,false,not_assessed
RHD-ICONC-000290,taliki,RHD-S1809-02325,Talíki,Saamen,366,RHD-S1809-01070,Saamen,338,true,exact_normalized_german_headword_gloss_match,false,not_assessed
RHD-ICONC-000291,tamule,RHD-S1809-02330,Tamulé,"Schelle, Klapper",366,RHD-S1809-01102,Schelle,338,true,german_headword_gloss_containment,false,not_assessed
RHD-ICONC-000292,tana,RHD-S1809-02331,Taná,"oder raná, Gebähren",366,RHD-S1809-00563,Gebähren,319,true,german_headword_gloss_containment,false,not_assessed
RHD-ICONC-000293,tani,RHD-S1809-02333,Taní,Begehren,366,RHD-S1809-00203,Begehren,308,true,exact_normalized_german_headword_gloss_match,false,not_assessed
RHD-ICONC-000294,tapoa,RHD-S1809-02309,Tápoa,"Aufſpielen, Muſik machen",366,RHD-S1809-00144,Aufſpielen,304,true,german_headword_gloss_containment,false,not_assessed
RHD-ICONC-000295,tara,RHD-S1809-02335,Tará,Zählen,366,RHD-S1809-01580,Zählen,351,true,exact_normalized_german_headword_gloss_match,false,not_assessed
RHD-ICONC-000296,taralati,RHD-S1809-02340,Tarálati,Zählbar,366,RHD-S1809-01579,Zahlbar,351,true,exact_normalized_german_headword_gloss_match,false,not_assessed
RHD-ICONC-000297,taraliki,RHD-S1809-02339,Taralíki,Zahl,366,RHD-S1809-01578,Zahl,351,true,exact_normalized_german_headword_gloss_match,false,not_assessed
RHD-ICONC-000298,taramela,RHD-S1809-02338,Tarámela,"Man ſoll, oder muß zählen",366,RHD-S1809-01580,Zählen,351,true,german_headword_gloss_containment,false,not_assessed
RHD-ICONC-000299,teeje,RHD-S1809-02354,Teeje,Scherzen,366,RHD-S1809-01106,Scherzen,338,true,exact_normalized_german_headword_gloss_match,false,not_assessed
RHD-ICONC-000300,tegueke,RHD-S1809-02356,Teguéke,"Mädchen, ſ",366,RHD-S1809-00875,Mädchen,330,true,german_headword_gloss_containment,false,not_assessed
RHD-ICONC-000301,tehima,RHD-S1809-02357,Tehimá,Blutsfreund,366,RHD-S1809-00280,Blutsfreund,309,true,exact_normalized_german_headword_gloss_match,false,not_assessed
RHD-ICONC-000302,tehimala,RHD-S1809-02358,Tehimála,"Mein Blutsfreund, s",366,RHD-S1809-00280,Blutsfreund,309,true,german_headword_gloss_containment,false,not_assessed
RHD-ICONC-000303,tehimeameke,RHD-S1809-02359,Tehiméameke,Verwandter,366,RHD-S1809-01470,Verwandter,348,true,exact_normalized_german_headword_gloss_match,false,not_assessed
RHD-ICONC-000304,tehoje,RHD-S1809-02360,Tehóje,"oder rehóje, Mensch",366,RHD-S1809-00925,Menſch,331,true,german_headword_gloss_containment,false,not_assessed
RHD-ICONC-000305,tele,RHD-S1809-02363,Tele,Unten,366,RHD-S1809-01390,Unten,347,true,exact_normalized_german_headword_gloss_match,false,not_assessed
RHD-ICONC-000306,telegona,RHD-S1809-02368,Telegona,Abwärts,367,RHD-S1809-00010,Abwärts,301,true,exact_normalized_german_headword_gloss_match,false,not_assessed
RHD-ICONC-000307,telsiguala,RHD-S1809-02388,Telsiguála,Betrübniß,367,RHD-S1809-00255,Betrübniß,309,true,exact_normalized_german_headword_gloss_match,false,not_assessed
RHD-ICONC-000308,temoco,RHD-S1809-02376,Temóco,Kröte,367,RHD-S1809-00836,Kröte,328,true,exact_normalized_german_headword_gloss_match,false,not_assessed
RHD-ICONC-000309,tenibatsala,RHD-S1809-02378,Tenibátſala,Zaum,367,RHD-S1809-01585,Zaum,352,true,exact_normalized_german_headword_gloss_match,false,not_assessed
RHD-ICONC-000310,tenila,RHD-S1809-02379,Teníla,Zunge,367,RHD-S1809-01621,Zunge,352,true,exact_normalized_german_headword_gloss_match,false,not_assessed
RHD-ICONC-000311,teopa,RHD-S1809-02380,Teópa,Kirche,367,RHD-S1809-00792,Kirche,326,true,exact_normalized_german_headword_gloss_match,false,not_assessed
RHD-ICONC-000312,tepula,RHD-S1809-02385,Tepulá,"oder tepurá, Hauen, hacken",367,RHD-S1809-00666,Hauen,323,true,german_headword_gloss_containment,false,not_assessed
RHD-ICONC-000313,thulagua,RHD-S1809-02395,Thulaguá,Es ist kalt,367,RHD-S1809-00770,Kalt,326,true,german_headword_gloss_containment,false,not_assessed
RHD-ICONC-000314,thulane,RHD-S1809-02397,Thuláne,Mir ist kalt,367,RHD-S1809-00770,Kalt,326,true,german_headword_gloss_containment,false,not_assessed
RHD-ICONC-000315,toco,RHD-S1809-02366,Tocó,Begraben,367,RHD-S1809-00205,Begraben,308,true,exact_normalized_german_headword_gloss_match,false,not_assessed
RHD-ICONC-000316,togui,RHD-S1809-02403,Togui,Knab,367,RHD-S1809-00800,Knab,326,true,exact_normalized_german_headword_gloss_match,false,not_assessed
RHD-ICONC-000317,tosacameke,RHD-S1809-02404,Toſácameke,Weiß,367,RHD-S1809-01538,Weiß,350,true,exact_normalized_german_headword_gloss_match,false,not_assessed
RHD-ICONC-000318,tsainijoliki,RHD-S1809-02411,tſainijoliki,Uebelthat,367,RHD-S1809-01354,Uebelthat,346,true,exact_normalized_german_headword_gloss_match,false,not_assessed
RHD-ICONC-000319,tsani,RHD-S1809-02408,Tſani,Sagen,367,RHD-S1809-01062,Sagen,338,true,exact_normalized_german_headword_gloss_match,false,not_assessed
RHD-ICONC-000320,tscha,RHD-S1809-02412,Tschá,Krätze,367,RHD-S1809-00828,Krätze,327,true,exact_normalized_german_headword_gloss_match,false,not_assessed
RHD-ICONC-000321,tschaca,RHD-S1809-02414,Tscháca,Wunde,367,RHD-S1809-01567,Wunde,351,true,exact_normalized_german_headword_gloss_match,false,not_assessed
RHD-ICONC-000322,tschiculi,RHD-S1809-02422,Tschiculi,"Maus, s",367,RHD-S1809-00916,Maus,331,true,german_headword_gloss_containment,false,not_assessed
RHD-ICONC-000323,tschipu,RHD-S1809-02431,Tschipú,Stinken,368,RHD-S1809-01281,Stinken,344,true,exact_normalized_german_headword_gloss_match,false,not_assessed
RHD-ICONC-000324,tschitschiameke,RHD-S1809-02434,Tſchitſchiameke,Säugling,368,RHD-S1809-01082,Säugling,338,true,exact_normalized_german_headword_gloss_match,false,not_assessed
RHD-ICONC-000325,tschivavoli,RHD-S1809-02441,Tſchivávoli,"Metze, ſ",368,RHD-S1809-00934,Metze,332,true,german_headword_gloss_containment,false,not_assessed
RHD-ICONC-000326,tschumila,RHD-S1809-02455,Tschumíla,"Mund, Maul",368,RHD-S1809-00909,Maul,331,true,german_headword_gloss_containment,false,not_assessed
RHD-ICONC-000327,tschumila,RHD-S1809-02455,Tschumíla,"Mund, Maul",368,RHD-S1809-00952,Mund,332,true,german_headword_gloss_containment,false,not_assessed
RHD-ICONC-000328,tschutschelila,RHD-S1809-02458,Tſchutſchelíla,Salbung,368,RHD-S1809-01068,Salbung,338,true,exact_normalized_german_headword_gloss_match,false,not_assessed
RHD-ICONC-000329,tselisapoli,RHD-S1809-02462,Tſeliſapoli,Morgenſtern,368,RHD-S1809-00949,Morgenſtern,332,true,exact_normalized_german_headword_gloss_match,false,not_assessed
RHD-ICONC-000330,uili,RHD-S1809-02482,Uilí,Stehen bleiben,368,RHD-S1809-01263,Stehen,344,true,german_headword_gloss_containment,false,not_assessed
RHD-ICONC-000331,uipaca,RHD-S1809-02483,Uipáca,Taback,368,RHD-S1809-01307,Taback,345,true,exact_normalized_german_headword_gloss_match,false,not_assessed
RHD-ICONC-000332,upi,RHD-S1809-02491,Upi,Eheweib,368,RHD-S1809-00378,Eheweib,313,true,exact_normalized_german_headword_gloss_match,false,not_assessed
RHD-ICONC-000333,uvanale,RHD-S1809-02464,Uvánale,"Baden, s",368,RHD-S1809-00152,Baden,305,true,german_headword_gloss_containment,false,not_assessed
RHD-ICONC-000334,veniameke,RHD-S1809-02481,Veníameke,Zahm,368,RHD-S1809-01581,Zahm,351,true,exact_normalized_german_headword_gloss_match,false,not_assessed
RHD-ICONC-000335,veniruje,RHD-S1809-02463,Veniruje,Zahm machen,368,RHD-S1809-01581,Zahm,351,true,german_headword_gloss_containment,false,not_assessed
RHD-ICONC-000336,volsiga,RHD-S1809-02489,Volſiga,Seitenſtechen,368,RHD-S1809-01176,Seitenſtechen,340,true,exact_normalized_german_headword_gloss_match,false,not_assessed
RHD-ICONC-000337,vuechca,RHD-S1809-02492,Vuechcá,Viel,368,RHD-S1809-01480,Viel,348,true,exact_normalized_german_headword_gloss_match,false,not_assessed
RHD-ICONC-000338,ajonameke,RHD-S1809-00032,Ajónameke,ein Zorniger,353,RHD-S1809-00558,Gallſüchtig,319,false,none,false,not_assessed
RHD-ICONC-000339,ajonameke,RHD-S1809-00032,Ajónameke,ein Zorniger,353,RHD-S1809-01612,Zornig,352,false,none,false,not_assessed
RHD-ICONC-000340,ajonoco,RHD-S1809-00033,Ajónoco,zörnen,353,RHD-S1809-00456,"Erzörnen, ſich",315,false,none,false,not_assessed
RHD-ICONC-000341,ajoruje,RHD-S1809-01644,Ajóruje,zornig machen,353,RHD-S1809-00220,Beleidigen,308,false,none,false,not_assessed
RHD-ICONC-000342,ajoruje,RHD-S1809-01644,Ajóruje,zornig machen,353,RHD-S1809-00456,"Erzörnen, ſich",315,false,none,false,not_assessed
RHD-ICONC-000343,ame,RHD-S1809-00035,Amé,Suchen,353,RHD-S1809-00359,Durchſuchen,313,false,none,false,not_assessed
RHD-ICONC-000344,amela,RHD-S1809-01651,Amela,Man ſoll oder muß ſuchen,353,RHD-S1809-00953,Müſſen,332,false,none,false,not_assessed
RHD-ICONC-000345,amoba,RHD-S1809-01652,Amoba,Mehr,353,RHD-S1809-00347,Dreyzehn,313,false,none,false,not_assessed
RHD-ICONC-000346,amoba,RHD-S1809-01652,Amoba,Mehr,353,RHD-S1809-00547,Fünfzehn,319,false,none,false,not_assessed
RHD-ICONC-000347,amoba,RHD-S1809-01652,Amoba,Mehr,353,RHD-S1809-00984,Oben,334,false,none,false,not_assessed
RHD-ICONC-000348,amoba,RHD-S1809-01652,Amoba,Mehr,353,RHD-S1809-01169,Sechzehn,340,false,none,false,not_assessed
RHD-ICONC-000349,amoba,RHD-S1809-01652,Amoba,Mehr,353,RHD-S1809-01195,Siebenzehn,341,false,none,false,not_assessed
RHD-ICONC-000350,amoba,RHD-S1809-01652,Amoba,Mehr,353,RHD-S1809-01357,Ueber,346,false,none,false,not_assessed
RHD-ICONC-000351,amoba,RHD-S1809-01652,Amoba,Mehr,353,RHD-S1809-01488,Vierzehn,349,false,none,false,not_assessed
RHD-ICONC-000352,amoba,RHD-S1809-01652,Amoba,Mehr,353,RHD-S1809-01489,Vierzehnmal,349,false,none,false,not_assessed
RHD-ICONC-000353,amoba,RHD-S1809-01652,Amoba,Mehr,353,RHD-S1809-01642,Zwölfmal,353,false,none,false,not_assessed
RHD-ICONC-000354,amulipi,RHD-S1809-00036,Amulipi,Nahe,353,RHD-S1809-00686,Herbeytreten,324,false,none,false,not_assessed
RHD-ICONC-000355,amulipi,RHD-S1809-00036,Amulipi,Nahe,353,RHD-S1809-00726,Hinzugehen,325,false,none,false,not_assessed
RHD-ICONC-000356,aparecho,RHD-S1809-00037,Aparécho,ſ,353,RHD-S1809-00995,Packſattel,334,false,none,false,not_assessed
RHD-ICONC-000357,apatsche,RHD-S1809-01654,Apatſche,ſ,354,RHD-S1809-00107,Apatſchee,302,false,none,false,not_assessed
RHD-ICONC-000358,aregue,RHD-S1809-02237,aregué,Aufhören,364,RHD-S1809-00008,Abſtehen,301,false,none,false,not_assessed
RHD-ICONC-000359,aregue,RHD-S1809-02237,aregué,Aufhören,364,RHD-S1809-00860,Laſſen,328,false,none,false,not_assessed
RHD-ICONC-000360,aregue,RHD-S1809-02237,aregué,Aufhören,364,RHD-S1809-00919,Meiden,331,false,none,false,not_assessed
RHD-ICONC-000361,aregue,RHD-S1809-02237,aregué,Aufhören,364,RHD-S1809-01391,Unterlaſſen,347,false,none,false,not_assessed
RHD-ICONC-000362,ari,RHD-S1809-01649,ari,"Aber, ſ",353,RHD-S1809-00911,Mauleſeltreiber,331,false,none,false,not_assessed
RHD-ICONC-000363,ari,RHD-S1809-01655,Ari,"ein Anruf, mit welchem man die belaſteten Maulthiere antreibt",354,RHD-S1809-00911,Mauleſeltreiber,331,false,none,false,not_assessed
RHD-ICONC-000364,ariero,RHD-S1809-01656,Ariero,Eſeltreiber,354,RHD-S1809-00911,Mauleſeltreiber,331,false,none,false,not_assessed
RHD-ICONC-000365,bahumali,RHD-S1809-01662,Bahumali,Eine andere Schlangenart,354,RHD-S1809-01117,Schlangen,339,false,none,false,not_assessed
RHD-ICONC-000366,baica,RHD-S1809-01663,Baicá,Drey,354,RHD-S1809-00347,Dreyzehn,313,false,none,false,not_assessed
RHD-ICONC-000367,baica,RHD-S1809-01663,Baicá,Drey,354,RHD-S1809-00348,Dreyſſig,313,false,none,false,not_assessed
RHD-ICONC-000368,baica,RHD-S1809-01663,Baicá,Drey,354,RHD-S1809-00756,Jahr,325,false,none,false,not_assessed
RHD-ICONC-000369,baica,RHD-S1809-01663,Baicá,Drey,354,RHD-S1809-01486,Vierteljährig,349,false,none,false,not_assessed
RHD-ICONC-000370,baissa,RHD-S1809-01668,Baiſſá,dreymal,354,RHD-S1809-00347,Dreyzehn,313,false,none,false,not_assessed
RHD-ICONC-000371,baissa,RHD-S1809-01668,Baiſſá,dreymal,354,RHD-S1809-00349,Dreyſſigmal,313,false,none,false,not_assessed
RHD-ICONC-000372,baje,RHD-S1809-01665,Bajé,Rufen,354,RHD-S1809-00232,Berufen,308,false,none,false,not_assessed
RHD-ICONC-000373,bajeameke,RHD-S1809-01666,Bajéameke,der Rufende,354,RHD-S1809-01051,Rufen,338,false,none,false,not_assessed
RHD-ICONC-000374,balaliruc,RHD-S1809-01670,Baláliruc,Was beladen worden,354,RHD-S1809-00129,Aufladen,304,false,none,false,not_assessed
RHD-ICONC-000375,bassa,RHD-S1809-01683,Báſſa,"Acker, Feld",354,RHD-S1809-00805,Kochen,326,false,none,false,not_assessed
RHD-ICONC-000376,bassaraboa,RHD-S1809-01671,Baſſaráboa,es muß geackert werden,354,RHD-S1809-00070,Ackern,301,false,none,false,not_assessed
RHD-ICONC-000377,bassaraboa,RHD-S1809-01671,Baſſaráboa,es muß geackert werden,354,RHD-S1809-00953,Müſſen,332,false,none,false,not_assessed
RHD-ICONC-000378,basselo,RHD-S1809-01674,Baſſeló,Spazieren,354,RHD-S1809-01219,Spatzieren,342,false,none,false,not_assessed
RHD-ICONC-000379,bassirugameke,RHD-S1809-01678,Baſſirúgameke,Gekochtes,354,RHD-S1809-00805,Kochen,326,false,none,false,not_assessed
RHD-ICONC-000380,bassu,RHD-S1809-01679,Baſſu,Kochen,354,RHD-S1809-01199,Sieden,341,false,none,false,not_assessed
RHD-ICONC-000381,batani,RHD-S1809-01680,Batáni,In Gegenwart,354,RHD-S1809-00758,Ich,326,false,none,false,not_assessed
RHD-ICONC-000382,batani,RHD-S1809-01680,Batáni,In Gegenwart,354,RHD-S1809-01499,Vor,349,false,none,false,not_assessed
RHD-ICONC-000383,boa,RHD-S1809-01687,Bóa,ſ,355,RHD-S1809-00070,Ackern,301,false,none,false,not_assessed
RHD-ICONC-000384,boa,RHD-S1809-01687,Bóa,ſ,355,RHD-S1809-00953,Müſſen,332,false,none,false,not_assessed
RHD-ICONC-000385,boa,RHD-S1809-01687,Bóa,ſ,355,RHD-S1809-01211,Sollen,342,false,none,false,not_assessed
RHD-ICONC-000386,bonoje,RHD-S1809-01689,Bonóje,Ich ſelbſt,355,RHD-S1809-00384,Eigen,313,false,none,false,not_assessed
RHD-ICONC-000387,bucu,RHD-S1809-01691,Bucú,iſt der allgemeine Name aller vierfüßigen zahmen Thiere,355,RHD-S1809-01478,Vieh,348,false,none,false,not_assessed
RHD-ICONC-000388,bula,RHD-S1809-01697,Bulá,Binden,355,RHD-S1809-00803,Knüpfen,326,false,none,false,not_assessed
RHD-ICONC-000389,bula,RHD-S1809-01697,Bulá,Binden,355,RHD-S1809-01415,Verbunden,347,false,none,false,not_assessed
RHD-ICONC-000390,buliruc,RHD-S1809-01698,Búliruc,es iſt gebunden,355,RHD-S1809-00267,Binden,309,false,none,false,not_assessed
RHD-ICONC-000391,bulirugameke,RHD-S1809-01699,Bulirúgameke,Gebundenes,355,RHD-S1809-00267,Binden,309,false,none,false,not_assessed
RHD-ICONC-000392,bura,RHD-S1809-01700,Búra,Hirſch,355,RHD-S1809-01035,Reh,336,false,none,false,not_assessed
RHD-ICONC-000393,caita,RHD-S1809-00034,caitá,"oder caitá, nein, nicht",353,RHD-S1809-00782,Keineswegs,326,false,none,false,not_assessed
RHD-ICONC-000394,caita,RHD-S1809-01706,Caitá,"Nein, nicht, ſ",355,RHD-S1809-00782,Keineswegs,326,false,none,false,not_assessed
RHD-ICONC-000395,cajena,RHD-S1809-01704,Cajena,"Vollenden, verfertigen, ausmachen",355,RHD-S1809-00413,Endigen,314,false,none,false,not_assessed
RHD-ICONC-000396,cau,RHD-S1809-01717,Caú,"Pferd, Roß",355,RHD-S1809-00562,Gaul,319,false,none,false,not_assessed
RHD-ICONC-000397,cau,RHD-S1809-01717,Caú,"Pferd, Roß",355,RHD-S1809-01297,Stute,345,false,none,false,not_assessed
RHD-ICONC-000398,cavolameke,RHD-S1809-01720,Cavólameke,"oder cavórameke, kugelförmig",355,RHD-S1809-00742,Hülſenfrucht,325,false,none,false,not_assessed
RHD-ICONC-000399,cavolameke,RHD-S1809-01720,Cavólameke,"oder cavórameke, kugelförmig",355,RHD-S1809-01055,Rund,338,false,none,false,not_assessed
RHD-ICONC-000400,coa,RHD-S1809-01695,Coá,Eſſen,355,RHD-S1809-00535,Freſſen,318,false,none,false,not_assessed
RHD-ICONC-000401,coajameke,RHD-S1809-01696,Coajameke,das Eſſen,355,RHD-S1809-01221,Speiſe,342,false,none,false,not_assessed
RHD-ICONC-000402,cocola,RHD-S1809-01725,Cocolá,Krank ſeyn,355,RHD-S1809-00184,Bauchgrimmen haben,307,false,none,false,not_assessed
RHD-ICONC-000403,cocola,RHD-S1809-01725,Cocolá,Krank ſeyn,355,RHD-S1809-01176,Seitenſtechen,340,false,none,false,not_assessed
RHD-ICONC-000404,colaguitaje,RHD-S1809-01735,Colaguitaje,"Daher, deswegen, damit, darum, ſ",355,RHD-S1809-00324,Derswegen,312,false,none,false,not_assessed
RHD-ICONC-000405,colaguitaje,RHD-S1809-01735,Colaguitaje,"Daher, deswegen, damit, darum, ſ",355,RHD-S1809-00548,Für,319,false,none,false,not_assessed
RHD-ICONC-000406,cologuaca,RHD-S1809-01738,Cologuáca,ſ,355,RHD-S1809-00625,Glaskorallen,322,false,none,false,not_assessed
RHD-ICONC-000407,cotschi,RHD-S1809-01744,Cotſchi,Schwein,355,RHD-S1809-01079,Sau,338,false,none,false,not_assessed
RHD-ICONC-000408,cotschimeameke,RHD-S1809-01747,Cotſchimeameke,Ein Schlafender,355,RHD-S1809-00394,Eingeſchläfert,314,false,none,false,not_assessed
RHD-ICONC-000409,cuna,RHD-S1809-01756,Cuná,Ehemann,356,RHD-S1809-00593,Gemahl,320,false,none,false,not_assessed
RHD-ICONC-000410,cuneameke,RHD-S1809-01757,Cunéameke,Verheurathete Weibsperson,356,RHD-S1809-00370,Ehelos,313,false,none,false,not_assessed
RHD-ICONC-000411,cuneameke,RHD-S1809-01757,Cunéameke,Verheurathete Weibsperson,356,RHD-S1809-00378,Eheweib,313,false,none,false,not_assessed
RHD-ICONC-000412,cuneameke,RHD-S1809-01757,Cunéameke,Verheurathete Weibsperson,356,RHD-S1809-01436,Verheyrathet,347,false,none,false,not_assessed
RHD-ICONC-000413,cusigueameke,RHD-S1809-01760,Cusiguéameke,"Der einen Stab oder Stecken hat, ſ",356,RHD-S1809-00337,Dorfrichter,312,false,none,false,not_assessed
RHD-ICONC-000414,cusiki,RHD-S1809-01761,Cusíki,"Holz, Stab, Stecken, Prügel",356,RHD-S1809-00189,Baum,307,false,none,false,not_assessed
RHD-ICONC-000415,cusiki,RHD-S1809-01761,Cusíki,"Holz, Stab, Stecken, Prügel",356,RHD-S1809-00337,Dorfrichter,312,false,none,false,not_assessed
RHD-ICONC-000416,cusiki,RHD-S1809-01761,Cusíki,"Holz, Stab, Stecken, Prügel",356,RHD-S1809-00412,Elle,314,false,none,false,not_assessed
RHD-ICONC-000417,cusiki,RHD-S1809-01761,Cusíki,"Holz, Stab, Stecken, Prügel",356,RHD-S1809-00804,Knüttel,326,false,none,false,not_assessed
RHD-ICONC-000418,cusiki,RHD-S1809-01761,Cusíki,"Holz, Stab, Stecken, Prügel",356,RHD-S1809-01057,Ruthe,338,false,none,false,not_assessed
RHD-ICONC-000419,cuvala,RHD-S1809-01767,Cuvála,"Gipfel, Spitze",356,RHD-S1809-00621,"Giebel, Gipfel",322,false,none,false,not_assessed
RHD-ICONC-000420,cuvala,RHD-S1809-01767,Cuvála,"Gipfel, Spitze",356,RHD-S1809-01255,Stachel,343,false,none,false,not_assessed
RHD-ICONC-000421,cuvirusi,RHD-S1809-01769,Cuviruſi,ſ,356,RHD-S1809-00644,Gries,322,false,none,false,not_assessed
RHD-ICONC-000422,cuvirusi,RHD-S1809-01769,Cuviruſi,ſ,356,RHD-S1809-01541,Waizen,350,false,none,false,not_assessed
RHD-ICONC-000423,eke,RHD-S1809-01774,Eke,"Zumachen, ſperren, ſchließen",356,RHD-S1809-00404,Einſchließen,314,false,none,false,not_assessed
RHD-ICONC-000424,eke,RHD-S1809-01774,Eke,"Zumachen, ſperren, ſchließen",356,RHD-S1809-01453,Verriegeln,348,false,none,false,not_assessed
RHD-ICONC-000425,eke,RHD-S1809-01774,Eke,"Zumachen, ſperren, ſchließen",356,RHD-S1809-01457,Verſchlieſſen,348,false,none,false,not_assessed
RHD-ICONC-000426,eke,RHD-S1809-01774,Eke,"Zumachen, ſperren, ſchließen",356,RHD-S1809-01461,Verſperren,348,false,none,false,not_assessed
RHD-ICONC-000427,eke,RHD-S1809-01774,Eke,"Zumachen, ſperren, ſchließen",356,RHD-S1809-01633,Zuſchließen,353,false,none,false,not_assessed
RHD-ICONC-000428,eki,RHD-S1809-01775,Eki,ſ,356,RHD-S1809-00336,Doppelt,312,false,none,false,not_assessed
RHD-ICONC-000429,eki,RHD-S1809-01775,Eki,ſ,356,RHD-S1809-01480,Viel,348,false,none,false,not_assessed
RHD-ICONC-000430,eki,RHD-S1809-01927,Eki,Beißen,359,RHD-S1809-00336,Doppelt,312,false,none,false,not_assessed
RHD-ICONC-000431,eki,RHD-S1809-01927,Eki,Beißen,359,RHD-S1809-01480,Viel,348,false,none,false,not_assessed
RHD-ICONC-000432,ekitschipi,RHD-S1809-01781,Ekítschipí,Sehr wenig,356,RHD-S1809-01480,Viel,348,false,none,false,not_assessed
RHD-ICONC-000433,ela,RHD-S1809-01782,Elá,"Verlangen, begehren",356,RHD-S1809-01566,Wollen,351,false,none,false,not_assessed
RHD-ICONC-000434,ela,RHD-S1809-01782,Elá,"Verlangen, begehren",356,RHD-S1809-01568,Wünſchen,351,false,none,false,not_assessed
RHD-ICONC-000435,elabi,RHD-S1809-01783,Élabí,Nur das,356,RHD-S1809-00981,Nur,334,false,none,false,not_assessed
RHD-ICONC-000436,elaca,RHD-S1809-01784,Eláca,Menschenblut,356,RHD-S1809-00279,Blut,309,false,none,false,not_assessed
RHD-ICONC-000437,elaca,RHD-S1809-01784,Eláca,Menschenblut,356,RHD-S1809-00570,Geblüt,320,false,none,false,not_assessed
RHD-ICONC-000438,epuaje,RHD-S1809-01785,Epúaje,"oder epúje, Aufmachen",356,RHD-S1809-00141,"Aufmachen, d. i. öffnen",304,false,none,false,not_assessed
RHD-ICONC-000439,epuaje,RHD-S1809-01785,Epúaje,"oder epúje, Aufmachen",356,RHD-S1809-00441,Eröffnen,315,false,none,false,not_assessed
RHD-ICONC-000440,epuaje,RHD-S1809-01785,Epúaje,"oder epúje, Aufmachen",356,RHD-S1809-00987,Oeffnen,334,false,none,false,not_assessed
RHD-ICONC-000441,eru,RHD-S1809-01788,Erú,"Ja, ſ",356,RHD-S1809-00754,Ja,325,false,none,false,not_assessed
RHD-ICONC-000442,eskiate,RHD-S1809-01790,Eskíate,Ist eine vom türkischen Waizengries dünn eingekochte Suppe,356,RHD-S1809-01541,Waizen,350,false,none,false,not_assessed
RHD-ICONC-000443,euke,RHD-S1809-01780,Euke,Es iſt zu,356,RHD-S1809-01121,Schließen,339,false,none,false,not_assessed
RHD-ICONC-000444,euke,RHD-S1809-01780,Euke,Es iſt zu,356,RHD-S1809-01225,Sperren,342,false,none,false,not_assessed
RHD-ICONC-000445,euke,RHD-S1809-01780,Euke,Es iſt zu,356,RHD-S1809-01457,Verſchlieſſen,348,false,none,false,not_assessed
RHD-ICONC-000446,gala,RHD-S1809-01797,Galá,Gut,356,RHD-S1809-00937,Mild,332,false,none,false,not_assessed
RHD-ICONC-000447,gala,RHD-S1809-01797,Galá,Gut,356,RHD-S1809-01135,Schön,339,false,none,false,not_assessed
RHD-ICONC-000448,galandria,RHD-S1809-01800,Galándria,s,356,RHD-S1809-01492,Vogel,349,false,none,false,not_assessed
RHD-ICONC-000449,gane,RHD-S1809-01802,Gané,Recht gut,357,RHD-S1809-00015,Acht haben,301,false,none,false,not_assessed
RHD-ICONC-000450,gane,RHD-S1809-01802,Gané,Recht gut,357,RHD-S1809-00142,Aufmerken,304,false,none,false,not_assessed
RHD-ICONC-000451,ganeliameke,RHD-S1809-01804,Ganeliameke,"Der geſund iſt, dem es gut geht",357,RHD-S1809-00632,Glücklich,322,false,none,false,not_assessed
RHD-ICONC-000452,ganeliameke,RHD-S1809-01804,Ganeliameke,"Der geſund iſt, dem es gut geht",357,RHD-S1809-01187,Selig,341,false,none,false,not_assessed
RHD-ICONC-000453,ganileliki,RHD-S1809-01805,Ganileliki,Glückſeligkeit,357,RHD-S1809-00606,Geſundheit,321,false,none,false,not_assessed
RHD-ICONC-000454,ganileliki,RHD-S1809-01805,Ganileliki,Glückſeligkeit,357,RHD-S1809-00672,Heil,324,false,none,false,not_assessed
RHD-ICONC-000455,ganileliki,RHD-S1809-01805,Ganileliki,Glückſeligkeit,357,RHD-S1809-01188,Seligkeit,341,false,none,false,not_assessed
RHD-ICONC-000456,ganileruje,RHD-S1809-01806,Ganileruje,Glückſelig machen,357,RHD-S1809-00634,Glückſeligmachen,322,false,none,false,not_assessed
RHD-ICONC-000457,gasso,RHD-S1809-01811,Gaſſó,Brennſchwamm,357,RHD-S1809-00297,Brennholz,310,false,none,false,not_assessed
RHD-ICONC-000458,gatiki,RHD-S1809-01812,Gatiki,"oder gatiki, Wohnen, ſich wo befinden, ſeyn, ſ",357,RHD-S1809-00886,Liegen,330,false,none,false,not_assessed
RHD-ICONC-000459,gatiki,RHD-S1809-01812,Gatiki,"oder gatiki, Wohnen, ſich wo befinden, ſeyn, ſ",357,RHD-S1809-01263,Stehen,344,false,none,false,not_assessed
RHD-ICONC-000460,gua,RHD-S1809-01814,Guá,"Schilf, Rohr",357,RHD-S1809-01001,Pfeil,335,false,none,false,not_assessed
RHD-ICONC-000461,guaca,RHD-S1809-01815,Guáca,"Pfeil, s",357,RHD-S1809-00682,Her,324,false,none,false,not_assessed
RHD-ICONC-000462,guagua,RHD-S1809-01816,Guaguá,"Schlingen, schlucken",357,RHD-S1809-00714,Hinabſchlingen,324,false,none,false,not_assessed
RHD-ICONC-000463,guagua,RHD-S1809-01816,Guaguá,"Schlingen, schlucken",357,RHD-S1809-01458,Verſchlingen,348,false,none,false,not_assessed
RHD-ICONC-000464,gualeke,RHD-S1809-01823,Gualéke,"Vielleicht, Etwan",357,RHD-S1809-00462,Etwann,315,false,none,false,not_assessed
RHD-ICONC-000465,gualineke,RHD-S1809-01824,Gualíneke,"Hurtig, ſchneller Läufer",357,RHD-S1809-00209,Behend,308,false,none,false,not_assessed
RHD-ICONC-000466,gualineke,RHD-S1809-01824,Gualíneke,"Hurtig, ſchneller Läufer",357,RHD-S1809-00599,Geſchwind,320,false,none,false,not_assessed
RHD-ICONC-000467,guami,RHD-S1809-01825,Guamí,"Dort, weit, s",357,RHD-S1809-00712,Himmel,324,false,none,false,not_assessed
RHD-ICONC-000468,guamina,RHD-S1809-01826,Guaminá,Weiter fort,357,RHD-S1809-01488,Vierzehn,349,false,none,false,not_assessed
RHD-ICONC-000469,guamina,RHD-S1809-01826,Guaminá,Weiter fort,357,RHD-S1809-01642,Zwölfmal,353,false,none,false,not_assessed
RHD-ICONC-000470,guatschiki,RHD-S1809-01832,Guatschíki,s,357,RHD-S1809-01204,Skorpion,341,false,none,false,not_assessed
RHD-ICONC-000471,guaugueke,RHD-S1809-01818,Guauguéke,gebratenes Fleisch,357,RHD-S1809-00290,Braten,310,false,none,false,not_assessed
RHD-ICONC-000472,gubirusi,RHD-S1809-01983,Gubírusi,"oder Gubírusi, s",360,RHD-S1809-00644,Gries,322,false,none,false,not_assessed
RHD-ICONC-000473,gue,RHD-S1809-01834,Gué,Erde,357,RHD-S1809-00241,Beſitzen,308,false,none,false,not_assessed
RHD-ICONC-000474,gue,RHD-S1809-01834,Gué,Erde,357,RHD-S1809-00337,Dorfrichter,312,false,none,false,not_assessed
RHD-ICONC-000475,guechpiruc,RHD-S1809-01835,Guéchpiruc,"Gepeitscht, gegeisselt",357,RHD-S1809-00586,Geißeln,320,false,none,false,not_assessed
RHD-ICONC-000476,guechpisoco,RHD-S1809-01837,Guechpiſóco,"Peitſchen, geißeln",357,RHD-S1809-01018,Prügeln,336,false,none,false,not_assessed
RHD-ICONC-000477,guechpisoco,RHD-S1809-01837,Guechpiſóco,"Peitſchen, geißeln",357,RHD-S1809-01261,Stäupen,344,false,none,false,not_assessed
RHD-ICONC-000478,gueke,RHD-S1809-01842,Guéke,"Koth, Leim, s",357,RHD-S1809-00867,Lehm,329,false,none,false,not_assessed
RHD-ICONC-000479,guelameke,RHD-S1809-01843,Guelámeke,altes Weib,357,RHD-S1809-00085,Alt,302,false,none,false,not_assessed
RHD-ICONC-000480,guelu,RHD-S1809-01846,Guelú,"Groß, lang",357,RHD-S1809-01258,Stange,343,false,none,false,not_assessed
RHD-ICONC-000481,guelube,RHD-S1809-01847,Guelube,"Größer, länger",357,RHD-S1809-00451,Erweitern,315,false,none,false,not_assessed
RHD-ICONC-000482,guelube,RHD-S1809-01847,Guelube,"Größer, länger",357,RHD-S1809-00652,Groß,323,false,none,false,not_assessed
RHD-ICONC-000483,guelube,RHD-S1809-01847,Guelube,"Größer, länger",357,RHD-S1809-01434,Vergrößern,347,false,none,false,not_assessed
RHD-ICONC-000484,guenomi,RHD-S1809-01849,Guenomi,ſ,357,RHD-S1809-00275,Blech,309,false,none,false,not_assessed
RHD-ICONC-000485,guenomi,RHD-S1809-01849,Guenomi,ſ,357,RHD-S1809-00453,Erz,315,false,none,false,not_assessed
RHD-ICONC-000486,guenomi,RHD-S1809-01849,Guenomi,ſ,357,RHD-S1809-00589,Geld,320,false,none,false,not_assessed
RHD-ICONC-000487,guenomi,RHD-S1809-01849,Guenomi,ſ,357,RHD-S1809-00929,Metall,331,false,none,false,not_assessed
RHD-ICONC-000488,guenomi,RHD-S1809-01849,Guenomi,ſ,357,RHD-S1809-01004,Pfennig,335,false,none,false,not_assessed
RHD-ICONC-000489,guenomi,RHD-S1809-01849,Guenomi,ſ,357,RHD-S1809-01608,Zinn,352,false,none,false,not_assessed
RHD-ICONC-000490,gueva,RHD-S1809-01853,Guéva,"Fürwahr, s",357,RHD-S1809-00619,Gewiß,322,false,none,false,not_assessed
RHD-ICONC-000491,gueva,RHD-S1809-01853,Guéva,"Fürwahr, s",357,RHD-S1809-01164,Schwören,340,false,none,false,not_assessed
RHD-ICONC-000492,gueva,RHD-S1809-01853,Guéva,"Fürwahr, s",357,RHD-S1809-01513,Wahrhaftig,349,false,none,false,not_assessed
RHD-ICONC-000493,guiki,RHD-S1809-01855,Guiki,Annehmen,357,RHD-S1809-01499,Vor,349,false,none,false,not_assessed
RHD-ICONC-000494,guitschila,RHD-S1809-01858,Guitſchila,Haut,357,RHD-S1809-00166,Balg,306,false,none,false,not_assessed
RHD-ICONC-000495,guitschila,RHD-S1809-01858,Guitſchila,Haut,357,RHD-S1809-01640,Zwirn,353,false,none,false,not_assessed
RHD-ICONC-000496,haagameke,RHD-S1809-01865,Haagameke,Belebt,357,RHD-S1809-00238,Beſeelt,308,false,none,false,not_assessed
RHD-ICONC-000497,halaguala,RHD-S1809-01866,Halaguála,"das Leben, s",357,RHD-S1809-01171,Seele,340,false,none,false,not_assessed
RHD-ICONC-000498,hali,RHD-S1809-01871,Halí,oder harí,358,RHD-S1809-00530,Fragen,318,false,none,false,not_assessed
RHD-ICONC-000499,haliruc,RHD-S1809-01872,Háliruc,"Maulthiertreiber, s",358,RHD-S1809-00459,Eſeltreiber,315,false,none,false,not_assessed
RHD-ICONC-000500,haliruc,RHD-S1809-01872,Háliruc,"Maulthiertreiber, s",358,RHD-S1809-00911,Mauleſeltreiber,331,false,none,false,not_assessed
RHD-ICONC-000501,heregugui,RHD-S1809-01877,Hereguguí,Zusammenrotten,358,RHD-S1809-01628,Zuſammengekoppelt,352,false,none,false,not_assessed
RHD-ICONC-000502,hiasi,RHD-S1809-01881,Hiáſi,"vielfach, machet hurtig",358,RHD-S1809-00541,Friſch,319,false,none,false,not_assessed
RHD-ICONC-000503,hiasi,RHD-S1809-01881,Hiáſi,"vielfach, machet hurtig",358,RHD-S1809-00599,Geſchwind,320,false,none,false,not_assessed
RHD-ICONC-000504,hipe,RHD-S1809-01882,Hipe,Itzt,358,RHD-S1809-00708,Heut,324,false,none,false,not_assessed
RHD-ICONC-000505,hipeba,RHD-S1809-01883,Hipéba,Heute,358,RHD-S1809-00708,Heut,324,false,none,false,not_assessed
RHD-ICONC-000506,hipeco,RHD-S1809-01884,Hipeco,Alſogleich,358,RHD-S1809-00578,Gehen,320,false,none,false,not_assessed
RHD-ICONC-000507,hipela,RHD-S1809-01886,Hípela,"Itzt gleich, dieſen Augenblick",358,RHD-S1809-00025,"Alſobald, alſogleich",302,false,none,false,not_assessed
RHD-ICONC-000508,hipela,RHD-S1809-01886,Hípela,"Itzt gleich, dieſen Augenblick",358,RHD-S1809-00165,Bald,306,false,none,false,not_assessed
RHD-ICONC-000509,hipela,RHD-S1809-01886,Hípela,"Itzt gleich, dieſen Augenblick",358,RHD-S1809-01385,Unlängst,347,false,none,false,not_assessed
RHD-ICONC-000510,hipela,RHD-S1809-01886,Hípela,"Itzt gleich, dieſen Augenblick",358,RHD-S1809-01402,Unverzüglich,347,false,none,false,not_assessed
RHD-ICONC-000511,hochcoco,RHD-S1809-01888,Hochcóco,ſ,358,RHD-S1809-00189,Baum,307,false,none,false,not_assessed
RHD-ICONC-000512,hoguila,RHD-S1809-01890,Hoguila,Männchen,358,RHD-S1809-00584,Geiß,320,false,none,false,not_assessed
RHD-ICONC-000513,hoguila,RHD-S1809-01890,Hoguila,Männchen,358,RHD-S1809-00853,Lamm,328,false,none,false,not_assessed
RHD-ICONC-000514,hoje,RHD-S1809-01894,Hóje,"Fortſchreiten, gehen",358,RHD-S1809-01142,Schreiten,340,false,none,false,not_assessed
RHD-ICONC-000515,hologua,RHD-S1809-01895,Hologuá,"Miſchen, Umrühren",358,RHD-S1809-00924,Mengen,331,false,none,false,not_assessed
RHD-ICONC-000516,hologua,RHD-S1809-01895,Hologuá,"Miſchen, Umrühren",358,RHD-S1809-01053,Rühren,338,false,none,false,not_assessed
RHD-ICONC-000517,hologua,RHD-S1809-01895,Hologuá,"Miſchen, Umrühren",358,RHD-S1809-01450,Vermengen,348,false,none,false,not_assessed
RHD-ICONC-000518,hosseliki,RHD-S1809-01897,Hoſſeliki,Pappier,358,RHD-S1809-00272,Blatt,309,false,none,false,not_assessed
RHD-ICONC-000519,hosseliki,RHD-S1809-01897,Hoſſeliki,Pappier,358,RHD-S1809-00298,Brief,310,false,none,false,not_assessed
RHD-ICONC-000520,hosseliki,RHD-S1809-01897,Hoſſeliki,Pappier,358,RHD-S1809-00313,Buch,311,false,none,false,not_assessed
RHD-ICONC-000521,hosseliki,RHD-S1809-01897,Hoſſeliki,Pappier,358,RHD-S1809-00998,Papier,335,false,none,false,not_assessed
RHD-ICONC-000522,hosseliki,RHD-S1809-01897,Hoſſeliki,Pappier,358,RHD-S1809-01144,Schrift,340,false,none,false,not_assessed
RHD-ICONC-000523,hula,RHD-S1809-01901,Hulá,"Schicken, senden",358,RHD-S1809-00007,Abſchicken,301,false,none,false,not_assessed
RHD-ICONC-000524,hula,RHD-S1809-01901,Hulá,"Schicken, senden",358,RHD-S1809-01506,Vorſchicken,349,false,none,false,not_assessed
RHD-ICONC-000525,huli,RHD-S1809-01902,Húli,s,358,RHD-S1809-00089,Anderer,302,false,none,false,not_assessed
RHD-ICONC-000526,huli,RHD-S1809-01902,Húli,s,358,RHD-S1809-00754,Ja,325,false,none,false,not_assessed
RHD-ICONC-000527,huli,RHD-S1809-01902,Húli,s,358,RHD-S1809-01549,Wiederholen,351,false,none,false,not_assessed
RHD-ICONC-000528,huli,RHD-S1809-01903,Huli,"Ein anderer, anderes",358,RHD-S1809-00754,Ja,325,false,none,false,not_assessed
RHD-ICONC-000529,huli,RHD-S1809-01903,Huli,"Ein anderer, anderes",358,RHD-S1809-01549,Wiederholen,351,false,none,false,not_assessed
RHD-ICONC-000530,hulugui,RHD-S1809-01904,Huluguí,Eidechs,358,RHD-S1809-00383,Eidechſe,313,false,none,false,not_assessed
RHD-ICONC-000531,huma,RHD-S1809-01905,Humá,"Laufen, fliehen, ſich flüchten",358,RHD-S1809-01227,Spiel,342,false,none,false,not_assessed
RHD-ICONC-000532,humeameke,RHD-S1809-01906,Humeameke,Flüchtling,358,RHD-S1809-00520,Flüchtig,318,false,none,false,not_assessed
RHD-ICONC-000533,humeameke,RHD-S1809-01906,Humeameke,Flüchtling,358,RHD-S1809-01360,Ueberläufer,346,false,none,false,not_assessed
RHD-ICONC-000534,hune,RHD-S1809-01907,Hune,ſ,358,RHD-S1809-00022,Allerdings,301,false,none,false,not_assessed
RHD-ICONC-000535,hune,RHD-S1809-01907,Hune,ſ,358,RHD-S1809-00754,Ja,325,false,none,false,not_assessed
RHD-ICONC-000536,ibe,RHD-S1809-01912,Ibe,Da,358,RHD-S1809-00389,Eingebohrner,313,false,none,false,not_assessed
RHD-ICONC-000537,ibe,RHD-S1809-01912,Ibe,Da,358,RHD-S1809-00886,Liegen,330,false,none,false,not_assessed
RHD-ICONC-000538,ibe,RHD-S1809-01912,Ibe,Da,358,RHD-S1809-01263,Stehen,344,false,none,false,not_assessed
RHD-ICONC-000539,iche,RHD-S1809-01914,Iché,Dieſer,358,RHD-S1809-00325,Derſelbe,312,false,none,false,not_assessed
RHD-ICONC-000540,iche,RHD-S1809-01914,Iché,Dieſer,358,RHD-S1809-00548,Für,319,false,none,false,not_assessed
RHD-ICONC-000541,iche,RHD-S1809-01914,Iché,Dieſer,358,RHD-S1809-00662,Hart,323,false,none,false,not_assessed
RHD-ICONC-000542,iche,RHD-S1809-01914,Iché,Dieſer,358,RHD-S1809-00754,Ja,325,false,none,false,not_assessed
RHD-ICONC-000543,iche,RHD-S1809-01914,Iché,Dieſer,358,RHD-S1809-00912,Maulſchelle,331,false,none,false,not_assessed
RHD-ICONC-000544,iche,RHD-S1809-01914,Iché,Dieſer,358,RHD-S1809-01614,Zugehören,352,false,none,false,not_assessed
RHD-ICONC-000545,igue,RHD-S1809-01922,Igue,Sehr,359,RHD-S1809-00292,Brav,310,false,none,false,not_assessed
RHD-ICONC-000546,igue,RHD-S1809-01922,Igue,Sehr,359,RHD-S1809-00362,Dürfen,313,false,none,false,not_assessed
RHD-ICONC-000547,igue,RHD-S1809-01922,Igue,Sehr,359,RHD-S1809-00598,Geſchmack,320,false,none,false,not_assessed
RHD-ICONC-000548,igue,RHD-S1809-01922,Igue,Sehr,359,RHD-S1809-00662,Hart,323,false,none,false,not_assessed
RHD-ICONC-000549,igue,RHD-S1809-01922,Igue,Sehr,359,RHD-S1809-00674,Heiß,324,false,none,false,not_assessed
RHD-ICONC-000550,igue,RHD-S1809-01922,Igue,Sehr,359,RHD-S1809-01127,Schmackhaft,339,false,none,false,not_assessed
RHD-ICONC-000551,igue,RHD-S1809-01922,Igue,Sehr,359,RHD-S1809-01173,Sehe,340,false,none,false,not_assessed
RHD-ICONC-000552,igue,RHD-S1809-01922,Igue,Sehr,359,RHD-S1809-01358,Ueberaus,346,false,none,false,not_assessed
RHD-ICONC-000553,igueameke,RHD-S1809-01923,Igueameke,"Ein Starker, der Kräfte hat",359,RHD-S1809-00490,Feſt,316,false,none,false,not_assessed
RHD-ICONC-000554,igueameke,RHD-S1809-01923,Igueameke,"Ein Starker, der Kräfte hat",359,RHD-S1809-00817,Kräftig,327,false,none,false,not_assessed
RHD-ICONC-000555,igueameke,RHD-S1809-01923,Igueameke,"Ein Starker, der Kräfte hat",359,RHD-S1809-01259,Stark,343,false,none,false,not_assessed
RHD-ICONC-000556,igueruje,RHD-S1809-01926,Igueruje,Feſt machen,359,RHD-S1809-00664,Härten,323,false,none,false,not_assessed
RHD-ICONC-000557,igueruje,RHD-S1809-01926,Igueruje,Feſt machen,359,RHD-S1809-01425,Verfeſtigen,347,false,none,false,not_assessed
RHD-ICONC-000558,ikitsiki,RHD-S1809-01928,Ikitsiki,"Haſſen, Verabſcheuen",359,RHD-S1809-00641,Grauen,322,false,none,false,not_assessed
RHD-ICONC-000559,itschigua,RHD-S1809-01933,Itschiguá,Stehlen,359,RHD-S1809-00227,Berauben,308,false,none,false,not_assessed
RHD-ICONC-000560,itschigua,RHD-S1809-01933,Itschiguá,Stehlen,359,RHD-S1809-01014,Plündern,336,false,none,false,not_assessed
RHD-ICONC-000561,itschigua,RHD-S1809-01933,Itschiguá,Stehlen,359,RHD-S1809-01023,Rauben,336,false,none,false,not_assessed
RHD-ICONC-000562,itschigua,RHD-S1809-01933,Itschiguá,Stehlen,359,RHD-S1809-01530,Wegnehmen,350,false,none,false,not_assessed
RHD-ICONC-000563,jola,RHD-S1809-00046,Jolá,Machen,359,RHD-S1809-00451,Erweitern,315,false,none,false,not_assessed
RHD-ICONC-000564,jola,RHD-S1809-00046,Jolá,Machen,359,RHD-S1809-00530,Fragen,318,false,none,false,not_assessed
RHD-ICONC-000565,jola,RHD-S1809-00046,Jolá,Machen,359,RHD-S1809-00754,Ja,325,false,none,false,not_assessed
RHD-ICONC-000566,jola,RHD-S1809-00046,Jolá,Machen,359,RHD-S1809-01330,Thun,346,false,none,false,not_assessed
RHD-ICONC-000567,jola,RHD-S1809-00046,Jolá,Machen,359,RHD-S1809-01417,Verbleiben,347,false,none,false,not_assessed
RHD-ICONC-000568,jola,RHD-S1809-00046,Jolá,Machen,359,RHD-S1809-01434,Vergrößern,347,false,none,false,not_assessed
RHD-ICONC-000569,jola,RHD-S1809-00046,Jolá,Machen,359,RHD-S1809-01549,Wiederholen,351,false,none,false,not_assessed
RHD-ICONC-000570,jola,RHD-S1809-00046,Jolá,Machen,359,RHD-S1809-01566,Wollen,351,false,none,false,not_assessed
RHD-ICONC-000571,jomeiki,RHD-S1809-01932,Jomeíki,"Festtag, Feyertag",359,RHD-S1809-00472,Faſttag,316,false,none,false,not_assessed
RHD-ICONC-000572,jujega,RHD-S1809-01936,Jújega,Mitsammen,359,RHD-S1809-00263,Beyſammen,309,false,none,false,not_assessed
RHD-ICONC-000573,jujega,RHD-S1809-01936,Jújega,Mitsammen,359,RHD-S1809-00941,Miteinander,332,false,none,false,not_assessed
RHD-ICONC-000574,jujega,RHD-S1809-01936,Jújega,Mitsammen,359,RHD-S1809-01617,Zugleich,352,false,none,false,not_assessed
RHD-ICONC-000575,juku,RHD-S1809-01938,Jukú,Es regnet,359,RHD-S1809-01034,Regnen,336,false,none,false,not_assessed
RHD-ICONC-000576,juma,RHD-S1809-01939,Jumá,"oder Jomá, Alles",359,RHD-S1809-00021,Allenthalben,301,false,none,false,not_assessed
RHD-ICONC-000577,juma,RHD-S1809-01939,Jumá,"oder Jomá, Alles",359,RHD-S1809-00828,Krätze,327,false,none,false,not_assessed
RHD-ICONC-000578,jumarugameke,RHD-S1809-01945,Jumarúgameke,Vollkommen,359,RHD-S1809-00560,Ganz,319,false,none,false,not_assessed
RHD-ICONC-000579,jumarugameke,RHD-S1809-01945,Jumarúgameke,Vollkommen,359,RHD-S1809-01397,Unverletzt,347,false,none,false,not_assessed
RHD-ICONC-000580,jumarugameke,RHD-S1809-01945,Jumarúgameke,Vollkommen,359,RHD-S1809-01401,Unverzagt,347,false,none,false,not_assessed
RHD-ICONC-000581,jumarugameke,RHD-S1809-01945,Jumarúgameke,Vollkommen,359,RHD-S1809-01546,Widder,350,false,none,false,not_assessed
RHD-ICONC-000582,kacac,RHD-S1809-01949,Kacác,ſ,359,RHD-S1809-01206,Sohle,341,false,none,false,not_assessed
RHD-ICONC-000583,kachela,RHD-S1809-01948,Kachelá,"Rinde, Schaale",359,RHD-S1809-01089,Schale,338,false,none,false,not_assessed
RHD-ICONC-000584,kake,RHD-S1809-01952,Kakè,Hören,359,RHD-S1809-00015,Acht haben,301,false,none,false,not_assessed
RHD-ICONC-000585,kake,RHD-S1809-01952,Kakè,Hören,359,RHD-S1809-00142,Aufmerken,304,false,none,false,not_assessed
RHD-ICONC-000586,kake,RHD-S1809-01952,Kakè,Hören,359,RHD-S1809-01451,Vernehmen,348,false,none,false,not_assessed
RHD-ICONC-000587,keliki,RHD-S1809-01957,Kelíki,Sachte,359,RHD-S1809-00591,Gelind,320,false,none,false,not_assessed
RHD-ICONC-000588,keliki,RHD-S1809-01957,Kelíki,Sachte,359,RHD-S1809-00592,Gemach,320,false,none,false,not_assessed
RHD-ICONC-000589,keliki,RHD-S1809-01957,Kelíki,Sachte,359,RHD-S1809-00859,Langſam,328,false,none,false,not_assessed
RHD-ICONC-000590,keliki,RHD-S1809-01957,Kelíki,Sachte,359,RHD-S1809-01075,Sanft,338,false,none,false,not_assessed
RHD-ICONC-000591,kemaraje,RHD-S1809-01958,Kemáraje,Weben,359,RHD-S1809-01632,Zuſammenweben,352,false,none,false,not_assessed
RHD-ICONC-000592,keta,RHD-S1809-01961,Ketá,oder Kecota,359,RHD-S1809-00782,Keineswegs,326,false,none,false,not_assessed
RHD-ICONC-000593,khuta,RHD-S1809-01963,Khutá,Klein,359,RHD-S1809-00847,Kurz,328,false,none,false,not_assessed
RHD-ICONC-000594,khutabe,RHD-S1809-01964,Khutabé,Kleiner,359,RHD-S1809-00769,Klein,326,false,none,false,not_assessed
RHD-ICONC-000595,khutagala,RHD-S1809-01965,Khutágála,Obst,359,RHD-S1809-00544,Frucht,319,false,none,false,not_assessed
RHD-ICONC-000596,khutala,RHD-S1809-01966,Khutála,Hals,359,RHD-S1809-00818,Kragen,327,false,none,false,not_assessed
RHD-ICONC-000597,kia,RHD-S1809-01967,Kiá,Geben,359,RHD-S1809-00373,Ehemals,313,false,none,false,not_assessed
RHD-ICONC-000598,kia,RHD-S1809-01967,Kiá,Geben,359,RHD-S1809-00406,Einſtens,314,false,none,false,not_assessed
RHD-ICONC-000599,kia,RHD-S1809-01967,Kiá,Geben,359,RHD-S1809-00856,Lang,328,false,none,false,not_assessed
RHD-ICONC-000600,kia,RHD-S1809-01967,Kiá,Geben,359,RHD-S1809-01214,Sonſt,342,false,none,false,not_assessed
RHD-ICONC-000601,kia,RHD-S1809-01967,Kiá,Geben,359,RHD-S1809-01359,Uebergeben,346,false,none,false,not_assessed
RHD-ICONC-000602,kia,RHD-S1809-01968,Kiá,Sonſt,359,RHD-S1809-00373,Ehemals,313,false,none,false,not_assessed
RHD-ICONC-000603,kia,RHD-S1809-01968,Kiá,Sonſt,359,RHD-S1809-00406,Einſtens,314,false,none,false,not_assessed
RHD-ICONC-000604,kia,RHD-S1809-01968,Kiá,Sonſt,359,RHD-S1809-00856,Lang,328,false,none,false,not_assessed
RHD-ICONC-000605,kia,RHD-S1809-01968,Kiá,Sonſt,359,RHD-S1809-01359,Uebergeben,346,false,none,false,not_assessed
RHD-ICONC-000606,kiaca,RHD-S1809-01969,Kiaca,Vor Zeiten,359,RHD-S1809-00373,Ehemals,313,false,none,false,not_assessed
RHD-ICONC-000607,kiaca,RHD-S1809-01969,Kiaca,Vor Zeiten,359,RHD-S1809-00406,Einſtens,314,false,none,false,not_assessed
RHD-ICONC-000608,kiaca,RHD-S1809-01969,Kiaca,Vor Zeiten,359,RHD-S1809-00856,Lang,328,false,none,false,not_assessed
RHD-ICONC-000609,kiaca,RHD-S1809-01969,Kiaca,Vor Zeiten,359,RHD-S1809-01214,Sonſt,342,false,none,false,not_assessed
RHD-ICONC-000610,kiaca,RHD-S1809-01969,Kiaca,Vor Zeiten,359,RHD-S1809-01505,Vorlängst,349,false,none,false,not_assessed
RHD-ICONC-000611,kiaca,RHD-S1809-01969,Kiaca,Vor Zeiten,359,RHD-S1809-01590,Zeit,352,false,none,false,not_assessed
RHD-ICONC-000612,kibelaguitaje,RHD-S1809-01970,Kibeláguitaje,"Darum, Deswegen",359,RHD-S1809-00324,Derswegen,312,false,none,false,not_assessed
RHD-ICONC-000613,kilibaca,RHD-S1809-01971,Kilibáca,s,359,RHD-S1809-00830,Kraut,327,false,none,false,not_assessed
RHD-ICONC-000614,kina,RHD-S1809-01974,Kiná,"oder vakiná, Daher",360,RHD-S1809-00682,Her,324,false,none,false,not_assessed
RHD-ICONC-000615,kioliki,RHD-S1809-01976,Kiolíki,Gekochte dünne Suppe von türkischem Weitzengries,360,RHD-S1809-01541,Waizen,350,false,none,false,not_assessed
RHD-ICONC-000616,kitsaoco,RHD-S1809-01977,Kitſaóco,Sieben,360,RHD-S1809-01195,Siebenzehn,341,false,none,false,not_assessed
RHD-ICONC-000617,kitsaossa,RHD-S1809-01978,Kitsaóssa,Siebenmal,360,RHD-S1809-01197,Siebenzig,341,false,none,false,not_assessed
RHD-ICONC-000618,lala,RHD-S1809-01989,Lála,So ziemlich,360,RHD-S1809-01548,Wie immer,351,false,none,false,not_assessed
RHD-ICONC-000619,lessi,RHD-S1809-01991,Lessí,"Ermatten, müde werden",360,RHD-S1809-00907,Matt,331,false,none,false,not_assessed
RHD-ICONC-000620,lessisimi,RHD-S1809-01994,Leſſiſimi,"Es, oder er verliert die Kräfte",360,RHD-S1809-00907,Matt,331,false,none,false,not_assessed
RHD-ICONC-000621,logui,RHD-S1809-01995,Loguí,Rasen,360,RHD-S1809-01332,Toben,346,false,none,false,not_assessed
RHD-ICONC-000622,logui,RHD-S1809-01995,Loguí,Rasen,360,RHD-S1809-01512,Wahnſinnig ſeyn,349,false,none,false,not_assessed
RHD-ICONC-000623,logui,RHD-S1809-01995,Loguí,Rasen,360,RHD-S1809-01576,Wüten,351,false,none,false,not_assessed
RHD-ICONC-000624,lomisimi,RHD-S1809-01998,Lomísimí,Es wird weich,360,RHD-S1809-01531,Weich ſeyn,350,false,none,false,not_assessed
RHD-ICONC-000625,maguali,RHD-S1809-02001,Magualí,ſ,360,RHD-S1809-00869,Leopard,329,false,none,false,not_assessed
RHD-ICONC-000626,matschi,RHD-S1809-02006,Matſchi,Draußen,361,RHD-S1809-00206,Begreifen,308,false,none,false,not_assessed
RHD-ICONC-000627,matschi,RHD-S1809-02006,Matſchi,Draußen,361,RHD-S1809-00433,Erkennen,315,false,none,false,not_assessed
RHD-ICONC-000628,matschi,RHD-S1809-02006,Matſchi,Draußen,361,RHD-S1809-00684,Herausgehen,324,false,none,false,not_assessed
RHD-ICONC-000629,matschi,RHD-S1809-02006,Matſchi,Draußen,361,RHD-S1809-00718,Hinaus,324,false,none,false,not_assessed
RHD-ICONC-000630,matschi,RHD-S1809-02006,Matſchi,Draußen,361,RHD-S1809-00719,Hinausgehen,324,false,none,false,not_assessed
RHD-ICONC-000631,matschi,RHD-S1809-02006,Matſchi,Draußen,361,RHD-S1809-00784,Keimen,326,false,none,false,not_assessed
RHD-ICONC-000632,matschi,RHD-S1809-02006,Matſchi,Draußen,361,RHD-S1809-00876,Lernen,330,false,none,false,not_assessed
RHD-ICONC-000633,matschi,RHD-S1809-02007,Matſchi,"als ein Zeitwort: wiſſen ſehen, erfahren, und dergleichen Bedeutungen mehr",361,RHD-S1809-00206,Begreifen,308,false,none,false,not_assessed
RHD-ICONC-000634,matschi,RHD-S1809-02007,Matſchi,"als ein Zeitwort: wiſſen ſehen, erfahren, und dergleichen Bedeutungen mehr",361,RHD-S1809-00343,Drauſſen,313,false,none,false,not_assessed
RHD-ICONC-000635,matschi,RHD-S1809-02007,Matſchi,"als ein Zeitwort: wiſſen ſehen, erfahren, und dergleichen Bedeutungen mehr",361,RHD-S1809-00433,Erkennen,315,false,none,false,not_assessed
RHD-ICONC-000636,matschi,RHD-S1809-02007,Matſchi,"als ein Zeitwort: wiſſen ſehen, erfahren, und dergleichen Bedeutungen mehr",361,RHD-S1809-00684,Herausgehen,324,false,none,false,not_assessed
RHD-ICONC-000637,matschi,RHD-S1809-02007,Matſchi,"als ein Zeitwort: wiſſen ſehen, erfahren, und dergleichen Bedeutungen mehr",361,RHD-S1809-00718,Hinaus,324,false,none,false,not_assessed
RHD-ICONC-000638,matschi,RHD-S1809-02007,Matſchi,"als ein Zeitwort: wiſſen ſehen, erfahren, und dergleichen Bedeutungen mehr",361,RHD-S1809-00719,Hinausgehen,324,false,none,false,not_assessed
RHD-ICONC-000639,matschi,RHD-S1809-02007,Matſchi,"als ein Zeitwort: wiſſen ſehen, erfahren, und dergleichen Bedeutungen mehr",361,RHD-S1809-00784,Keimen,326,false,none,false,not_assessed
RHD-ICONC-000640,matschi,RHD-S1809-02007,Matſchi,"als ein Zeitwort: wiſſen ſehen, erfahren, und dergleichen Bedeutungen mehr",361,RHD-S1809-00876,Lernen,330,false,none,false,not_assessed
RHD-ICONC-000641,matschisimi,RHD-S1809-02008,Matſchiſimi,"Lernen, ſ",361,RHD-S1809-00434,Erlernen,315,false,none,false,not_assessed
RHD-ICONC-000642,mea,RHD-S1809-02009,Meá,Tödten,361,RHD-S1809-00437,Ermorden,315,false,none,false,not_assessed
RHD-ICONC-000643,mea,RHD-S1809-02009,Meá,Tödten,361,RHD-S1809-00933,Metzeln,332,false,none,false,not_assessed
RHD-ICONC-000644,mea,RHD-S1809-02009,Meá,Tödten,361,RHD-S1809-01364,Umbringen,346,false,none,false,not_assessed
RHD-ICONC-000645,mechca,RHD-S1809-02010,Mechcá,entlegen,361,RHD-S1809-01539,Weit,350,false,none,false,not_assessed
RHD-ICONC-000646,melirugameke,RHD-S1809-02011,Melirúgameke,Geschlachtet,361,RHD-S1809-01336,Tödten,346,false,none,false,not_assessed
RHD-ICONC-000647,moola,RHD-S1809-02017,Moóla,"Haupt, Kopf",361,RHD-S1809-01096,Schedel,338,false,none,false,not_assessed
RHD-ICONC-000648,muhe,RHD-S1809-02022,Muhé,"muhéli, Du",361,RHD-S1809-00074,Aloe,301,false,none,false,not_assessed
RHD-ICONC-000649,muhe,RHD-S1809-02022,Muhé,"muhéli, Du",361,RHD-S1809-00981,Nur,334,false,none,false,not_assessed
RHD-ICONC-000650,muhe,RHD-S1809-02022,Muhé,"muhéli, Du",361,RHD-S1809-01206,Sohle,341,false,none,false,not_assessed
RHD-ICONC-000651,muhe,RHD-S1809-02022,Muhé,"muhéli, Du",361,RHD-S1809-01286,Strafen,344,false,none,false,not_assessed
RHD-ICONC-000652,muja,RHD-S1809-02023,Mujá,Schimmeln,361,RHD-S1809-00474,Faulenzen,316,false,none,false,not_assessed
RHD-ICONC-000653,mujaba,RHD-S1809-02024,Mujába,"Es schimmelt, faulet schon",361,RHD-S1809-00474,Faulenzen,316,false,none,false,not_assessed
RHD-ICONC-000654,mujaba,RHD-S1809-02024,Mujába,"Es schimmelt, faulet schon",361,RHD-S1809-01112,Schimmeln,338,false,none,false,not_assessed
RHD-ICONC-000655,muki,RHD-S1809-02027,Mukí,Weibsbild,361,RHD-S1809-00369,Ehe,313,false,none,false,not_assessed
RHD-ICONC-000656,muki,RHD-S1809-02027,Mukí,Weibsbild,361,RHD-S1809-00378,Eheweib,313,false,none,false,not_assessed
RHD-ICONC-000657,muki,RHD-S1809-02027,Mukí,Weibsbild,361,RHD-S1809-00706,Heurathen,324,false,none,false,not_assessed
RHD-ICONC-000658,muki,RHD-S1809-02027,Mukí,Weibsbild,361,RHD-S1809-01534,Weib,350,false,none,false,not_assessed
RHD-ICONC-000659,muki,RHD-S1809-02029,Muki,"guguéke, Jungfrau",361,RHD-S1809-00369,Ehe,313,false,none,false,not_assessed
RHD-ICONC-000660,muki,RHD-S1809-02029,Muki,"guguéke, Jungfrau",361,RHD-S1809-00378,Eheweib,313,false,none,false,not_assessed
RHD-ICONC-000661,muki,RHD-S1809-02029,Muki,"guguéke, Jungfrau",361,RHD-S1809-00706,Heurathen,324,false,none,false,not_assessed
RHD-ICONC-000662,muki,RHD-S1809-02029,Muki,"guguéke, Jungfrau",361,RHD-S1809-01534,Weib,350,false,none,false,not_assessed
RHD-ICONC-000663,mukiki,RHD-S1809-02032,Mukiki,Tod,361,RHD-S1809-01334,Todt,346,false,none,false,not_assessed
RHD-ICONC-000664,mukuameke,RHD-S1809-02036,Mukúameke,Todt,361,RHD-S1809-01273,Sterben,344,false,none,false,not_assessed
RHD-ICONC-000665,mukuameke,RHD-S1809-02036,Mukúameke,Todt,361,RHD-S1809-01335,Todtſeyn,346,false,none,false,not_assessed
RHD-ICONC-000666,mukuameke,RHD-S1809-02036,Mukúameke,Todt,361,RHD-S1809-01464,Verſtorben,348,false,none,false,not_assessed
RHD-ICONC-000667,mula,RHD-S1809-02044,Múla,"oder mila, Katze",361,RHD-S1809-00910,Mauleſel,331,false,none,false,not_assessed
RHD-ICONC-000668,muni,RHD-S1809-02042,Muni,ſ,361,RHD-S1809-00742,Hülſenfrucht,325,false,none,false,not_assessed
RHD-ICONC-000669,mura,RHD-S1809-02043,Múra,Maulthier,361,RHD-S1809-00910,Mauleſel,331,false,none,false,not_assessed
RHD-ICONC-000670,nachcala,RHD-S1809-02048,Nachcäla,Ohr,361,RHD-S1809-00579,Gehör,320,false,none,false,not_assessed
RHD-ICONC-000671,nachki,RHD-S1809-02050,Nachkí,Wollen,361,RHD-S1809-00221,Belieben,308,false,none,false,not_assessed
RHD-ICONC-000672,nachki,RHD-S1809-02050,Nachkí,Wollen,361,RHD-S1809-01568,Wünſchen,351,false,none,false,not_assessed
RHD-ICONC-000673,nagua,RHD-S1809-02061,Naguá,Kommen,362,RHD-S1809-00686,Herbeytreten,324,false,none,false,not_assessed
RHD-ICONC-000674,nagua,RHD-S1809-02061,Naguá,Kommen,362,RHD-S1809-00726,Hinzugehen,325,false,none,false,not_assessed
RHD-ICONC-000675,nagua,RHD-S1809-02061,Naguá,Kommen,362,RHD-S1809-01504,Vorkommen,349,false,none,false,not_assessed
RHD-ICONC-000676,nagua,RHD-S1809-02061,Naguá,Kommen,362,RHD-S1809-01622,Zurück,352,false,none,false,not_assessed
RHD-ICONC-000677,naguabahi,RHD-S1809-02062,Naguábahí,Sich voll trinken,362,RHD-S1809-00228,Berauſchen,308,false,none,false,not_assessed
RHD-ICONC-000678,naguoco,RHD-S1809-02096,Naguóco,Vier,362,RHD-S1809-01488,Vierzehn,349,false,none,false,not_assessed
RHD-ICONC-000679,naguoco,RHD-S1809-02096,Naguóco,Vier,362,RHD-S1809-01489,Vierzehnmal,349,false,none,false,not_assessed
RHD-ICONC-000680,nahirape,RHD-S1809-02064,Nahirape,Ringen,362,RHD-S1809-00167,Balgen,306,false,none,false,not_assessed
RHD-ICONC-000681,nahirape,RHD-S1809-02064,Nahirape,Ringen,362,RHD-S1809-00774,Kämpfen,326,false,none,false,not_assessed
RHD-ICONC-000682,naige,RHD-S1809-02067,Naïgé,Anzünden,362,RHD-S1809-00495,Feuer,317,false,none,false,not_assessed
RHD-ICONC-000683,nairuc,RHD-S1809-02068,Näíruc,Es ist angezündet,362,RHD-S1809-00106,Anzünden,302,false,none,false,not_assessed
RHD-ICONC-000684,najujameke,RHD-S1809-02069,Najújameke,Ein Kranker,362,RHD-S1809-00826,Krank,327,false,none,false,not_assessed
RHD-ICONC-000685,nalagui,RHD-S1809-02073,Nalaguí,Heulen,362,RHD-S1809-00793,Kirren,326,false,none,false,not_assessed
RHD-ICONC-000686,naligue,RHD-S1809-02075,Naligué,"Haben, besitzen",362,RHD-S1809-00337,Dorfrichter,312,false,none,false,not_assessed
RHD-ICONC-000687,naligue,RHD-S1809-02075,Naligué,"Haben, besitzen",362,RHD-S1809-00384,Eigen,313,false,none,false,not_assessed
RHD-ICONC-000688,naligue,RHD-S1809-02075,Naligué,"Haben, besitzen",362,RHD-S1809-01480,Viel,348,false,none,false,not_assessed
RHD-ICONC-000689,nanaca,RHD-S1809-02076,Nanáca,Von beyden Seiten,362,RHD-S1809-00262,Beyde,309,false,none,false,not_assessed
RHD-ICONC-000690,nanagua,RHD-S1809-02077,Nanaguá,Messen,362,RHD-S1809-00005,Abmeſſen,301,false,none,false,not_assessed
RHD-ICONC-000691,nanamuti,RHD-S1809-02078,Nanamuti,Sache,362,RHD-S1809-00333,Ding,312,false,none,false,not_assessed
RHD-ICONC-000692,nanamuti,RHD-S1809-02078,Nanamuti,Sache,362,RHD-S1809-00463,Etwas,315,false,none,false,not_assessed
RHD-ICONC-000693,napa,RHD-S1809-02079,Napá,Beysammen,362,RHD-S1809-00941,Miteinander,332,false,none,false,not_assessed
RHD-ICONC-000694,napa,RHD-S1809-02079,Napá,Beysammen,362,RHD-S1809-01072,Sammt,338,false,none,false,not_assessed
RHD-ICONC-000695,napa,RHD-S1809-02079,Napá,Beysammen,362,RHD-S1809-01617,Zugleich,352,false,none,false,not_assessed
RHD-ICONC-000696,napa,RHD-S1809-02079,Napá,Beysammen,362,RHD-S1809-01623,Zuſammen,352,false,none,false,not_assessed
RHD-ICONC-000697,nape,RHD-S1809-02082,Napé,Nebeneinander,362,RHD-S1809-00941,Miteinander,332,false,none,false,not_assessed
RHD-ICONC-000698,nape,RHD-S1809-02082,Napé,Nebeneinander,362,RHD-S1809-01072,Sammt,338,false,none,false,not_assessed
RHD-ICONC-000699,nape,RHD-S1809-02082,Napé,Nebeneinander,362,RHD-S1809-01617,Zugleich,352,false,none,false,not_assessed
RHD-ICONC-000700,nape,RHD-S1809-02082,Napé,Nebeneinander,362,RHD-S1809-01623,Zuſammen,352,false,none,false,not_assessed
RHD-ICONC-000701,nassinae,RHD-S1809-02088,Nassínaë,Träg seyn,362,RHD-S1809-00474,Faulenzen,316,false,none,false,not_assessed
RHD-ICONC-000702,nategui,RHD-S1809-02092,Nateguí,Lohn,362,RHD-S1809-00224,Belohnung,308,false,none,false,not_assessed
RHD-ICONC-000703,neguale,RHD-S1809-02103,Negualé,Sich erinnern,362,RHD-S1809-00392,Eingedenk ſeyn,313,false,none,false,not_assessed
RHD-ICONC-000704,neguale,RHD-S1809-02103,Negualé,Sich erinnern,362,RHD-S1809-00432,Erinneren ſich,315,false,none,false,not_assessed
RHD-ICONC-000705,neguale,RHD-S1809-02103,Negualé,Sich erinnern,362,RHD-S1809-00926,Merken,331,false,none,false,not_assessed
RHD-ICONC-000706,nene,RHD-S1809-02107,Nené,Sehen,362,RHD-S1809-00101,"Anſchauen, anſehen",302,false,none,false,not_assessed
RHD-ICONC-000707,nene,RHD-S1809-02107,Nené,Sehen,362,RHD-S1809-00235,Beſchauen,308,false,none,false,not_assessed
RHD-ICONC-000708,nene,RHD-S1809-02107,Nené,Sehen,362,RHD-S1809-01095,Scheuen,338,false,none,false,not_assessed
RHD-ICONC-000709,neoca,RHD-S1809-02108,Néóca,Reden,362,RHD-S1809-01032,Redlos,336,false,none,false,not_assessed
RHD-ICONC-000710,neogala,RHD-S1809-02109,Neogála,"Wort, Rede",362,RHD-S1809-01242,Spruch,343,false,none,false,not_assessed
RHD-ICONC-000711,nesse,RHD-S1809-02110,Neſſé,Bewahren,362,RHD-S1809-00136,Aufbehalten,304,false,none,false,not_assessed
RHD-ICONC-000712,nesse,RHD-S1809-02110,Neſſé,Bewahren,362,RHD-S1809-00208,Behalten,308,false,none,false,not_assessed
RHD-ICONC-000713,nesse,RHD-S1809-02110,Neſſé,Bewahren,362,RHD-S1809-00258,Bewachen,309,false,none,false,not_assessed
RHD-ICONC-000714,nesse,RHD-S1809-02110,Neſſé,Bewahren,362,RHD-S1809-00751,Hüten,325,false,none,false,not_assessed
RHD-ICONC-000715,nesse,RHD-S1809-02110,Neſſé,Bewahren,362,RHD-S1809-01508,Wachen,349,false,none,false,not_assessed
RHD-ICONC-000716,nesseameke,RHD-S1809-02111,Neſſéameke,Hüter,362,RHD-S1809-01509,Wächter,349,false,none,false,not_assessed
RHD-ICONC-000717,netschi,RHD-S1809-02113,Netſchí,Mir,362,RHD-S1809-00758,Ich,326,false,none,false,not_assessed
RHD-ICONC-000718,netschi,RHD-S1809-02113,Netſchí,Mir,362,RHD-S1809-00912,Maulſchelle,331,false,none,false,not_assessed
RHD-ICONC-000719,noine,RHD-S1809-02116,Noiné,"Ehren, verehren",362,RHD-S1809-01094,Schätzen,338,false,none,false,not_assessed
RHD-ICONC-000720,nolire,RHD-S1809-02124,Nolíre,Umgehen,363,RHD-S1809-00700,Herumgehen,324,false,none,false,not_assessed
RHD-ICONC-000721,noliruje,RHD-S1809-02125,Nolíruje,Herumdrehen,363,RHD-S1809-00345,Drehen,313,false,none,false,not_assessed
RHD-ICONC-000722,noliruje,RHD-S1809-02125,Nolíruje,Herumdrehen,363,RHD-S1809-01365,Umdrehen,346,false,none,false,not_assessed
RHD-ICONC-000723,nono,RHD-S1809-02126,Nonó,"Vater, ſ",363,RHD-S1809-00454,Erzeuger,315,false,none,false,not_assessed
RHD-ICONC-000724,nula,RHD-S1809-02129,Nulá,Befehlen,363,RHD-S1809-00566,Gebieten,319,false,none,false,not_assessed
RHD-ICONC-000725,nula,RHD-S1809-02129,Nulá,Befehlen,363,RHD-S1809-01088,Schaffen,338,false,none,false,not_assessed
RHD-ICONC-000726,nuliruc,RHD-S1809-02131,Núliruc,"Was befohlen, geboten iſt",363,RHD-S1809-00199,Befehlen,308,false,none,false,not_assessed
RHD-ICONC-000727,nutugala,RHD-S1809-02132,Nutugála,Nahrung,363,RHD-S1809-00536,Fütterung,319,false,none,false,not_assessed
RHD-ICONC-000728,nutugala,RHD-S1809-02132,Nutugála,Nahrung,363,RHD-S1809-00810,Koſt,327,false,none,false,not_assessed
RHD-ICONC-000729,oca,RHD-S1809-02134,Ocá,"oder guocá, Zwey",363,RHD-S1809-00756,Jahr,325,false,none,false,not_assessed
RHD-ICONC-000730,ogue,RHD-S1809-02136,Ogué,"Gedeihlich, zur Geſundheit dienlich",363,RHD-S1809-00207,Behaglich,308,false,none,false,not_assessed
RHD-ICONC-000731,ogue,RHD-S1809-02136,Ogué,"Gedeihlich, zur Geſundheit dienlich",363,RHD-S1809-00575,Gedeylich,320,false,none,false,not_assessed
RHD-ICONC-000732,ossa,RHD-S1809-02139,Ossá,"oder guossá, Zweymal",363,RHD-S1809-00336,Doppelt,312,false,none,false,not_assessed
RHD-ICONC-000733,ossa,RHD-S1809-02139,Ossá,"oder guossá, Zweymal",363,RHD-S1809-00756,Jahr,325,false,none,false,not_assessed
RHD-ICONC-000734,ossa,RHD-S1809-02139,Ossá,"oder guossá, Zweymal",363,RHD-S1809-01635,Zwanzig,353,false,none,false,not_assessed
RHD-ICONC-000735,ossa,RHD-S1809-02139,Ossá,"oder guossá, Zweymal",363,RHD-S1809-01642,Zwölfmal,353,false,none,false,not_assessed
RHD-ICONC-000736,ossanaguessa,RHD-S1809-02144,Oſſanaguéſſa,Achtmal,363,RHD-S1809-00014,Acht,301,false,none,false,not_assessed
RHD-ICONC-000737,ossanaguoameke,RHD-S1809-02143,Ossanaguóameke,Der Achte,363,RHD-S1809-00014,Acht,301,false,none,false,not_assessed
RHD-ICONC-000738,paa,RHD-S1809-02148,Paâ,Forttragen,363,RHD-S1809-01341,Tragen,346,false,none,false,not_assessed
RHD-ICONC-000739,pabahi,RHD-S1809-02149,Pabáhi,Schöpfen,363,RHD-S1809-01523,Waſſer,350,false,none,false,not_assessed
RHD-ICONC-000740,pagotugameke,RHD-S1809-02152,Pagotúgameke,Ein Getaufter,363,RHD-S1809-00669,Heide,323,false,none,false,not_assessed
RHD-ICONC-000741,pagotugameke,RHD-S1809-02152,Pagotúgameke,Ein Getaufter,363,RHD-S1809-01324,Taufen,346,false,none,false,not_assessed
RHD-ICONC-000742,pagotugameke,RHD-S1809-02152,Pagotúgameke,Ein Getaufter,363,RHD-S1809-01381,Ungewaſchen,347,false,none,false,not_assessed
RHD-ICONC-000743,pamivali,RHD-S1809-00050,Pamivalí,Jahre,363,RHD-S1809-00756,Jahr,325,false,none,false,not_assessed
RHD-ICONC-000744,pamivaliki,RHD-S1809-00051,Pamivalíki,Jahr,363,RHD-S1809-01482,Vier,348,false,none,false,not_assessed
RHD-ICONC-000745,pamivaliki,RHD-S1809-00051,Pamivalíki,Jahr,363,RHD-S1809-01586,Zehn,352,false,none,false,not_assessed
RHD-ICONC-000746,para,RHD-S1809-00052,Pará,Dürſten,363,RHD-S1809-00362,Dürfen,313,false,none,false,not_assessed
RHD-ICONC-000747,paramugu,RHD-S1809-02155,Parámugú,Durſt leiden,363,RHD-S1809-00362,Dürfen,313,false,none,false,not_assessed
RHD-ICONC-000748,pataliki,RHD-S1809-00054,Pataliki,ſ,363,RHD-S1809-00608,Getränk,321,false,none,false,not_assessed
RHD-ICONC-000749,patolle,RHD-S1809-02159,Patólle,ſ,363,RHD-S1809-01227,Spiel,342,false,none,false,not_assessed
RHD-ICONC-000750,patolle,RHD-S1809-02159,Patólle,ſ,363,RHD-S1809-01564,Würfel,351,false,none,false,not_assessed
RHD-ICONC-000751,pauguo,RHD-S1809-02161,Pauguó,Jenſeits des Fluſſes,363,RHD-S1809-00522,Fluß,318,false,none,false,not_assessed
RHD-ICONC-000752,pauvoliki,RHD-S1809-00057,Pauvoliki,Abwaſchung,363,RHD-S1809-01323,Taufe,346,false,none,false,not_assessed
RHD-ICONC-000753,pejote,RHD-S1809-02163,Pejóte,ſ,363,RHD-S1809-00830,Kraut,327,false,none,false,not_assessed
RHD-ICONC-000754,pemoliki,RHD-S1809-00059,Pemoliki,Rauch,363,RHD-S1809-00356,Dunſt,313,false,none,false,not_assessed
RHD-ICONC-000755,peraca,RHD-S1809-00060,Peráca,Decke,363,RHD-S1809-00908,Matte,331,false,none,false,not_assessed
RHD-ICONC-000756,peraca,RHD-S1809-00060,Peráca,Decke,363,RHD-S1809-01077,Sattel,338,false,none,false,not_assessed
RHD-ICONC-000757,peraca,RHD-S1809-00060,Peráca,Decke,363,RHD-S1809-01325,Teppich,346,false,none,false,not_assessed
RHD-ICONC-000758,pileke,RHD-S1809-02170,Piléke,Einer,363,RHD-S1809-00463,Etwas,315,false,none,false,not_assessed
RHD-ICONC-000759,pileke,RHD-S1809-02170,Piléke,Einer,363,RHD-S1809-00762,Jemand,326,false,none,false,not_assessed
RHD-ICONC-000760,pinelipi,RHD-S1809-02177,Pinélipi,Alleinig,364,RHD-S1809-00019,Allein,301,false,none,false,not_assessed
RHD-ICONC-000761,pinelipi,RHD-S1809-02177,Pinélipi,Alleinig,364,RHD-S1809-00401,Einſam,314,false,none,false,not_assessed
RHD-ICONC-000762,pitschaburameke,RHD-S1809-02184,Pitschabúrameke,Verschnitten,364,RHD-S1809-00776,Kapaun,326,false,none,false,not_assessed
RHD-ICONC-000763,poa,RHD-S1809-02187,Poá,s,364,RHD-S1809-00953,Müſſen,332,false,none,false,not_assessed
RHD-ICONC-000764,poa,RHD-S1809-02187,Poá,s,364,RHD-S1809-01211,Sollen,342,false,none,false,not_assessed
RHD-ICONC-000765,pole,RHD-S1809-02188,Polé,Bedecken,364,RHD-S1809-00321,Decken,312,false,none,false,not_assessed
RHD-ICONC-000766,pole,RHD-S1809-02188,Polé,Bedecken,364,RHD-S1809-01440,Verhüllen,348,false,none,false,not_assessed
RHD-ICONC-000767,poliruc,RHD-S1809-02189,Póliruc,Es ist bedeckt,364,RHD-S1809-00194,Bedecken,308,false,none,false,not_assessed
RHD-ICONC-000768,potschi,RHD-S1809-02190,Potschí,Anfüllen,364,RHD-S1809-01626,Zuſammengefügt,352,false,none,false,not_assessed
RHD-ICONC-000769,potschiruc,RHD-S1809-02192,Potſchiruc,"Es iſt voll, angefüllt",364,RHD-S1809-00095,Anfüllen,302,false,none,false,not_assessed
RHD-ICONC-000770,potschirugameke,RHD-S1809-02193,Potſchirúgameke,Schwanger,364,RHD-S1809-01339,Trächtig,346,false,none,false,not_assessed
RHD-ICONC-000771,pouguaca,RHD-S1809-02196,Pouguáca,"Schaar, Lamm, Schöpſe",364,RHD-S1809-01085,Schaf,338,false,none,false,not_assessed
RHD-ICONC-000772,pouguaca,RHD-S1809-02196,Pouguáca,"Schaar, Lamm, Schöpſe",364,RHD-S1809-01546,Widder,350,false,none,false,not_assessed
RHD-ICONC-000773,poveke,RHD-S1809-02199,Poveke,"Steig, gebahnter Weg",364,RHD-S1809-01288,Straße,344,false,none,false,not_assessed
RHD-ICONC-000774,poveke,RHD-S1809-02199,Poveke,"Steig, gebahnter Weg",364,RHD-S1809-01528,Weg,350,false,none,false,not_assessed
RHD-ICONC-000775,poviruc,RHD-S1809-02200,Póviruc,Ein guter gebahnter Weg,364,RHD-S1809-00163,Bahnen,306,false,none,false,not_assessed
RHD-ICONC-000776,poviruc,RHD-S1809-02200,Póviruc,Ein guter gebahnter Weg,364,RHD-S1809-00364,Eben,313,false,none,false,not_assessed
RHD-ICONC-000777,pugue,RHD-S1809-02203,Pugué,Warten,364,RHD-S1809-00081,Alſo,302,false,none,false,not_assessed
RHD-ICONC-000778,pugue,RHD-S1809-02203,Pugué,Warten,364,RHD-S1809-00447,Erwarten,315,false,none,false,not_assessed
RHD-ICONC-000779,pugue,RHD-S1809-02203,Pugué,Warten,364,RHD-S1809-00689,Hernach,324,false,none,false,not_assessed
RHD-ICONC-000780,pugue,RHD-S1809-02203,Pugué,Warten,364,RHD-S1809-01471,Verweilen,348,false,none,false,not_assessed
RHD-ICONC-000781,pugue,RHD-S1809-02203,Pugué,Warten,364,RHD-S1809-01477,Verziehen,348,false,none,false,not_assessed
RHD-ICONC-000782,pujaniki,RHD-S1809-02204,Pujaniki,Beflecken,364,RHD-S1809-00236,Beſchmieren,308,false,none,false,not_assessed
RHD-ICONC-000783,pujaniki,RHD-S1809-02204,Pujaniki,Beflecken,364,RHD-S1809-00251,Beſudeln,309,false,none,false,not_assessed
RHD-ICONC-000784,pulke,RHD-S1809-02205,Pulke,ſ,364,RHD-S1809-00608,Getränk,321,false,none,false,not_assessed
RHD-ICONC-000785,putschila,RHD-S1809-02214,Putschíla,"Brust, uber",364,RHD-S1809-00311,Brut,311,false,none,false,not_assessed
RHD-ICONC-000786,racha,RHD-S1809-02217,Rachá,"Es iſt heiß, es brennt",364,RHD-S1809-00296,Brennen,310,false,none,false,not_assessed
RHD-ICONC-000787,rachaba,RHD-S1809-02218,Rachába,"Es ist schon heiß, es brennt schon",364,RHD-S1809-00296,Brennen,310,false,none,false,not_assessed
RHD-ICONC-000788,rache,RHD-S1809-02219,Raché,Es flammet,364,RHD-S1809-00879,Leuchten,330,false,none,false,not_assessed
RHD-ICONC-000789,rachele,RHD-S1809-02220,Rachelé,Leuchten,364,RHD-S1809-00435,Erleuchten,315,false,none,false,not_assessed
RHD-ICONC-000790,rachele,RHD-S1809-02220,Rachelé,Leuchten,364,RHD-S1809-01100,Scheinen,338,false,none,false,not_assessed
RHD-ICONC-000791,racheliki,RHD-S1809-02221,Rachelíki,Licht,364,RHD-S1809-00467,Fakel,316,false,none,false,not_assessed
RHD-ICONC-000792,racheliki,RHD-S1809-02221,Rachelíki,Licht,364,RHD-S1809-00785,Kerze,326,false,none,false,not_assessed
RHD-ICONC-000793,racheliki,RHD-S1809-02221,Rachelíki,Licht,364,RHD-S1809-00854,Lampe,328,false,none,false,not_assessed
RHD-ICONC-000794,rachpe,RHD-S1809-02223,Rachpé,Wenig,364,RHD-S1809-00268,Biſchen,309,false,none,false,not_assessed
RHD-ICONC-000795,rachpe,RHD-S1809-02223,Rachpé,Wenig,364,RHD-S1809-00595,Geneſen,320,false,none,false,not_assessed
RHD-ICONC-000796,rachpe,RHD-S1809-02223,Rachpé,Wenig,364,RHD-S1809-01295,Süd,344,false,none,false,not_assessed
RHD-ICONC-000797,rachpebi,RHD-S1809-02225,Rachpébi,Gar wenig,364,RHD-S1809-00463,Etwas,315,false,none,false,not_assessed
RHD-ICONC-000798,raje,RHD-S1809-02229,Ráje,"oder táje, s",364,RHD-S1809-00548,Für,319,false,none,false,not_assessed
RHD-ICONC-000799,raje,RHD-S1809-02229,Ráje,"oder táje, s",364,RHD-S1809-01529,Wegen,350,false,none,false,not_assessed
RHD-ICONC-000800,raugui,RHD-S1809-02232,Rauguí,Habicht,364,RHD-S1809-00620,Geyer,322,false,none,false,not_assessed
RHD-ICONC-000801,raugui,RHD-S1809-02232,Rauguí,Habicht,364,RHD-S1809-01024,Raubvogel,336,false,none,false,not_assessed
RHD-ICONC-000802,raveli,RHD-S1809-02230,Ravéli,"Geige, s",364,RHD-S1809-01063,Saitenſpiel,338,false,none,false,not_assessed
RHD-ICONC-000803,regue,RHD-S1809-02237,Regué,Aufhören,364,RHD-S1809-00008,Abſtehen,301,false,none,false,not_assessed
RHD-ICONC-000804,regue,RHD-S1809-02237,Regué,Aufhören,364,RHD-S1809-00860,Laſſen,328,false,none,false,not_assessed
RHD-ICONC-000805,regue,RHD-S1809-02237,Regué,Aufhören,364,RHD-S1809-01391,Unterlaſſen,347,false,none,false,not_assessed
RHD-ICONC-000806,regue,RHD-S1809-02237,Regué,Aufhören,364,RHD-S1809-01444,Verlaſſen,348,false,none,false,not_assessed
RHD-ICONC-000807,retegua,RHD-S1809-02244,Reteguá,Sehen,365,RHD-S1809-00101,"Anſchauen, anſehen",302,false,none,false,not_assessed
RHD-ICONC-000808,retegua,RHD-S1809-02244,Reteguá,Sehen,365,RHD-S1809-00556,Gaffen,319,false,none,false,not_assessed
RHD-ICONC-000809,retegua,RHD-S1809-02244,Reteguá,Sehen,365,RHD-S1809-01095,Scheuen,338,false,none,false,not_assessed
RHD-ICONC-000810,reteguala,RHD-S1809-02245,Retéguala,Angeſicht,365,RHD-S1809-00601,Geſicht,320,false,none,false,not_assessed
RHD-ICONC-000811,rhana,RHD-S1809-02233,Rhaná,Es donnert,364,RHD-S1809-00334,Donnern,312,false,none,false,not_assessed
RHD-ICONC-000812,roco,RHD-S1809-02248,Róco,"Es mangelt, geht ab",365,RHD-S1809-00001,Abgehen,301,false,none,false,not_assessed
RHD-ICONC-000813,roco,RHD-S1809-02248,Róco,"Es mangelt, geht ab",365,RHD-S1809-00478,Fehlen,316,false,none,false,not_assessed
RHD-ICONC-000814,roco,RHD-S1809-02248,Róco,"Es mangelt, geht ab",365,RHD-S1809-00578,Gehen,320,false,none,false,not_assessed
RHD-ICONC-000815,rohaca,RHD-S1809-02246,Roháca,Eiche,365,RHD-S1809-01270,Steineiche,344,false,none,false,not_assessed
RHD-ICONC-000816,ruje,RHD-S1809-02253,Rúje,Sprechen,365,RHD-S1809-00200,Befruchten,308,false,none,false,not_assessed
RHD-ICONC-000817,ruje,RHD-S1809-02253,Rúje,Sprechen,365,RHD-S1809-01062,Sagen,338,false,none,false,not_assessed
RHD-ICONC-000818,saiki,RHD-S1809-02257,Sáiki,Warm,365,RHD-S1809-00935,Milbe,332,false,none,false,not_assessed
RHD-ICONC-000819,saiki,RHD-S1809-02257,Sáiki,Warm,365,RHD-S1809-00951,Motte,332,false,none,false,not_assessed
RHD-ICONC-000820,saiki,RHD-S1809-02257,Sáiki,Warm,365,RHD-S1809-01571,Wurm,351,false,none,false,not_assessed
RHD-ICONC-000821,sapaca,RHD-S1809-02259,Sapáca,Fleisch,365,RHD-S1809-00268,Biſchen,309,false,none,false,not_assessed
RHD-ICONC-000822,satiameke,RHD-S1809-02261,Satiameke,Anfechter,365,RHD-S1809-01467,Verſucher,348,false,none,false,not_assessed
RHD-ICONC-000823,satuje,RHD-S1809-02262,Satuje,Anfechten,365,RHD-S1809-01466,Verſuchen,348,false,none,false,not_assessed
RHD-ICONC-000824,schine,RHD-S1809-02287,Schine,oder Schine,365,RHD-S1809-00269,Bisweilen,309,false,none,false,not_assessed
RHD-ICONC-000825,schine,RHD-S1809-02287,Schine,oder Schine,365,RHD-S1809-00781,Keiner,326,false,none,false,not_assessed
RHD-ICONC-000826,segui,RHD-S1809-02273,Seguí,Auf eine andere Weise,365,RHD-S1809-00090,Anderſt,302,false,none,false,not_assessed
RHD-ICONC-000827,segui,RHD-S1809-02273,Seguí,Auf eine andere Weise,365,RHD-S1809-00994,Packen,334,false,none,false,not_assessed
RHD-ICONC-000828,segui,RHD-S1809-02273,Seguí,Auf eine andere Weise,365,RHD-S1809-01215,Sonſt,342,false,none,false,not_assessed
RHD-ICONC-000829,seli,RHD-S1809-02269,Seli,Befehlen,365,RHD-S1809-00694,Herrſchen,324,false,none,false,not_assessed
RHD-ICONC-000830,seliameke,RHD-S1809-02275,Seliameke,So nennen ſie ihren Dorfrichter,365,RHD-S1809-00695,Herrſcher,324,false,none,false,not_assessed
RHD-ICONC-000831,senu,RHD-S1809-02276,Senú,Ein anderes,365,RHD-S1809-00089,Anderer,302,false,none,false,not_assessed
RHD-ICONC-000832,senula,RHD-S1809-02277,Senúla,Noch ein anderes,365,RHD-S1809-00089,Anderer,302,false,none,false,not_assessed
RHD-ICONC-000833,senula,RHD-S1809-02277,Senúla,Noch ein anderes,365,RHD-S1809-00534,Fremd,318,false,none,false,not_assessed
RHD-ICONC-000834,seva,RHD-S1809-02278,Sevá,Gelangen,365,RHD-S1809-00442,Erreichen,315,false,none,false,not_assessed
RHD-ICONC-000835,sika,RHD-S1809-02282,Siká,"Hauen, zerſchneiden",365,RHD-S1809-00003,Abhauen,301,false,none,false,not_assessed
RHD-ICONC-000836,sika,RHD-S1809-02282,Siká,"Hauen, zerſchneiden",365,RHD-S1809-00018,Aernten,301,false,none,false,not_assessed
RHD-ICONC-000837,sika,RHD-S1809-02282,Siká,"Hauen, zerſchneiden",365,RHD-S1809-01132,Schneiden,339,false,none,false,not_assessed
RHD-ICONC-000838,sika,RHD-S1809-02282,Siká,"Hauen, zerſchneiden",365,RHD-S1809-01594,Zerhauen,352,false,none,false,not_assessed
RHD-ICONC-000839,sika,RHD-S1809-02282,Siká,"Hauen, zerſchneiden",365,RHD-S1809-01627,Zuſammenhauen,352,false,none,false,not_assessed
RHD-ICONC-000840,sikirugameke,RHD-S1809-02283,Sikirúgameke,Zerhauenes,365,RHD-S1809-00003,Abhauen,301,false,none,false,not_assessed
RHD-ICONC-000841,sikirugameke,RHD-S1809-02283,Sikirúgameke,Zerhauenes,365,RHD-S1809-00667,Gehauen,323,false,none,false,not_assessed
RHD-ICONC-000842,sikirugameke,RHD-S1809-02283,Sikirúgameke,Zerhauenes,365,RHD-S1809-01594,Zerhauen,352,false,none,false,not_assessed
RHD-ICONC-000843,simi,RHD-S1809-02284,Simi,Gehen,365,RHD-S1809-00001,Abgehen,301,false,none,false,not_assessed
RHD-ICONC-000844,simi,RHD-S1809-02284,Simi,Gehen,365,RHD-S1809-00009,Abſteigen,301,false,none,false,not_assessed
RHD-ICONC-000845,simi,RHD-S1809-02284,Simi,Gehen,365,RHD-S1809-00403,Einſchlafen,314,false,none,false,not_assessed
RHD-ICONC-000846,simi,RHD-S1809-02284,Simi,Gehen,365,RHD-S1809-00527,Fortgehen,318,false,none,false,not_assessed
RHD-ICONC-000847,simi,RHD-S1809-02284,Simi,Gehen,365,RHD-S1809-00684,Herausgehen,324,false,none,false,not_assessed
RHD-ICONC-000848,simi,RHD-S1809-02284,Simi,Gehen,365,RHD-S1809-00686,Herbeytreten,324,false,none,false,not_assessed
RHD-ICONC-000849,simi,RHD-S1809-02284,Simi,Gehen,365,RHD-S1809-00715,Hinabſteigen,324,false,none,false,not_assessed
RHD-ICONC-000850,simi,RHD-S1809-02284,Simi,Gehen,365,RHD-S1809-00717,Hinaufſteigen,324,false,none,false,not_assessed
RHD-ICONC-000851,simi,RHD-S1809-02284,Simi,Gehen,365,RHD-S1809-00719,Hinausgehen,324,false,none,false,not_assessed
RHD-ICONC-000852,simi,RHD-S1809-02284,Simi,Gehen,365,RHD-S1809-00726,Hinzugehen,325,false,none,false,not_assessed
RHD-ICONC-000853,simi,RHD-S1809-02284,Simi,Gehen,365,RHD-S1809-00876,Lernen,330,false,none,false,not_assessed
RHD-ICONC-000854,simi,RHD-S1809-02284,Simi,Gehen,365,RHD-S1809-00994,Packen,334,false,none,false,not_assessed
RHD-ICONC-000855,simi,RHD-S1809-02284,Simi,Gehen,365,RHD-S1809-01142,Schreiten,340,false,none,false,not_assessed
RHD-ICONC-000856,simi,RHD-S1809-02284,Simi,Gehen,365,RHD-S1809-01266,Steigen,344,false,none,false,not_assessed
RHD-ICONC-000857,simi,RHD-S1809-02284,Simi,Gehen,365,RHD-S1809-01500,Vorangehen,349,false,none,false,not_assessed
RHD-ICONC-000858,simi,RHD-S1809-02284,Simi,Gehen,365,RHD-S1809-01517,Wandern,349,false,none,false,not_assessed
RHD-ICONC-000859,simi,RHD-S1809-02284,Simi,Gehen,365,RHD-S1809-01622,Zurück,352,false,none,false,not_assessed
RHD-ICONC-000860,simigo,RHD-S1809-02286,Simigó,"So geh doch, ſ",365,RHD-S1809-00578,Gehen,320,false,none,false,not_assessed
RHD-ICONC-000861,sinevi,RHD-S1809-02289,Sinévi,"oder linivi, Immer, allezeit",365,RHD-S1809-00023,Allzeit,301,false,none,false,not_assessed
RHD-ICONC-000862,sinevi,RHD-S1809-02289,Sinévi,"oder linivi, Immer, allezeit",365,RHD-S1809-01372,Unabläßlich,347,false,none,false,not_assessed
RHD-ICONC-000863,sinevi,RHD-S1809-02289,Sinévi,"oder linivi, Immer, allezeit",365,RHD-S1809-01392,Ohn Unterlaß,347,false,none,false,not_assessed
RHD-ICONC-000864,sini,RHD-S1809-02287,Sini,oder Schine,365,RHD-S1809-00269,Bisweilen,309,false,none,false,not_assessed
RHD-ICONC-000865,soco,RHD-S1809-02291,Sóco,"Zwirn, von Aloe",365,RHD-S1809-00508,Flachs,317,false,none,false,not_assessed
RHD-ICONC-000866,soco,RHD-S1809-02291,Sóco,"Zwirn, von Aloe",365,RHD-S1809-00561,Garn,319,false,none,false,not_assessed
RHD-ICONC-000867,solaca,RHD-S1809-02293,Soláca,Breunschwamm,365,RHD-S1809-01151,Schwamm,340,false,none,false,not_assessed
RHD-ICONC-000868,stacameke,RHD-S1809-02466,Stácameke,oder Stácameke,368,RHD-S1809-01047,Roth,338,false,none,false,not_assessed
RHD-ICONC-000869,suila,RHD-S1809-02300,Suilá,"Großmutter, von Seiten der Mutter",365,RHD-S1809-00653,Großvater,323,false,none,false,not_assessed
RHD-ICONC-000870,sulatschic,RHD-S1809-02303,Sulatschíc,"im Herzen, s",366,RHD-S1809-00701,Herz,324,false,none,false,not_assessed
RHD-ICONC-000871,suleliruc,RHD-S1809-02305,Suleliruc,Es iſt verboten,366,RHD-S1809-01414,Verbieten,347,false,none,false,not_assessed
RHD-ICONC-000872,suli,RHD-S1809-02306,Sulí,Verbieten,366,RHD-S1809-00002,Abhalten,301,false,none,false,not_assessed
RHD-ICONC-000873,tachpe,RHD-S1809-02312,Tachpé,Wenig,366,RHD-S1809-00268,Biſchen,309,false,none,false,not_assessed
RHD-ICONC-000874,taiteke,RHD-S1809-02320,Taitéke,"taitéki, Es iſt nicht vorhanden",366,RHD-S1809-00001,Abgehen,301,false,none,false,not_assessed
RHD-ICONC-000875,taje,RHD-S1809-02229,táje,"oder táje, s",364,RHD-S1809-00548,Für,319,false,none,false,not_assessed
RHD-ICONC-000876,taje,RHD-S1809-02229,táje,"oder táje, s",364,RHD-S1809-01529,Wegen,350,false,none,false,not_assessed
RHD-ICONC-000877,taje,RHD-S1809-02316,Táje,"oder ráje, ſ",366,RHD-S1809-00548,Für,319,false,none,false,not_assessed
RHD-ICONC-000878,taje,RHD-S1809-02316,Táje,"oder ráje, ſ",366,RHD-S1809-01529,Wegen,350,false,none,false,not_assessed
RHD-ICONC-000879,tajena,RHD-S1809-02317,Tajená,"Es kläret sich, wird Tag",366,RHD-S1809-00677,Heitern,324,false,none,false,not_assessed
RHD-ICONC-000880,tajena,RHD-S1809-02317,Tajená,"Es kläret sich, wird Tag",366,RHD-S1809-00883,Licht,330,false,none,false,not_assessed
RHD-ICONC-000881,tajenasago,RHD-S1809-02318,Tajenaságo,Nachdem es Tag geworden,366,RHD-S1809-00545,Früh,319,false,none,false,not_assessed
RHD-ICONC-000882,tala,RHD-S1809-02321,Talá,Fuß,366,RHD-S1809-00004,Abhäufen,301,false,none,false,not_assessed
RHD-ICONC-000883,tala,RHD-S1809-02321,Talá,Fuß,366,RHD-S1809-01227,Spiel,342,false,none,false,not_assessed
RHD-ICONC-000884,tali,RHD-S1809-02324,Talí,Verkaufen,366,RHD-S1809-01441,Verlaufen,348,false,none,false,not_assessed
RHD-ICONC-000885,tame,RHD-S1809-02327,Tamé,Wir,366,RHD-S1809-00758,Ich,326,false,none,false,not_assessed
RHD-ICONC-000886,tamegotle,RHD-S1809-02328,Tamegótle,Wir ſelbſt,366,RHD-S1809-00758,Ich,326,false,none,false,not_assessed
RHD-ICONC-000887,tana,RHD-S1809-02331,Taná,"oder raná, Gebähren",366,RHD-S1809-01600,Zeugen,352,false,none,false,not_assessed
RHD-ICONC-000888,tanegue,RHD-S1809-02332,Tanegué,Leihen,366,RHD-S1809-00286,Borgen,310,false,none,false,not_assessed
RHD-ICONC-000889,tani,RHD-S1809-02333,Taní,Begehren,366,RHD-S1809-00270,Bitten,309,false,none,false,not_assessed
RHD-ICONC-000890,tani,RHD-S1809-02333,Taní,Begehren,366,RHD-S1809-00525,Fordern,318,false,none,false,not_assessed
RHD-ICONC-000891,tara,RHD-S1809-02335,Tará,Zählen,366,RHD-S1809-00013,Abzählen,301,false,none,false,not_assessed
RHD-ICONC-000892,taragameke,RHD-S1809-02336,Taragameke,Zähler,366,RHD-S1809-01580,Zählen,351,false,none,false,not_assessed
RHD-ICONC-000893,taralati,RHD-S1809-02340,Tarálati,Zählbar,366,RHD-S1809-01406,Unzahlbar,347,false,none,false,not_assessed
RHD-ICONC-000894,taschine,RHD-S1809-02341,Táschinê,Nirgend,366,RHD-S1809-00978,Niemand,334,false,none,false,not_assessed
RHD-ICONC-000895,taugueke,RHD-S1809-02349,Tauguéke,Feuerſtein,366,RHD-S1809-00789,Kieſelſtein,326,false,none,false,not_assessed
RHD-ICONC-000896,teculuameke,RHD-S1809-02353,Teculüameke,Berauſcht,366,RHD-S1809-00228,Berauſchen,308,false,none,false,not_assessed
RHD-ICONC-000897,teculuameke,RHD-S1809-02353,Teculüameke,Berauſcht,366,RHD-S1809-00253,Betrunken,309,false,none,false,not_assessed
RHD-ICONC-000898,teculuameke,RHD-S1809-02353,Teculüameke,Berauſcht,366,RHD-S1809-01027,Rauſchig,336,false,none,false,not_assessed
RHD-ICONC-000899,teculuameke,RHD-S1809-02353,Teculüameke,Berauſcht,366,RHD-S1809-01352,Trunken,346,false,none,false,not_assessed
RHD-ICONC-000900,tehima,RHD-S1809-02357,Tehimá,Blutsfreund,366,RHD-S1809-01470,Verwandter,348,false,none,false,not_assessed
RHD-ICONC-000901,tehimeameke,RHD-S1809-02359,Tehiméameke,Verwandter,366,RHD-S1809-00280,Blutsfreund,309,false,none,false,not_assessed
RHD-ICONC-000902,tehoje,RHD-S1809-02360,Tehóje,"oder rehóje, Mensch",366,RHD-S1809-00369,Ehe,313,false,none,false,not_assessed
RHD-ICONC-000903,tehoje,RHD-S1809-02360,Tehóje,"oder rehóje, Mensch",366,RHD-S1809-00706,Heurathen,324,false,none,false,not_assessed
RHD-ICONC-000904,tele,RHD-S1809-02363,Tele,Unten,366,RHD-S1809-00009,Abſteigen,301,false,none,false,not_assessed
RHD-ICONC-000905,tele,RHD-S1809-02363,Tele,Unten,366,RHD-S1809-00713,Hinab,324,false,none,false,not_assessed
RHD-ICONC-000906,tele,RHD-S1809-02363,Tele,Unten,366,RHD-S1809-00715,Hinabſteigen,324,false,none,false,not_assessed
RHD-ICONC-000907,tele,RHD-S1809-02363,Tele,Unten,366,RHD-S1809-01267,Stein,344,false,none,false,not_assessed
RHD-ICONC-000908,telegatigameke,RHD-S1809-02367,Telégatigámeke,"der unten iſt, ſ",367,RHD-S1809-01327,Teufel,346,false,none,false,not_assessed
RHD-ICONC-000909,telegona,RHD-S1809-02368,Telegona,Abwärts,367,RHD-S1809-00713,Hinab,324,false,none,false,not_assessed
RHD-ICONC-000910,telsiguati,RHD-S1809-02389,Telsiguati,"Verunglückt, bedrängt, arm",367,RHD-S1809-00197,Bedürftig,308,false,none,false,not_assessed
RHD-ICONC-000911,telsiguati,RHD-S1809-02389,Telsiguati,"Verunglückt, bedrängt, arm",367,RHD-S1809-00256,Betrübt,309,false,none,false,not_assessed
RHD-ICONC-000912,telsiguati,RHD-S1809-02389,Telsiguati,"Verunglückt, bedrängt, arm",367,RHD-S1809-00360,Dürftig,313,false,none,false,not_assessed
RHD-ICONC-000913,telsiguati,RHD-S1809-02389,Telsiguati,"Verunglückt, bedrängt, arm",367,RHD-S1809-00411,Elend,314,false,none,false,not_assessed
RHD-ICONC-000914,temeke,RHD-S1809-02373,Teméke,"beſſer reméke, ſ",367,RHD-S1809-00300,Brod,310,false,none,false,not_assessed
RHD-ICONC-000915,tepa,RHD-S1809-02381,Tepá,"oder repá, Oben",367,RHD-S1809-00717,Hinaufſteigen,324,false,none,false,not_assessed
RHD-ICONC-000916,tepa,RHD-S1809-02381,Tepá,"oder repá, Oben",367,RHD-S1809-00729,Hoch,325,false,none,false,not_assessed
RHD-ICONC-000917,tepa,RHD-S1809-02381,Tepá,"oder repá, Oben",367,RHD-S1809-01266,Steigen,344,false,none,false,not_assessed
RHD-ICONC-000918,tepoli,RHD-S1809-02384,Tepóli,Maulwurf,367,RHD-S1809-01104,Schermaus,338,false,none,false,not_assessed
RHD-ICONC-000919,tepula,RHD-S1809-02385,Tepulá,"oder tepurá, Hauen, hacken",367,RHD-S1809-00003,Abhauen,301,false,none,false,not_assessed
RHD-ICONC-000920,tepula,RHD-S1809-02385,Tepulá,"oder tepurá, Hauen, hacken",367,RHD-S1809-01132,Schneiden,339,false,none,false,not_assessed
RHD-ICONC-000921,thulane,RHD-S1809-02397,Thuláne,Mir ist kalt,367,RHD-S1809-00445,Erſtarren,315,false,none,false,not_assessed
RHD-ICONC-000922,tilma,RHD-S1809-02398,Tilma,s,367,RHD-S1809-00813,Kotze,327,false,none,false,not_assessed
RHD-ICONC-000923,tlatolle,RHD-S1809-02400,Tlatólle,Rottungen,367,RHD-S1809-01455,Verſammlung,348,false,none,false,not_assessed
RHD-ICONC-000924,toco,RHD-S1809-02366,Tocó,Begraben,367,RHD-S1809-00396,Eingraben,314,false,none,false,not_assessed
RHD-ICONC-000925,toroli,RHD-S1809-02405,Torolí,Huhn,367,RHD-S1809-00681,Henne,324,false,none,false,not_assessed
RHD-ICONC-000926,toruke,RHD-S1809-02407,Tóruke,Er ist begraben,367,RHD-S1809-00396,Eingraben,314,false,none,false,not_assessed
RHD-ICONC-000927,tsainijolajameke,RHD-S1809-02410,tſainijolájameke,Der Böſes thut,367,RHD-S1809-01355,Uebelthäter,346,false,none,false,not_assessed
RHD-ICONC-000928,tsainijoliki,RHD-S1809-02411,tſainijoliki,Uebelthat,367,RHD-S1809-00861,Laſter,328,false,none,false,not_assessed
RHD-ICONC-000929,tsani,RHD-S1809-02408,Tſani,Sagen,367,RHD-S1809-00211,Bejahen,308,false,none,false,not_assessed
RHD-ICONC-000930,tsani,RHD-S1809-02408,Tſani,Sagen,367,RHD-S1809-00861,Laſter,328,false,none,false,not_assessed
RHD-ICONC-000931,tsani,RHD-S1809-02408,Tſani,Sagen,367,RHD-S1809-01250,Sprechen,343,false,none,false,not_assessed
RHD-ICONC-000932,tsani,RHD-S1809-02410,Tſani-,Der Böſes thut,367,RHD-S1809-00211,Bejahen,308,false,none,false,not_assessed
RHD-ICONC-000933,tsani,RHD-S1809-02410,Tſani-,Der Böſes thut,367,RHD-S1809-00861,Laſter,328,false,none,false,not_assessed
RHD-ICONC-000934,tsani,RHD-S1809-02410,Tſani-,Der Böſes thut,367,RHD-S1809-01062,Sagen,338,false,none,false,not_assessed
RHD-ICONC-000935,tsani,RHD-S1809-02410,Tſani-,Der Böſes thut,367,RHD-S1809-01250,Sprechen,343,false,none,false,not_assessed
RHD-ICONC-000936,tsani,RHD-S1809-02411,Tſani-,Uebelthat,367,RHD-S1809-00211,Bejahen,308,false,none,false,not_assessed
RHD-ICONC-000937,tsani,RHD-S1809-02411,Tſani-,Uebelthat,367,RHD-S1809-00861,Laſter,328,false,none,false,not_assessed
RHD-ICONC-000938,tsani,RHD-S1809-02411,Tſani-,Uebelthat,367,RHD-S1809-01062,Sagen,338,false,none,false,not_assessed
RHD-ICONC-000939,tsani,RHD-S1809-02411,Tſani-,Uebelthat,367,RHD-S1809-01250,Sprechen,343,false,none,false,not_assessed
RHD-ICONC-000940,tscha,RHD-S1809-02412,Tschá,Krätze,367,RHD-S1809-01544,Werfen,350,false,none,false,not_assessed
RHD-ICONC-000941,tschaa,RHD-S1809-02413,Tscháa,Wegwerfen,367,RHD-S1809-01472,Verwerfen,348,false,none,false,not_assessed
RHD-ICONC-000942,tschapi,RHD-S1809-02416,Tschapi,Nehmen,367,RHD-S1809-00469,Fangen,316,false,none,false,not_assessed
RHD-ICONC-000943,tschapi,RHD-S1809-02416,Tschapi,Nehmen,367,RHD-S1809-00470,Faſſen,316,false,none,false,not_assessed
RHD-ICONC-000944,tschapi,RHD-S1809-02416,Tschapi,Nehmen,367,RHD-S1809-00642,Greifen,322,false,none,false,not_assessed
RHD-ICONC-000945,tschapi,RHD-S1809-02416,Tschapi,Nehmen,367,RHD-S1809-00706,Heurathen,324,false,none,false,not_assessed
RHD-ICONC-000946,tschapi,RHD-S1809-02416,Tschapi,Nehmen,367,RHD-S1809-00725,Hinwegreiſſen,324,false,none,false,not_assessed
RHD-ICONC-000947,tschapi,RHD-S1809-02416,Tschapi,Nehmen,367,RHD-S1809-01023,Rauben,336,false,none,false,not_assessed
RHD-ICONC-000948,tschapi,RHD-S1809-02416,Tschapi,Nehmen,367,RHD-S1809-01530,Wegnehmen,350,false,none,false,not_assessed
RHD-ICONC-000949,tschapiboli,RHD-S1809-02417,Tschapíboli,Die Brautleute,367,RHD-S1809-00293,Brautpaar,310,false,none,false,not_assessed
RHD-ICONC-000950,tschiculi,RHD-S1809-02422,Tschiculi,"Maus, s",367,RHD-S1809-01022,Ratze,336,false,none,false,not_assessed
RHD-ICONC-000951,tschigo,RHD-S1809-02402,Tſchigó,Noch,367,RHD-S1809-01527,Weder,350,false,none,false,not_assessed
RHD-ICONC-000952,tschimoli,RHD-S1809-02423,Tschimolí,Eichhörnchen,367,RHD-S1809-00382,Eichhorn,313,false,none,false,not_assessed
RHD-ICONC-000953,tschinaca,RHD-S1809-02424,Tschináca,s,367,RHD-S1809-00830,Kraut,327,false,none,false,not_assessed
RHD-ICONC-000954,tschinaca,RHD-S1809-02424,Tschináca,s,367,RHD-S1809-01065,Salat,338,false,none,false,not_assessed
RHD-ICONC-000955,tschini,RHD-S1809-02425,Tſchiní,ſ,367,RHD-S1809-00868,Leinwand,329,false,none,false,not_assessed
RHD-ICONC-000956,tschiperameke,RHD-S1809-02426,Tſchiperameke,Fein,367,RHD-S1809-00275,Blech,309,false,none,false,not_assessed
RHD-ICONC-000957,tschiperameke,RHD-S1809-02426,Tſchiperameke,Fein,367,RHD-S1809-00355,Dünn,313,false,none,false,not_assessed
RHD-ICONC-000958,tschiperameke,RHD-S1809-02426,Tſchiperameke,Fein,367,RHD-S1809-00742,Hülſenfrucht,325,false,none,false,not_assessed
RHD-ICONC-000959,tschitschigua,RHD-S1809-02435,Tſchitſchigua,"Eine zahme Kuh, die ſich melken läßt",368,RHD-S1809-00841,Kuh,328,false,none,false,not_assessed
RHD-ICONC-000960,tschitschimoco,RHD-S1809-02436,Tſchitſchimóco,"Ein gar kleines Eichhörnchen, wie eine Maus",368,RHD-S1809-00382,Eichhorn,313,false,none,false,not_assessed
RHD-ICONC-000961,tschivavoli,RHD-S1809-02441,Tſchivávoli,"Metze, ſ",368,RHD-S1809-00617,Getreidemaaß,321,false,none,false,not_assessed
RHD-ICONC-000962,tschomali,RHD-S1809-02445,Tſchomáli,"Reh, ſ",368,RHD-S1809-01035,Reh,336,false,none,false,not_assessed
RHD-ICONC-000963,tschotschona,RHD-S1809-02447,Tſchotſchoná,Ins Maul ſchlagen,368,RHD-S1809-00912,Maulſchelle,331,false,none,false,not_assessed
RHD-ICONC-000964,tschotschonala,RHD-S1809-02448,Tſchotſchonála,Maulſchelle,368,RHD-S1809-00150,Backenſtreich,305,false,none,false,not_assessed
RHD-ICONC-000965,tschotschonala,RHD-S1809-02448,Tſchotſchonála,Maulſchelle,368,RHD-S1809-00991,Ohrfeige,334,false,none,false,not_assessed
RHD-ICONC-000966,tschucu,RHD-S1809-02451,Tschucú,"Der Ort, wo sich ein zahmes Thier befindet, s",368,RHD-S1809-01191,Seyn,341,false,none,false,not_assessed
RHD-ICONC-000967,tschuta,RHD-S1809-02457,Tſchutá,Schleifen,368,RHD-S1809-01093,Schärfen,338,false,none,false,not_assessed
RHD-ICONC-000968,tschutschu,RHD-S1809-02459,Tſchutſchú,"Taback ſchmauchen, ſ",368,RHD-S1809-01128,Schrauben,339,false,none,false,not_assessed
RHD-ICONC-000969,tsele,RHD-S1809-02460,Tselé,Tag,368,RHD-S1809-01510,Wachtel,349,false,none,false,not_assessed
RHD-ICONC-000970,tsetijola,RHD-S1809-02469,Tſetijolá,Böſes thun,368,RHD-S1809-00287,Bös,310,false,none,false,not_assessed
RHD-ICONC-000971,tsetijola,RHD-S1809-02469,Tſetijolá,Böſes thun,368,RHD-S1809-01302,Sündigen,345,false,none,false,not_assessed
RHD-ICONC-000972,tsetijola,RHD-S1809-02469,Tſetijolá,Böſes thun,368,RHD-S1809-01356,Uebelthun,346,false,none,false,not_assessed
RHD-ICONC-000973,tsetijolajameke,RHD-S1809-02470,Tſetijolájameke,Uebelthäter,368,RHD-S1809-00862,Laſterhaft,328,false,none,false,not_assessed
RHD-ICONC-000974,tsetijolajameke,RHD-S1809-02470,Tſetijolájameke,Uebelthäter,368,RHD-S1809-01301,Sünder,345,false,none,false,not_assessed
RHD-ICONC-000975,uili,RHD-S1809-02482,Uilí,Stehen bleiben,368,RHD-S1809-01520,Warten,350,false,none,false,not_assessed
RHD-ICONC-000976,ule,RHD-S1809-02486,Ulé,Spielblatt,368,RHD-S1809-00169,Ball,306,false,none,false,not_assessed
RHD-ICONC-000977,ule,RHD-S1809-02486,Ulé,Spielblatt,368,RHD-S1809-01234,Spielplatz,343,false,none,false,not_assessed
RHD-ICONC-000978,ule,RHD-S1809-02486,Ulé,Spielblatt,368,RHD-S1809-01238,Spielplatz,343,false,none,false,not_assessed
RHD-ICONC-000979,upeameke,RHD-S1809-02490,Upéameke,"Ein Verheyratheter, Ehemann",368,RHD-S1809-00370,Ehelos,313,false,none,false,not_assessed
RHD-ICONC-000980,upeameke,RHD-S1809-02490,Upéameke,"Ein Verheyratheter, Ehemann",368,RHD-S1809-01374,Unbeweibt,347,false,none,false,not_assessed
RHD-ICONC-000981,upeameke,RHD-S1809-02490,Upéameke,"Ein Verheyratheter, Ehemann",368,RHD-S1809-01396,Unverehelicht,347,false,none,false,not_assessed
RHD-ICONC-000982,upeameke,RHD-S1809-02490,Upéameke,"Ein Verheyratheter, Ehemann",368,RHD-S1809-01436,Verheyrathet,347,false,none,false,not_assessed
RHD-ICONC-000983,upi,RHD-S1809-02491,Upi,Eheweib,368,RHD-S1809-00594,Gemahlinn,320,false,none,false,not_assessed
RHD-ICONC-000984,upi,RHD-S1809-02491,Upi,Eheweib,368,RHD-S1809-01534,Weib,350,false,none,false,not_assessed
RHD-ICONC-000985,vakina,RHD-S1809-01974,vakiná,"oder vakiná, Daher",360,RHD-S1809-00682,Her,324,false,none,false,not_assessed
RHD-ICONC-000986,vakina,RHD-S1809-01974,vakiná,"oder vakiná, Daher",360,RHD-S1809-00699,Herüber,324,false,none,false,not_assessed
RHD-ICONC-000987,vakitsi,RHD-S1809-02476,Vakítsi,"Es trocknet, dürrt aus",368,RHD-S1809-00342,Dörren,312,false,none,false,not_assessed
RHD-ICONC-000988,vakitsi,RHD-S1809-02476,Vakítsi,"Es trocknet, dürrt aus",368,RHD-S1809-01349,Trocknen,346,false,none,false,not_assessed
RHD-ICONC-000989,vuechcabe,RHD-S1809-02493,Vuechcabé,Mehr,368,RHD-S1809-01480,Viel,348,false,none,false,not_assessed
