source_ocr_line,direction,printed_page,pdf_page,text
438,DE-RAR,301,11,er A. 
439,DE-RAR,301,11,ber. Ali; oder art. 
440,DE-RAR,301,11,oder hari. Hier ſieht man 
441,DE-RAR,301,11,gleich die Buchſtabenver⸗ 
442,DE-RAR,301,11,"wechslung, wie ich in der "
443,DE-RAR,301,11,Vorrede erinnert habe. 
444,DE-RAR,301,11,"Denn guale, z. B. wer aber "
445,DE-RAR,301,11,"fündiget, beleidiget Gott, "
446,DE-RAR,301,11,"mapu guale tseti jola, Diosi "
447,DE-RAR,301,11,sjöruje.- - ao 
448,DE-RAR,301,11,"'bermal.‘ Bull ‚tschigoco, "
449,DE-RAR,301,11,"""huls:tchig6, sinépi putsé, "
450,DE-RAR,301,11,huli puts 
451,DE-RAR,301,11,"(bgehärtet: Peguameke, "
452,DE-RAR,301,11,lbgehen. Nehe simi. Abge⸗ 
453,DE-RAR,301,11,hend Simiemeke. Es gez 
454,DE-RAR,301,11,"het ab. RGco. Taitéki, "
455,DE-RAR,301,11,"ies, „ "
456,DE-RAR,301,11,lbgemattet. Lelsiameke. 
457,DE-RAR,301,11,ibhalten. Sul. . 
458,DE-RAR,301,11,"lbhauen. Sika, tepurd, te- "
459,DE-RAR,301,11,puld. Abgehauen. Siki⸗ 
460,DE-RAR,301,11,rügameke. Tepulirügameke. 
461,DE-RAR,301,11,Abhaͤufen. Tala. 175 
462,DE-RAR,301,11,"Ibmeſſen. Nensguä, "
463,DE-RAR,301,11,Abnehmen. Sehug um. 
464,DE-RAR,301,11,lbſchicken. Hula Abgeſchickt. 
465,DE-RAR,301,11,Hulirugam eke. 
466,DE-RAR,301,11,"Abſchneiden, f. abhauen. "
467,DE-RAR,301,11,bſcheu haben. Skitsiki. 
468,DE-RAR,301,11,"Abſenden, ſ. abſchicken. "
469,DE-RAR,301,11,"Abſtehen! Aregué, regus. "
470,DE-RAR,301,11,Abſteigen. Nehe tels simi. 
471,DE-RAR,301,11,Abwaͤrts. Telegona. 
472,DE-RAR,301,11,Abwaſchen bagota. Abge⸗ 
473,DE-RAR,301,11,waſchen. -Pagorügameke. 
474,DE-RAR,301,11,Abwaſchung. Pavoliki. So 
475,DE-RAR,301,11,heiſſen ſie auch die Taufe. 
478,DE-RAR,301,11,Abweg. Ta pdvireck. 
479,DE-RAR,301,11,Hali 
482,DE-RAR,301,11,Das boa iſt ein Huͤlfswort 
485,DE-RAR,301,11,"ſolcher Größe, daß fie ein "
488,DE-RAR,301,11,EE EEE EPÄZEL TE N 
489,DE-RAR,301,11,"2 ""TER * Nr ni Fu "
492,DE-RAR,301,11,"Abzahlen. Tara, a "
494,DE-RAR,301,11,Acht. Ollanagudco. Der achte. 
495,DE-RAR,302,12,Oſlanagudameke. Achtmal. 
496,DE-RAR,302,12,Offanaguella. Achtzigmal. 
497,DE-RAR,302,12,"+ Offanaguefla macock, "
499,DE-RAR,302,12,Acht haben. Gane kake. 
501,DE-RAR,302,12,Acker. Bafla. _ Gepfluͤgter 
502,DE-RAR,302,12,Acker. Baila mapu echtschi - 
505,DE-RAR,302,12,A N 8 
506,DE-RAR,302,12,‚Adern. Baflara. Es muß ge: 
507,DE-RAR,302,12,ackert werden. ‚Baflaraboa 
510,DE-RAR,302,12,"der leidenden Bedeutung, "
512,DE-RAR,302,12,wie das mela in der wir⸗ 
514,DE-RAR,302,12,kenden iſt. 5 
515,DE-RAR,302,12,Adler. Guagus. In jenem 
516,DE-RAR,302,12,Gebirge giebt es Adler von 
519,DE-RAR,302,12,Lamm in ihren Klauen da⸗ 
520,DE-RAR,302,12,"von tragen, wie ich ſelbſt "
521,DE-RAR,302,12,geſehen habe. 1 ; b. 
522,DE-RAR,302,12,Aernten. Sik 4. 
523,DE-RAR,302,12,Allein. Pinelipi. Ganz allein. 
525,DE-RAR,302,12,pilspitso. 4 
526,DE-RAR,302,12,"Alles. Juma oder joma, "
527,DE-RAR,302,12,"Allenthalben. Juma guetsi,' "
528,DE-RAR,302,12,Allerdings. klüne. Hutſine. 
529,DE-RAR,302,12,Allgegenwaͤrtig. Jumaguetsf 
531,DE-RAR,302,12,"gatlamgeke, "
534,DE-RAR,302,12,« 
537,DE-RAR,302,12,Hllmächtig. Jumäjumajameke. 
540,DE-RAR,302,12,"Allwiſſend. Jumamatsigameke, "
541,DE-RAR,302,12,Allzeit. Sinevi „oder sinivi. 
542,DE-RAR,302,12,"Aloe. ‚Meke, Es iſt eine der "
543,DE-RAR,302,12,"Alde ganz ahnliche, aber "
544,DE-RAR,302,12,"nicht ſo große Pflanze, "
545,DE-RAR,302,12,welche auf den hoͤchſten 
546,DE-RAR,302,12,"Seifen wächſt, und von den "
547,DE-RAR,302,12,Tarahumaren jährlich mit 
548,DE-RAR,302,12,vie⸗ 
551,DE-RAR,302,12,302 Deutſch Tarahumariſches 
554,DE-RAR,302,12,vieler Muͤhe und Lebensge⸗ 
555,DE-RAR,302,12,fahr in großer Menge ge⸗ 
556,DE-RAR,302,12,ſammelt wird. Man kann 
557,DE-RAR,302,12,dieſe Sammlung ihre Wein⸗ 
558,DE-RAR,302,12,leſe nennen. Dieſe Pflanzen 
559,DE-RAR,302,12,werden zum Genuſſe auf 
560,DE-RAR,302,12,folgende Art zubereitet. Es 
561,DE-RAR,302,12,wird eine tiefe Grube ge: 
564,DE-RAR,302,12,"macht, welche mit Gras aus⸗ "
567,DE-RAR,302,12,gefuͤttert wird. Darein 
568,DE-RAR,302,12,"werden die Pflanzen gelegt, "
569,DE-RAR,302,12,die man abermal mit duͤrren 
572,DE-RAR,302,12,"Graſe bedecket, dakuͤber "
575,DE-RAR,302,12,"kommen Steine, und uͤber "
576,DE-RAR,302,12,die Steine etwas Erde. 
577,DE-RAR,302,12,Man zuͤndet darauf ein hef⸗ 
578,DE-RAR,302,12,"tiges Feuer an, ſo daß "
579,DE-RAR,302,12,die vergrabenen Pflanzen 
580,DE-RAR,302,12,"ſchwitzen, duͤnſten, und "
581,DE-RAR,302,12,"den ſuͤßen Saft, oder Syrup, "
584,DE-RAR,302,12,"den ſie in ſich haben, halb "
587,DE-RAR,302,12,fluͤſſig machen. Wenn nun 
588,DE-RAR,302,12,"dieſes geſchehen, werden ſie "
589,DE-RAR,302,12,"herausgenommen, und in "
590,DE-RAR,302,12,große Kugeln zuſammen⸗ 
591,DE-RAR,302,12,"gepappt, wovon ſie lange "
592,DE-RAR,302,12,Zeit ihre Leckerbiſſen haben. 
595,DE-RAR,302,12,Es wird auch ein guter 
598,DE-RAR,302,12,"Roſoglio daraus gezogen, "
599,DE-RAR,302,12,welcher Mescali genannt 
600,DE-RAR,302,12,wird. e / 
601,DE-RAR,302,12,"Als, das Bindewort, f. Ja. "
602,DE-RAR,302,12,Das Vergleichungswort. 
603,DE-RAR,302,12,Mapuieri. b 
604,DE-RAR,302,12,Alsdann. Guitsoco 
607,DE-RAR,302,12,Alſo. Co oder 26 iſt bey den 
610,DE-RAR,302,12,Tarahumaren eine ange 
611,DE-RAR,302,12,haͤngte Sylbe am Ende des 
612,DE-RAR,302,12,"Worts, z. B. geh alſo, simi- "
613,DE-RAR,302,12,"936. Warte alſo ein wenig, "
614,DE-RAR,302,12,"pugue rachpeco, item cofli. "
615,DE-RAR,302,12,"Alſohald, alſogleich. Hipeco "
616,DE-RAR,302,12,Hipela. 1 
617,DE-RAR,302,12,"Alt. Ein alter Mann, Asche. "
620,DE-RAR,302,12,"rameke. Ein altes. Weib, "
623,DE-RAR,302,12,Guelameke: 
626,DE-RAR,302,12,"Vor Alters. Cosée Kiaca, "
627,DE-RAR,302,12,Ameiſe. Motfäca.. - 
628,DE-RAR,302,12,"Anbinden, f. binden. "
631,DE-RAR,302,12,4 
634,DE-RAR,302,12,"Anderer. Huli. Senü, senüla. "
637,DE-RAR,303,13,Anderſt. Segul. 
638,DE-RAR,303,13,Andeuten. Nagueſſa. 
641,DE-RAR,303,13,Anfaſſen. Tschapi. 4 
644,DE-RAR,303,13,Anfechten. Satuje. 
647,DE-RAR,303,13,"Anfechter. Satiämeke, "
648,DE-RAR,303,13,Anfüllen. Potschi. Es iſt ange⸗ 
649,DE-RAR,303,13,"füllt. Potschirne, RINGE "
650,DE-RAR,303,13,Angeſicht. Rereguala. 
651,DE-RAR,303,13,Anhaͤufen. Napabü. Ange⸗ 
652,DE-RAR,303,13,haͤuft. Napavitschi. 
653,DE-RAR,303,13,Anhoͤhe. Reguiguiki. 
654,DE-RAR,303,13,"Ankuͤndigen. Nagueflä, "
655,DE-RAR,303,13,Annehmen. Guikl. a 
658,DE-RAR,303,13,* 
661,DE-RAR,303,13,"Anſchauen, anſehen. Nene. "
664,DE-RAR,303,13,"Retegua, Ha "
665,DE-RAR,303,13,Anſtreichen. Sauguera. 
666,DE-RAR,303,13,Antworten. Nehajamera. 
667,DE-RAR,303,13,"Anziehen, f. ziehen. "
670,DE-RAR,303,13,Anzuͤnden. Neige. Es iſt 
671,DE-RAR,303,13,"angezuͤndet. Nair ue, "
674,DE-RAR,303,13,"Apatſchee, ein Volksname. "
675,DE-RAR,303,13,Apateche. Sie find eine 
678,DE-RAR,303,13,"heidniſche, freye, diebiſche, "
681,DE-RAR,303,13,"und barbariſche Nazion, "
684,DE-RAR,303,13,welche um ganz Neu⸗Bis⸗ 
685,DE-RAR,303,13,"ktaya, und auch an Tarahu⸗ "
688,DE-RAR,303,13,* 
691,DE-RAR,303,13,mara graͤnzet. Es iſt nicht 
694,DE-RAR,303,13,"zu beſchreiben, was dieſe "
697,DE-RAR,303,13,Barbaren mit ihren unaus⸗ 
700,DE-RAR,303,13,geſetzten Streifereyen in 
701,DE-RAR,303,13,dieſem ganzen Reiche fuͤr 
702,DE-RAR,303,13,Verwuͤſtungen und Schaden 
703,DE-RAR,303,13,"angerichtet, und welche "
704,DE-RAR,303,13,Mordthaten fie verbreitet 
705,DE-RAR,303,13,haben. Sie haben eine 
708,DE-RAR,303,13,"ungeheure Menge Viehes, "
709,DE-RAR,303,13,"Pferde, Eſel, und Maul⸗ "
710,DE-RAR,303,13,"thiere davongetrieben, und "
711,DE-RAR,303,13,damit ich von ihren Raͤu⸗ 
712,DE-RAR,303,13,bereyen nur einen kurzen 
713,DE-RAR,303,13,"Entwurf mache, ſo haben "
714,DE-RAR,303,13,ſie innerhalb ſechs Jahren 
717,DE-RAR,303,13,nur 
720,DE-RAR,303,13,Mörtel 303 
723,DE-RAR,303,13,nur von einem einzigen Be⸗ 
724,DE-RAR,303,13,"ftand bis 40,000 Stuͤcke ge⸗ "
727,DE-RAR,303,13,ſtohlen. Man war nirgends 
730,DE-RAR,303,13,"ſicher, daß man ihnen nicht "
731,DE-RAR,303,13,"iv die Haͤnde fiel, und er: "
734,DE-RAR,303,13,mordet wurde. Immer war 
737,DE-RAR,303,13,"es ſchrecklich zu hoͤren, wie "
738,DE-RAR,303,13,viel ſie da und dort umge⸗ 
741,DE-RAR,303,13,bracht haben. Sie ziehen 
744,DE-RAR,303,13,den Getoͤdteten die Haare 
745,DE-RAR,303,13,"ſammt der Haut ab, und "
746,DE-RAR,303,13,"nehmen ſie mit, damit, wenn "
747,DE-RAR,303,13,ſie mit ihrer Beute zu den 
749,DE-RAR,303,13,"hrigen zurukkommen, fie "
750,DE-RAR,303,13,ich damit als Zeichen ihrer 
751,DE-RAR,303,13,grauſamen Tapferkeit pra⸗ 
752,DE-RAR,303,13,"len, und ſoſche bey ihren "
753,DE-RAR,303,13,feſtlichen Taͤnzen gleichſam 
754,DE-RAR,303,13,im Triumphe vorzeigen koͤn⸗ 
757,DE-RAR,303,13,nen. Sie giengen ſonſt nur 
760,DE-RAR,303,13,bey Nacht auf Räubereyen 
763,DE-RAR,303,13,"aus, zuletzt aber ſielen ſie "
764,DE-RAR,303,13,auch bey hellem Tage in die 
767,DE-RAR,303,13,"RNeductionen ein, un "
768,DE-RAR,303,13,"fuͤhrten alles fort, wobey "
771,DE-RAR,303,13,es auch an Mordthaten nicht 
774,DE-RAR,303,13,mangelte. Es iſt unglaub⸗ 
775,DE-RAR,303,13,"lich, uͤber was fuͤr ein un⸗ "
776,DE-RAR,303,13,erſteigliches Gebirg ſie das 
777,DE-RAR,303,13,gekaubte Vieh fortgetrieben 
778,DE-RAR,303,13,"haben. Wenn ein Thier, "
779,DE-RAR,303,13,"muͤde ward, oder ausrelſſen "
780,DE-RAR,303,13,"wollte, machten ſie es nie⸗ "
781,DE-RAR,303,13,"der, ſo daß man den Trieb, "
782,DE-RAR,303,13,ohne erſt auf die Spur Acht 
783,DE-RAR,303,13,"zu haben, aus dem Luder "
784,DE-RAR,303,13,"erkennen, und den Weg "
785,DE-RAR,303,13,"den ſie genommen hatten, "
786,DE-RAR,303,13,wahrnehmen konnte. Ih⸗ 
789,DE-RAR,303,13,re Einfälle und Laue⸗ 
792,DE-RAR,303,13,rungen verbreiteten allent⸗ 
793,DE-RAR,303,13,halben Furcht und Schrek⸗ 
794,DE-RAR,303,13,fen. Wer ſich auf die Reife 
795,DE-RAR,303,13,"begab, konnte ſich einbilden, "
796,DE-RAR,303,13,daß er ſeine Behauſung nicht 
797,DE-RAR,303,13,mehe ſehen werde. Daher 
800,DE-RAR,303,13,"reiſete niemand, ohne mit "
801,DE-RAR,303,13,einem guten P 
802,DE-RAR,303,13,mit allerhand Waffen ver⸗ 
803,DE-RAR,303,13,ſehen zu ſeyn. Ein Reifen: 
806,DE-RAR,303,13,der hatte gemeiniglich vier 
809,DE-RAR,303,13,"Piſtolen, uͤber dem Sattel⸗ "
810,DE-RAR,303,13,"knopf eine Flinte, in der "
813,DE-RAR,304,14,"Hand einen langen Spieß, "
816,DE-RAR,304,14,an der Seite einen ſpani⸗ 
817,DE-RAR,304,14,"ſchen Saͤbel, nebſt einem "
818,DE-RAR,304,14,von groben Leder zweifach 
821,DE-RAR,304,14,"uͤberlegten Schild, um ſich "
824,DE-RAR,304,14,ſammt ſeinem Pferde wider 
825,DE-RAR,304,14,die Pfeile ſchuͤtzen zu koͤnnen. 
826,DE-RAR,304,14,"Unſere Tarahumaren, ob fie "
829,DE-RAR,304,14,gleich auch kriegeriſche Leute 
832,DE-RAR,304,14,"ſind, konnten ihnen doch "
833,DE-RAR,304,14,nicht gewachſen ſeyn. Oft 
834,DE-RAR,304,14,ſind ſie von ihnen mit vie⸗ 
835,DE-RAR,304,14,lem Verluſte in die Flucht 
838,DE-RAR,304,14,geſchlagen worden. Daher 
841,DE-RAR,304,14,ſie von der Furcht ſo Wr 
842,DE-RAR,304,14,"eingenommen find, daß, "
843,DE-RAR,304,14,wenn ſich nur ein einziger 
846,DE-RAR,304,14,Apatſche an der Hoͤhe des 
849,DE-RAR,304,14,Gebirges bei einer Reduk⸗ 
850,DE-RAR,304,14,"zion ſehen ließ, das ganze "
853,DE-RAR,304,14,Dorf in eine fuͤrchterliche 
856,DE-RAR,304,14,Unruhe verſetzt wurde wie 
859,DE-RAR,304,14,ich es ſelbſt erfahren habe. 
862,DE-RAR,304,14,"Es iſt zu beklagen, daß nicht "
863,DE-RAR,304,14,durch naͤchdruͤckliche Veran⸗ 
866,DE-RAR,304,14,ſtaltungen von hoͤheren 
869,DE-RAR,304,14,Orten dieſen Wuͤtrichen und 
872,DE-RAR,304,14,Landesverheerern engere 
873,DE-RAR,304,14,Graͤnzen ſind geſetzet wor⸗ 
876,DE-RAR,304,14,"den, da doch alle ihre Aus⸗ "
877,DE-RAR,304,14,"fälle, beſonders in dem ta⸗ "
878,DE-RAR,304,14,rahumariſchen hohen Ge⸗ 
879,DE-RAR,304,14,"birge, wohin ſie von ihren "
882,DE-RAR,304,14,Heimaten nur drey Paͤſſe 
885,DE-RAR,304,14,"oder Zugänge haben, durch "
888,DE-RAR,304,14,eine Beſatzung mit etlichen 
891,DE-RAR,304,14,dreiſig Soldaten haͤtten 
892,DE-RAR,304,14,koͤnnen gehemmt werden⸗ 
895,DE-RAR,304,14,Arbeit. 
898,DE-RAR,304,14,"ferde, und "
901,DE-RAR,304,14,304 
904,DE-RAR,304,14,"Arbeit. Tnoitsanali, oder noit- "
905,DE-RAR,304,14,fanali. Ä 1 
906,DE-RAR,304,14,"Arbeiten. Inoitsd, oder noit- "
907,DE-RAR,304,14,Sd. 
909,DE-RAR,304,14,2 arbeiten. Inoitsamela. 
910,DE-RAR,304,14,"Arm, duͤrftig. Telsiguati. "
911,DE-RAR,304,14,"Armbruſt, Ataca, haraca. Die⸗ "
912,DE-RAR,304,14,ſer Bogen beſtehet aus ei⸗ 
913,DE-RAR,304,14,"nem vom harten Holze, zu⸗ "
914,DE-RAR,304,14,"vor wohl gebaitzten, zuge⸗ "
915,DE-RAR,304,14,"ſchnittenen, an beiden En⸗ "
918,DE-RAR,304,14,"den geſpitzten, und durch⸗ "
921,DE-RAR,304,14,aus mit Nerven umwickelten 
922,DE-RAR,304,14,"Aſte, damit er eine rechte "
923,DE-RAR,304,14,"Schnellkraft habe, und nicht "
924,DE-RAR,304,14,ſo leicht zerbreche. Die Ta⸗ 
925,DE-RAR,304,14,rahumaren gebrauchen ſich 
926,DE-RAR,304,14,"groͤſſer r Bögen, und auch "
927,DE-RAR,304,14,"groͤſſerer Pfeile, als andere "
930,DE-RAR,304,14,„Nazionen. Beide find in 
933,DE-RAR,304,14,der Hand eines Indianers 
934,DE-RAR,304,14,ſehr fuͤrchterliche und ger 
935,DE-RAR,304,14,faͤhrliche Waffen. Ich will 
936,DE-RAR,304,14,ſie dem Feuergeſchuͤtze da⸗ 
937,DE-RAR,304,14,"rum vorziehen, well der "
938,DE-RAR,304,14,"Indianer, eher als ein "
939,DE-RAR,304,14,Feuergewehr nochmals ge: 
940,DE-RAR,304,14,"laden wird, bis dreiſig "
941,DE-RAR,304,14,Pfeile abdruͤcket. Mit den 
942,DE-RAR,304,14,erſten drey Schuͤſſen wird 
943,DE-RAR,304,14,"ein Bret durchgebohrt, und "
944,DE-RAR,304,14,in dem Fluge iſt von dem 
947,DE-RAR,304,14,"Pfeile eben ſo wenig, als "
948,DE-RAR,304,14,von einer Kugel zu ſehen. 
951,DE-RAR,304,14,Weil aber durch die gewal⸗ 
952,DE-RAR,304,14,tige Spannung die Seite 
953,DE-RAR,304,14,"doch ausgedehnt wird, ſo "
954,DE-RAR,304,14,laſſen ſich die hinten an dem 
955,DE-RAR,304,14,"Pfeile angebrachten, "
956,DE-RAR,304,14,"geſtutzten drey Federchen, "
957,DE-RAR,304,14,wie ein kleines Raͤdlein in 
958,DE-RAR,304,14,der Luft bemerken. In die⸗ 
959,DE-RAR,304,14,ſer Schießkunſt find alle In⸗ 
960,DE-RAR,304,14,"dianer trefflich geuͤbt, da⸗ "
961,DE-RAR,304,14,her ſie einen Pfeil nicht ſo 
962,DE-RAR,304,14,leicht verwerfen. Sie wi: 
965,DE-RAR,304,14,Man ſoll oder muß 
968,DE-RAR,304,14,Aufladen. 
971,DE-RAR,304,14,und 
974,DE-RAR,304,14,Deutſch Tarahumariſches 
977,DE-RAR,305,15,"‚fen auch, ihm beym Ab: "
978,DE-RAR,305,15,druͤcken eine fo unverfehene 
979,DE-RAR,305,15,und ſchnelle Richtung zu 
980,DE-RAR,305,15,"geben, daß ſie nicht den, "
981,DE-RAR,305,15,"auf welchen ſie zielen, ſon⸗ "
982,DE-RAR,305,15,"dern einen andern, den ſie "
985,DE-RAR,305,15,wollen treffen. Der Ta⸗ 
986,DE-RAR,305,15,rahumare geht allezeit mit 
987,DE-RAR,305,15,"ſeinem Bogen auf dem Arm, "
988,DE-RAR,305,15,mit- ſeinem Koͤcher auf dem 
989,DE-RAR,305,15,"‚Rüden, und mit zween "
990,DE-RAR,305,15,"Pfeilen in der- Hand, damit "
991,DE-RAR,305,15,er jederzeit fertig ſey. 
992,DE-RAR,305,15,Arsch. Mujdes. 2 
993,DE-RAR,305,15,Arzney. Ogusameke. 
994,DE-RAR,305,15,Aſche. Nacbpisdco. 
995,DE-RAR,305,15,Auch. Puse Kae 
996,DE-RAR,305,15,Auf. Tschic. Wird allzeit 
997,DE-RAR,305,15,"nachgeſetzt, und dem Worte "
998,DE-RAR,305,15,"angehaͤngt, z. B. auf der "
999,DE-RAR,305,15,"Hand, ccatſchie. . "
1000,DE-RAR,305,15,"Aufbehalten, bewahren. Nelss. "
1001,DE-RAR,305,15,Aufbinden. Borane. Aufge⸗ 
1002,DE-RAR,305,15,"bunden. Botaneameke, "
1003,DE-RAR,305,15,"Aufhoͤren. Aregué, regue, "
1004,DE-RAR,305,15,"1. Bald, Was bela⸗ "
1005,DE-RAR,305,15,"den iſt worden, Balaliruc. "
1006,DE-RAR,305,15,Das ruc iſt ein Huͤlfswort 
1007,DE-RAR,305,15,"der leidenden Bedeutung, "
1008,DE-RAR,305,15,wie das ruje der wirkenden 
1009,DE-RAR,305,15,"iſt. Es deutet an, daß die⸗ "
1010,DE-RAR,305,15,"ſes gemacht worden, was "
1011,DE-RAR,305,15,"das Zeitwort ausdruͤcket, "
1012,DE-RAR,305,15,wie in der Vorrede geſagt 
1015,DE-RAR,305,15,wurde. 
1016,DE-RAR,305,15,"Aufloͤſen, ſ. Aufbinden. "
1019,DE-RAR,305,15,"Aufmachen, d. i. Öffnen. Epüa⸗ "
1022,DE-RAR,305,15,D * 
1025,DE-RAR,305,15,"je, epuje. "
1028,DE-RAR,305,15,Aufmerken. Gane kake. 
1031,DE-RAR,305,15,"Aufſchlieſſen, aufſperren, ſ. "
1032,DE-RAR,305,15,aufmachen. a 
1033,DE-RAR,305,15,"Aufſpielen, Muſikmachen. Tas. "
1034,DE-RAR,305,15,"Man ſoll aufſpielen, man "
1035,DE-RAR,305,15,"fol Muſik machen, tapon. "
1036,DE-RAR,305,15,vom Tode. Hafla- . 
1039,DE-RAR,305,15,Auf⸗ ' 
1042,DE-RAR,305,15,"Aufſtehen, "
1045,DE-RAR,305,15,guad. 
1048,DE-RAR,305,15,| Woͤrterbuch. 305 
1051,DE-RAR,305,15,22 2 
1052,DE-RAR,305,15,lufſteigen. Tepäsne ſimi. 
1053,DE-RAR,305,15,"len Bulsa, pula. Ber: "
1054,DE-RAR,305,15,ſtehe: vom Schlafe. 
1055,DE-RAR,305,15,"luge. Pusiki, mit Augen, "
1056,DE-RAR,305,15,Pusiraſe. a: 
1057,DE-RAR,305,15,lugenblick. Dieſen Augen: 
1058,DE-RAR,305,15,"blick, Hipela. "
1059,DE-RAR,305,15,lus. Dieſes Vorwort man⸗ 
1062,DE-RAR,305,15,"gelt. Es iſt aus, cajẽnapa. "
1065,DE-RAR,305,15,N pere. 
1066,DE-RAR,305,15,usfuͤllen. Putlcha. 
1069,DE-RAR,305,15,lusgehen. Matfchine ſimi. 
1072,DE-RAR,305,15,lusgetrunken. Sie zeigen 
1075,DE-RAR,305,15,"das Geſchirr, und fagen: "
1076,DE-RAR,305,15,Suguiepa. 
1077,DE-RAR,305,15,"lusgießen. Comigua, "
1078,DE-RAR,305,15,lushöͤhlen. Roco. 
1079,DE-RAR,305,15,"lusjaten. Nachpigua, "
1080,DE-RAR,305,15,luskehren. Petsiki. Man 
1081,DE-RAR,305,15,"ſoll auskehren, petsimela, "
1083,DE-RAR,305,15,| 
1086,DE-RAR,305,15,Sid: 118 Hdco. ’ > 
1087,DE-RAR,305,15,usloͤſchen. Tfchougua. Na- 
1088,DE-RAR,305,15,homa. Soigua. ’ 
1091,DE-RAR,305,15,"lusmachen, vollenden. Cojena, "
1094,DE-RAR,305,15,lusmeſſen. Nanagua. 
1095,DE-RAR,305,15,"lusrotten. Nachpigua, "
1096,DE-RAR,305,15,"lüsſaz, Tiebs. - "
1097,DE-RAR,305,15,lusſchuͤtten. Comigua. 
1098,DE-RAR,305,15,lusſpeyen. Acatsi. 
1099,DE-RAR,305,15,lusſpruch. Neogala. 
1100,DE-RAR,305,15,lusſpuͤrzen. Acatsı A 
1101,DE-RAR,305,15,"luſſen, auswärts. Matichi. "
1102,DE-RAR,305,15,"lusſtreichen. Nahoma, "
1103,DE-RAR,305,15,7 8 B. } 
1106,DE-RAR,305,15,ach. kanu 
1109,DE-RAR,305,15,Backenſtreich. Tlehotſchonala. 
1112,DE-RAR,305,15,"Bad, Warmbad. Vaflürfchi, "
1113,DE-RAR,305,15,Baden. Uvanale. a und 
1114,DE-RAR,305,15,Schwimmen koͤnnen die Tas 
1117,DE-RAR,305,15,rahumaren gar wohl. Sie 
1118,DE-RAR,305,15,"koͤnnen ſich, gleich den Bu⸗ "
1119,DE-RAR,305,15,ſos der Marinaͤren unter 
1120,DE-RAR,305,15,"das Waſſer tauchen, und "
1122,DE-RAR,305,15,lange Zeit in der Tiefe aus⸗ 
1125,DE-RAR,305,15,"1 fengehelt, denn fonft wäre "
1128,DE-RAR,305,15,halten. 36 habe die Probe 
1131,DE-RAR,305,15,von ihrer Schwimmkunſt 
1132,DE-RAR,305,15,"geſehen, da ſie mich einer "
1133,DE-RAR,305,15,dringenden Urſache wegen 
1134,DE-RAR,305,15,uͤber einen ſehr angeſchwol⸗ 
1135,DE-RAR,305,15,"lenen Fluß, nur in einen "
1136,DE-RAR,305,15,durchloͤcherten und mit 
1137,DE-RAR,305,15,Kothwaſſer verſtopften hoh⸗ 
1140,DE-RAR,306,16,len Baume gebracht heben. 
1143,DE-RAR,306,16,Dreye faßten das Ende des 
1144,DE-RAR,306,16,"Strickes und ſchwammen, "
1145,DE-RAR,306,16,der Strick aber wurde von 
1146,DE-RAR,306,16,"den Strome hingeriſſen, "
1147,DE-RAR,306,16,"und machte einen Zirkel, der "
1148,DE-RAR,306,16,"ihnen an die Fuͤſſe kam, "
1151,DE-RAR,306,16,u. ſie gewaltig zuruͤcktrieb. 
1154,DE-RAR,306,16,Sie wurden ruͤckwaͤrts in 
1155,DE-RAR,306,16,"das Waſſer geriſſen, fo daß "
1158,DE-RAR,306,16,eine Zeit von ihnen nichts 
1161,DE-RAR,306,16,zu ſehen war. Allein ſie 
1162,DE-RAR,306,16,"kamen bald in die Hoͤhe, "
1163,DE-RAR,306,16,und traten gluͤcklich an das 
1164,DE-RAR,306,16,"Ufer. — Iſt ein Fluß, wie "
1165,DE-RAR,306,16,es ſich in jenem Gebirge oft 
1166,DE-RAR,306,16,"ereignet, zu ſehr einge⸗ "
1169,DE-RAR,306,16,"ſchraͤnkt, und durch große "
1172,DE-RAR,306,16,"Platzregen zu reiſſend, ſo daß "
1173,DE-RAR,306,16,"man ſich nicht getrauet, mit "
1174,DE-RAR,306,16,"dem Pferde über zu ſetzen, "
1175,DE-RAR,306,16,ſo wird man von ihnen alſo 
1176,DE-RAR,306,16,"hinüͤbergebracht, wie ich es "
1177,DE-RAR,306,16,auch erfahren habe. Man 
1180,DE-RAR,306,16,ſetzt ſich einem auf den Na⸗ 
1183,DE-RAR,306,16,"cken, ergreift ihn beym "
1184,DE-RAR,306,16,"Schopfe, und haͤlt ſich feſt, "
1185,DE-RAR,306,16,da er zugleich mit beyden 
1186,DE-RAR,306,16,Haͤnden die 
1187,DE-RAR,306,16,Sitzenden zuſammenfaſſet. 
1188,DE-RAR,306,16,Auf beiden Seiten ſtellen ſich 
1191,DE-RAR,306,16,zween mit einer dicken Stan⸗ 
1192,DE-RAR,306,16,"ge in das Waſſer, und er⸗ "
1195,DE-RAR,306,16,greifen den Traͤger unter 
1196,DE-RAR,306,16,ſeinen Armen. Bey jedem 
1197,DE-RAR,306,16,Schritte wird erſt die Stan⸗ 
1199,DE-RAR,306,16,e vorwaͤrts in dem Waſſer 
1202,DE-RAR,306,16,es 
1205,DE-RAR,306,16,Fuͤſſe des 
1208,DE-RAR,306,16,j) 
1209,DE-RAR,306,16,| 
1210,DE-RAR,306,16,| 
1211,DE-RAR,306,16,| 
1212,DE-RAR,306,16,| 
1214,DE-RAR,306,16,1 
1216,DE-RAR,306,16,Il 
1219,DE-RAR,306,16,\\ 
1222,DE-RAR,306,16,\ 
1225,DE-RAR,306,16,AR] 
1228,DE-RAR,306,16,U 
1231,DE-RAR,306,16,306 
1234,DE-RAR,306,16,. esfnicht moͤglich ſich in dem 
1235,DE-RAR,306,16,Strome auf einem Fuße zu 
1238,DE-RAR,306,16,"erhalten, noch den gehobe⸗ "
1239,DE-RAR,306,16,nen Fuß auf den Grund zu 
1242,DE-RAR,306,16,"bringen, und alſo, obgleich "
1243,DE-RAR,306,16,das Waſſer oft bis an den 
1244,DE-RAR,306,16,Hals 1 koͤmmt man 
1245,DE-RAR,306,16,doch gluͤcklich durch. Die 
1246,DE-RAR,306,16,Halb-Spanier haben noch 
1247,DE-RAR,306,16,eine andere Art uͤber Fluͤße 
1248,DE-RAR,306,16,"zu ſetzen, wo man mit dem "
1249,DE-RAR,306,16,"Pferde nicht uͤberſetzen kann, "
1250,DE-RAR,306,16,wenn das Pferd durch die 
1251,DE-RAR,306,16,Laſt des Reuters im Schwim⸗ 
1252,DE-RAR,306,16,men zu ſchwach wuͤrde. Sie 
1253,DE-RAR,306,16,winden ſich den Pferdſchweif 
1254,DE-RAR,306,16,"recht wohl um die Hand, "
1255,DE-RAR,306,16,treiben das Pferd in den 
1256,DE-RAR,306,16,"Fluß, und laſſen ſich alſo "
1257,DE-RAR,306,16,"hinuͤbe ſchleppen, da fie zu⸗ "
1258,DE-RAR,306,16,gleich mit der linken Hand 
1259,DE-RAR,306,16,0 Es muß freilich 
1260,DE-RAR,306,16,ein ſolches Pferd dazu ge: 
1261,DE-RAR,306,16,"brauchte werden, welches "
1262,DE-RAR,306,16,"das Durchwaten der Fluͤſſe, "
1263,DE-RAR,306,16,und Schwimmen gewohnt 
1264,DE-RAR,306,16,iſt; das ſind aber die meiſten 
1265,DE-RAR,306,16,"dortigen Pferde, theils weil "
1266,DE-RAR,306,16,"ſie als Wildfange erzogen, "
1267,DE-RAR,306,16,und jerjt ſim dritten Jahre 
1268,DE-RAR,306,16,eingefangen und gezaͤhmt 
1269,DE-RAR,306,16,"werden, theils weil es in "
1270,DE-RAR,306,16,Amerika keine Bruͤcken 
1271,DE-RAR,306,16,giebt % 
1272,DE-RAR,306,16,Backſtube. Temafeali. Es iſt 
1273,DE-RAR,306,16,"ein mexikaniſches Wort, und "
1274,DE-RAR,306,16,bedeutet einen runden Back⸗ 
1277,DE-RAR,306,16,"ofen, den ſchier jeder mexi⸗ "
1278,DE-RAR,306,16,kaniſcher Indianer vor ſei⸗ 
1279,DE-RAR,306,16,ner Wohnung von Kothzie⸗ 
1280,DE-RAR,306,16,1 geln erbauet hat. Wenn ſie 
1283,DE-RAR,306,16,"ſich unpaͤßlich befinden, Fries "
1284,DE-RAR,306,16,chen ſie in dieſen zuvor aus⸗ 
1285,DE-RAR,306,16,geheizten Ofen nackend hin⸗ 
1286,DE-RAR,306,16,"ein, jo warm als fie ihn "
1287,DE-RAR,306,16,"erleiden konnen, und brechen "
1290,DE-RAR,306,16,Deutfch: Tarahumariſches 
1293,DE-RAR,306,16,ſodann in einen haͤufigen 
1294,DE-RAR,306,16,Schweiß aus. Damit aber 
1295,DE-RAR,307,17,die Kur noch beſſere Wir⸗ 
1296,DE-RAR,307,17,"kung mache, ſo wird der "
1297,DE-RAR,307,17,Patient zugleich von auſſen 
1298,DE-RAR,307,17,mit einem Beſen uͤber den 
1299,DE-RAR,307,17,"Rücken geſtrichen, oder frot⸗ "
1300,DE-RAR,307,17,"tirt, welcher Beſen, weil "
1301,DE-RAR,307,17,er dort von rauchen Palm⸗ 
1302,DE-RAR,307,17,"zweigen gebunden iſt, nicht "
1303,DE-RAR,307,17,wenig kratzet. Es haben ſich 
1304,DE-RAR,307,17,einige in der Gliederlaͤh⸗ 
1305,DE-RAR,307,17,"mung dieſer Kur bediene, "
1306,DE-RAR,307,17,"und hernach geſtanden, daß "
1307,DE-RAR,307,17,das Frottiren eine graͤuliche 
1308,DE-RAR,307,17,Marter ware... vi 
1309,DE-RAR,307,17,Bahnen. Gebahnter Weg. 
1310,DE-RAR,307,17,"> Povirue, 5 "
1311,DE-RAR,307,17,"Bald. Ulia. Hipela, "
1312,DE-RAR,307,17,Balg. Guitſchia. 
1313,DE-RAR,307,17,"Balgen, ſich, Nahirape. Na. "
1314,DE-RAR,307,17,koa a As 7 
1315,DE-RAR,307,17,Balke. Khutegaca. | 
1316,DE-RAR,307,17,"Ball. Ulé, ſ. Spielplatz. "
1317,DE-RAR,307,17,"Band. Maſsibula , "
1318,DE-RAR,307,17,"Bändigen. . Neniruje, Ge⸗ "
1319,DE-RAR,307,17,"baͤndiget. Neniameke, "
1320,DE-RAR,307,17,Bank. Jaflalas * nen... 
1321,DE-RAR,307,17,Bär. Vohl Die Bärenjagd 
1322,DE-RAR,307,17,"wird zu Pferd, und bey hel⸗ "
1323,DE-RAR,307,17,"dem Mondſcheine angeſtellt, "
1324,DE-RAR,307,17,wenn ſie auf die tuͤrkiſchen 
1325,DE-RAR,307,17,Waizenfelder ge Raube 
1326,DE-RAR,307,17,kommen. Wenn ſie Reiß⸗ 
1327,DE-RAR,307,17,"aus nehmen, ſo werden ſie "
1328,DE-RAR,307,17,gar leicht entweder ge⸗ 
1329,DE-RAR,307,17,"ſpieſſet, oder mit einer "
1330,DE-RAR,307,17,Schlinge gefangen. Aber 
1331,DE-RAR,307,17,"gefährlicher iſt es, wenn ſie "
1332,DE-RAR,307,17,"ich entgegenſtellen, denn ſie "
1333,DE-RAR,307,17,machen einen ploͤtzlichen An⸗ 
1334,DE-RAR,307,17,"lauf, ertappen ein Pferd, "
1335,DE-RAR,307,17,und halten es bey bem 
1336,DE-RAR,307,17,"Schweife ſo feſt, daß es nicht "
1337,DE-RAR,307,17,fortſchreiten kann. Da aber 
1338,DE-RAR,307,17,mehr Leute zu Huͤlfe kom⸗ 
1339,DE-RAR,307,17,"men, "
1342,DE-RAR,307,17,1 
1343,DE-RAR,307,17,0 
1346,DE-RAR,307,17,Woͤrterbuch. Se 
1349,DE-RAR,307,17,"men, werden ſie doch erle⸗ "
1352,DE-RAR,307,17,"get. Ein verwundeter Baͤr, "
1355,DE-RAR,307,17,"welcher entkoͤmmt, macht "
1356,DE-RAR,307,17,ein erbaͤrmliches Geſchrey. 
1357,DE-RAR,307,17,Er ſoll ſich wie ein Menſch 
1358,DE-RAR,307,17,mit immerwaͤhrenden Ay! 
1359,DE-RAR,307,17,Ay! beklagen. 
1361,DE-RAR,307,17,Bart. Eilchaguala. 
1363,DE-RAR,307,17,Baͤrtig. Etfchagudameke. 
1364,DE-RAR,307,17,Weil den Tarahumaren kein 
1366,DE-RAR,307,17,"Bart waͤchſt, fo werden bey "
1369,DE-RAR,307,17,ihnen die Europäer unter 
1372,DE-RAR,307,17,"dieſem Namen verftanden, "
1373,DE-RAR,307,17,"beſonders die Spanier, denn "
1374,DE-RAR,307,17,von andern Nazionen giebt 
1375,DE-RAR,307,17,"es dorten ſehr wenig, indem "
1376,DE-RAR,307,17,kein Auslaͤnder ohne hohe 
1379,DE-RAR,307,17,Erlaubniß in das ſpaniſche 
1382,DE-RAR,307,17,Amerika kommen darf. Die⸗ 
1383,DE-RAR,307,17,ſer Name unterſcheidet alſo 
1384,DE-RAR,307,17,"die natuͤrlichen Amerikaner, "
1387,DE-RAR,307,17,oder Indianer von den 
1390,DE-RAR,307,17,Spaniern. Selbſt die Spa⸗ 
1391,DE-RAR,307,17,nier gebrauchen ſich zweyer⸗ 
1392,DE-RAR,307,17,"ley Namen, durch welche "
1395,DE-RAR,307,17,"die, welche aus Spanien "
1398,DE-RAR,307,17,"ankommen, und jene, die "
1400,DE-RAR,307,17,in Amerika von ſpaniſchen 
1401,DE-RAR,307,17,"Eltern abſtammen, erkannt "
1402,DE-RAR,307,17,werden. Die erſteren wer: 
1403,DE-RAR,307,17,"den Catſchupines, die letztern "
1404,DE-RAR,307,17,aber Griollos genannt. 
1407,DE-RAR,307,17,Bauch. Rhopala. 2 
1408,DE-RAR,307,17,Bauchgrimmen haben. Sie 
1409,DE-RAR,307,17,fagen: rapatichi ne cocola. 
1410,DE-RAR,307,17,"Bauen, Caliruje. Die Tara⸗ "
1411,DE-RAR,307,17,humaren bauen ihre Huͤtten 
1412,DE-RAR,307,17,gemeiniglich ſo: Sie ſchla⸗ 
1413,DE-RAR,307,17,| gen in die Erde vler gega⸗ 
1414,DE-RAR,307,17,"delte Stoͤcke, worüber zwo "
1417,DE-RAR,307,17,Stangen geleg 
1418,DE-RAR,307,17,Zwiſchen dieſen ſtellen ſie 
1419,DE-RAR,307,17,"zwo andere dergleichen, vor⸗ "
1420,DE-RAR,307,17,"an und hinten, die aber et⸗ "
1423,DE-RAR,308,18,"was höher. find, 11 "
1424,DE-RAR,308,18,"el, a a 2 "
1427,DE-RAR,308,18,eleget werden. 
1430,DE-RAR,308,18,eine dicke Latte gelegt wird. 
1431,DE-RAR,308,18,Dann werden mehrere auf 
1432,DE-RAR,308,18,die Queerſtangen abwaͤrts 
1433,DE-RAR,308,18,"gelegt, und oben und unten "
1434,DE-RAR,308,18,angebunden. Dieſe Haͤus⸗ 
1435,DE-RAR,308,18,"chen find ſehr klein, und fo "
1436,DE-RAR,308,18,"niedrig, daß man hinein⸗ "
1437,DE-RAR,308,18,"kriechen muß, und darinnen "
1438,DE-RAR,308,18,kaum ſtehen kann. Das 
1441,DE-RAR,308,18,ganze Hausgeraͤth beſtehet 
1444,DE-RAR,308,18,"aus einem Reibſteine, aus "
1445,DE-RAR,308,18,dem Bogen und Koͤcher: aus 
1446,DE-RAR,308,18,"einem von Heu, oder einer "
1447,DE-RAR,308,18,Haut auf der Erde gemach⸗ 
1448,DE-RAR,308,18,ten Bette. Man hat ihnen 
1449,DE-RAR,308,18,aber ſchon gemaͤchlichere 
1450,DE-RAR,308,18,Haͤuschen von Kothziegeln 
1451,DE-RAR,308,18,"gebauet, wobey dieſe meine "
1452,DE-RAR,308,18,"Hände, die ich jetzt zum "
1453,DE-RAR,308,18,"Schreiben gebrauche, nicht "
1454,DE-RAR,308,18,"wenig beygetragen, und mit "
1455,DE-RAR,308,18,„Roth gemauert haben. 
1456,DE-RAR,308,18,"Baum, Cufliki, cutſchikf. "
1457,DE-RAR,308,18,Mit dieſem Worte wird 
1458,DE-RAR,308,18,"alles, was holzartig iſt, ge⸗ "
1459,DE-RAR,308,18,nannt. Eine beſondere Gat⸗ 
1460,DE-RAR,308,18,tung der Bäume heißt Hoch- 
1461,DE-RAR,308,18,"coco, welche den hieſigen "
1464,DE-RAR,308,18,Kiefern viel ahnlich ſind. 
1467,DE-RAR,308,18,Ein aus dem Stamme aus⸗ 
1468,DE-RAR,308,18,gehauenes Stuͤck dienet alſo 
1469,DE-RAR,308,18,gleich zu einer Hächel. Die 
1470,DE-RAR,308,18,Nadelblaͤtter find noch eine 
1471,DE-RAR,308,18,"mal ſo lang, als ſie bey uns "
1472,DE-RAR,308,18,"ſind, und in den Kornſchalen "
1473,DE-RAR,308,18,werden kleine Nüffe gefun⸗ 
1474,DE-RAR,308,18,"den, welche viel ſchmackhafter "
1475,DE-RAR,308,18,Kals die Mandeln find. 
1477,DE-RAR,308,18,"Baumfruͤchte. ‚Khutugala, "
1478,DE-RAR,308,18,Baumwolle. Cosiki. Eine 
1479,DE-RAR,308,18,andere Gattung heißt bot⸗ 
1480,DE-RAR,308,18,ichote. UN 
1481,DE-RAR,308,18,"echer, Lavaca. Iſt eine "
1482,DE-RAR,308,18,duͤrre und ausgehoͤhlte Kuͤr⸗ 
1483,DE-RAR,308,18,"bisſchale, die zum Cuvirufi, "
1484,DE-RAR,308,18,oder zum tuͤrkiſchen Gries 
1485,DE-RAR,308,18,\ an⸗ 
1488,DE-RAR,308,18,"anmachen, und zum trinken Beil. "
1489,DE-RAR,308,18,5 rAca. 
1492,DE-RAR,308,18,dienet. Ohne dieſe reiſen 
1493,DE-RAR,308,18,"48 55 nicht, wie auch niemals. "
1494,DE-RAR,308,18,ohne Feuerzeug. Denn 
1495,DE-RAR,308,18,"gleichwie ſie, wenn ſie "
1496,DE-RAR,308,18,"hungrig ſind, in dieſe Schale "
1497,DE-RAR,308,18,"Waſſer ſchoͤpfen, und den "
1498,DE-RAR,308,18,"benannten Gries anmachen, "
1499,DE-RAR,308,18,der ihnen Speiſe und Trank 
1500,DE-RAR,308,18,zugleich iſt; fo kehren ſie 
1501,DE-RAR,308,18,"auch, wenn ſie muͤde ſind, "
1502,DE-RAR,308,18,"in einen Wald ein, und zuͤn⸗ "
1503,DE-RAR,308,18,"den ſich ein Feuer an, wenn "
1506,DE-RAR,308,18,auch der höͤchſte Sommer ö 
1509,DE-RAR,308,18,"iſt, ſ. Gries. "
1510,DE-RAR,308,18,Bedecken. Pole. Es if be: 
1511,DE-RAR,308,18,"deckt. Poliruc. Bedeckt, "
1512,DE-RAR,308,18,Polirügame ke. . 
1513,DE-RAR,308,18,Bedraͤngt. Teſs ie uati. 
1514,DE-RAR,308,18,Beduͤrftig. Telsiguati. 
1515,DE-RAR,308,18,Befehl. Nulalila. 5 
1516,DE-RAR,308,18,Befehlen. Nula Es iſt bes 
1517,DE-RAR,308,18,fohlen. Nüliruc. 
1518,DE-RAR,308,18,"Befruchten. Samiruje, Ein "
1519,DE-RAR,308,18,u See Wort 
1522,DE-RAR,308,18,"aus Sami, Fruch t, naß, "
1525,DE-RAR,308,18,und dem Hulfsworte ruje. 
1526,DE-RAR,308,18,Beflecken. Pujenfki. 
1527,DE-RAR,308,18,Begeben. Es begiebt ſich. 
1528,DE-RAR,308,18,eki. 
1531,DE-RAR,308,18,Begehren. Ela. Tanf. 
1532,DE-RAR,308,18,Begießen. Samiruje. 
1533,DE-RAR,308,18,Begraben. Tec. Teo. Er 
1534,DE-RAR,308,18,"iſt be ae gr ke, "
1535,DE-RAR,308,18,"Begreifen, d. i., verſtehen, "
1536,DE-RAR,308,18,wiſſen. Matfeh 15 
1537,DE-RAR,308,18,Behaglich. Ogué. 
1538,DE-RAR,308,18,"Behalten, aufbewahren. Neffe. "
1539,DE-RAR,308,18,"Behend, das Beywort. Gua⸗ "
1540,DE-RAR,308,18,lineke. 
1541,DE-RAR,308,18,"Behend, das Reben“ NEL. Be- "
1542,DE-RAR,308,18,lauo Rn 
1543,DE-RAR,308,18,Bejahen. gend. 
1544,DE-RAR,308,18,Wa 
1545,DE-RAR,308,18,Beichte. Piguelila. 
1546,DE-RAR,308,18,"Beichten. Pigue, "
1549,DE-RAR,309,19,Deutſch⸗ Tarahumariſch es 
1552,DE-RAR,309,19,"Tepuldes, oder Tepu- "
1555,DE-RAR,309,19,Hotſchila- 
1556,DE-RAR,309,19,Iki. Tes. 
1557,DE-RAR,309,19,Bekennen. Pigue. 
1558,DE-RAR,309,19,Bekenntniß. biguelila. 
1559,DE-RAR,309,19,"Beladen, f. Aufladen. "
1560,DE-RAR,309,19,Belebt. Haagameke. 1 
1561,DE-RAR,309,19,"Beleidigen. Ajoruje, . zor⸗ "
1562,DE-RAR,309,19,nig machen. 1 
1563,DE-RAR,309,19,Belieben. Es beliebt mir. 
1564,DE-RAR,309,19,"Nehe nachki, oder 'eläne. "
1565,DE-RAR,309,19,"Belohnen. Nachieivje, Na: "
1566,DE-RAR,309,19,tütuje. 
1567,DE-RAR,309,19,Belohnung. Nategur. | 
1568,DE-RAR,309,19,"Benennt, was einen Namen "
1569,DE-RAR,309,19,hat. Reguämeke 
1570,DE-RAR,309,19,"Benetzen. Samiruje, ſ. be⸗ "
1571,DE-RAR,309,19,feuchten. 3 
1572,DE-RAR,309,19,Berauben. Itſehigua. 1 
1573,DE-RAR,309,19,Berau ſchen Naguäbahi. Te- 
1574,DE-RAR,309,19,cui. Berauſcht. Teculua- 
1575,DE-RAR,309,19,meke. 
1576,DE-RAR,309,19,Berg. Reguiguiki. 
1577,DE-RAR,309,19,Bergwerk. Guenomeatsi. 
1578,DE-RAR,309,19,Berichten. Metlchiruje. 
1579,DE-RAR,309,19,Berufen. Bee: 
1580,DE-RAR,309,19,Berühren. ‚Norf: 
1581,DE-RAR,309,19,"Sehnen, | befofen, f. beror⸗ "
1584,DE-RAR,309,19,"Beſchauen. Nens. Reteguä, "
1585,DE-RAR,309,19,"Beſchmieren. Pujaniki, | "
1586,DE-RAR,309,19,"Beſchweren. Bala, "
1587,DE-RAR,309,19,Beſeelt. Haagameke. 
1588,DE-RAR,309,19,"Selen, Ie. beſchauen. "
1589,DE-RAR,309,19,Beſen. EFetlilaca. m 
1590,DE-RAR,309,19,Beſitzen. Naligus. Buke. 
1591,DE-RAR,309,19,Das Buké bedeutet eingente 
1592,DE-RAR,309,19,17 ein debe zahmes 
1593,DE-RAR,309,19,"hier beſitzen, oder zum "
1594,DE-RAR,309,19,Eigenthume haben. Es 
1595,DE-RAR,309,19,kann alſo nur damals an⸗ 
1596,DE-RAR,309,19,ewendet ea wann die 
1597,DE-RAR,309,19,Rede von dem Beſitze ſol⸗ 
1598,DE-RAR,309,19,cher Thiere iſt. Den Beſitz 
1599,DE-RAR,309,19,anderer Sachen 177 N 
1600,DE-RAR,309,19,ruͤ er 
1603,DE-RAR,309,19,Bein. 
1604,DE-RAR,309,19,Beiſſen. 
1607,DE-RAR,309,19,1 
1608,DE-RAR,309,19,1 
1609,DE-RAR,309,19,11 
1612,DE-RAR,309,19,Woͤrterbuch. 309 
1615,DE-RAR,309,19,druͤcken dienet! das Wort 
1616,DE-RAR,309,19,"bugue, von welchem noch "
1617,DE-RAR,309,19,"zu merken iſt: daß, wenn "
1618,DE-RAR,309,19,das bugus nicht glatt weg 
1619,DE-RAR,309,19,"geſagt, ſondern die Sache "
1620,DE-RAR,309,19,oder das Eigenthum ſelbſt 
1621,DE-RAR,309,19,"ausdruͤcklich genannt wird, "
1622,DE-RAR,309,19,die erſte Sylbe bu auszu⸗ 
1623,DE-RAR,309,19,"laſſen, und dem beſtimmten "
1624,DE-RAR,309,19,"Worte, welches zugleich "
1625,DE-RAR,309,19,"ſeine letzte Sylbe verliert, "
1626,DE-RAR,309,19,nur das gue anzufuͤgen iſt. 
1629,DE-RAR,309,19,Man will z. B. ſagen: Va⸗ 
1632,DE-RAR,309,19,"ter hat, oder beſitzet tuͤrki⸗ "
1633,DE-RAR,309,19,ſchen Waizen. Tuͤrkiſcher 
1634,DE-RAR,309,19,"Waizen heißt Sunücu, oder "
1635,DE-RAR,309,19,"Schunüeu, haben oder be: "
1636,DE-RAR,309,19,"ſitzen naligue, fo muß die "
1637,DE-RAR,309,19,Rede ſo ausfallen: Pedro 
1638,DE-RAR,309,19,Iunugue. Im Fragen: haft 
1639,DE-RAR,309,19,du? bam nafiauetla? Haft 
1640,DE-RAR,309,19,du tuͤrkiſchen Waizen? ha 
1641,DE-RAR,309,19,mü ſunliguetia? haft du 
1642,DE-RAR,309,19,"Vieh? ham buketfa, oder "
1643,DE-RAR,309,19,buguetſam u? NT 
1644,DE-RAR,309,19,Beſudeln. Pujaniki. 
1645,DE-RAR,309,19,"Betheuren, Tefigus. "
1646,DE-RAR,309,19,"Betrunken. Teculüameke, "
1647,DE-RAR,309,19,Beten. Mamatsiki. ü 
1648,DE-RAR,309,19,"Betruͤbniß. Tefliguala, "
1649,DE-RAR,309,19,Betruͤbt. Teſsig uati. 
1650,DE-RAR,309,19,Beträbt ſeyn Telsigua. 
1651,DE-RAR,309,19,"Bewachen, bewahren. Nelse, "
1652,DE-RAR,309,19,"Bewegen, Noki. Bemweibt, "
1655,DE-RAR,309,19,"Mukiameke, heffer Uplameke. "
1658,DE-RAR,309,19,Bewußt. Matſchigameke. Bey 
1659,DE-RAR,309,19,Ne | 
1660,DE-RAR,309,19,Beyde. Oeanien. Bender: 
1661,DE-RAR,309,19,ſeits. Nanaca. 75 65 
1662,DE-RAR,309,19,Beyſammen. Jujega. Napa. 
1663,DE-RAR,309,19,"Bezahlen. Nachtütuje, "
1664,DE-RAR,309,19,Bezahlung. Natejul. 
1665,DE-RAR,309,19,"Binde. Nafsibula, "
1666,DE-RAR,309,19,Binden. Bula. Es ift ge 
1667,DE-RAR,309,19,"bunden, Büliruc. Gebun⸗ "
1668,DE-RAR,309,19,"den, Bulirügameke. "
1671,DE-RAR,309,19,"Bischen, Rachpé, oder Tachpe. "
1672,DE-RAR,309,19,"Ein bischen Fleiſch, rachpe "
1673,DE-RAR,309,19,"fapaca, 1 "
1675,DE-RAR,309,19,"Bisweilen. Sint, ſchiné. "
1677,DE-RAR,309,19,Bitten. Tani. ö 
1679,DE-RAR,309,19,Blaſen. Putiche. 
1681,DE-RAR,310,20,Blatt. Bacagudca. Blatt eis 
1682,DE-RAR,310,20,"nes Buches. Hofleliki, ſ. "
1684,DE-RAR,310,20,Papier. 
1686,DE-RAR,310,20,Blau. Schidgameke. 
1688,DE-RAR,310,20,Blech. Guenomi tfchipera- 
1690,DE-RAR,310,20,"meke, das heißt, ein duͤn⸗ "
1692,DE-RAR,310,20,nes Metall. ü 
1694,DE-RAR,310,20,"Bley, ſ. Metall. 2 "
1696,DE-RAR,310,20,"Blind Tämstſchigameke, nicht "
1697,DE-RAR,310,20,ſehend. PL 
1699,DE-RAR,310,20,"Blitzen, das. Repagameke, "
1700,DE-RAR,310,20,Es blitzt. Repa. 
1702,DE-RAR,310,20,Blut. Das Menſchenblut 
1704,DE-RAR,310,20,"heißt eldca, anderes Blut "
1705,DE-RAR,310,20,"aber nennet man uur laca, "
1707,DE-RAR,310,20,Blutsfreund. Tehima. Tehi- 
1709,DE-RAR,310,20,meéameke. Mein Bluts⸗ 
1711,DE-RAR,310,20,freund. Tebimals. Das 
1712,DE-RAR,310,20,am Ende angehaͤngte la be⸗ 
1713,DE-RAR,310,20,"deutet die zweyte Endung, "
1715,DE-RAR,310,20,ſ. Mutter. 
1716,DE-RAR,310,20,"ock Cambalätfehi, oder gam- "
1717,DE-RAR,310,20,"balatiehi. Ein wilder Bock, "
1718,DE-RAR,310,20,Verendo. Auf den Heyden 
1720,DE-RAR,310,20,"giebt es deren viele, die in "
1722,DE-RAR,310,20,das Gebirge nicht gehen. 
1725,DE-RAR,310,20,Wenn man uͤber die großen 
1728,DE-RAR,310,20,"een hinreutet, ſo laufen "
1729,DE-RAR,310,20,"ie allezeit voraus, und ei⸗ "
1730,DE-RAR,310,20,ner hinter dem andern bis 
1731,DE-RAR,310,20,hundert Schritte uͤber den 
1732,DE-RAR,310,20,Weg. Man kann ſie mit 
1733,DE-RAR,310,20,dem Pferde nicht einholen. 
1734,DE-RAR,310,20,Wenn ihnen auch mehrere 
1735,DE-RAR,310,20,"zu Pferde nachſetzen, ſo iſt "
1736,DE-RAR,310,20,"es viel, wenn ſie den Tag "
1737,DE-RAR,310,20,hindurch zwey oder. drey 
1738,DE-RAR,310,20,erhaſche. 
1739,DE-RAR,310,20,"Bogen, f. Armbruſt. "
1740,DE-RAR,310,20,"Bohne, ſ. Huͤlſenfrucht. 5 "
1743,DE-RAR,310,20,oh⸗ 
1746,DE-RAR,310,20,. . cc 
1749,DE-RAR,310,20,310 
1752,DE-RAR,310,20,„Bohren. Hoco. 
1753,DE-RAR,310,20,"Borgen, Tanegue, "
1756,DE-RAR,310,20,Boͤs. Tleti. Boͤſes thun. 
1757,DE-RAR,310,20,Tfetijola. ( | 
1759,DE-RAR,310,20,Bothſchaft bringen. Matſchi⸗ 
1760,DE-RAR,310,20,ruje. ö 
1763,DE-RAR,310,20,"Braten, gebratenes Fleiſch. "
1764,DE-RAR,310,20,"Guauguéke, ſ. Speiſe. "
1765,DE-RAR,310,20,"Brav. Er iſt brav, igué ga. "
1767,DE-RAR,310,20,lala hüccu. 8 
1769,DE-RAR,310,20,"Brautpaar, die Brautleute. "
1771,DE-RAR,310,20,Tichapiboli. 
1773,DE-RAR,310,20,"Brechen. Caſſini, "
1775,DE-RAR,310,20,oder gaſſinale. 5 
1777,DE-RAR,310,20,"Brennen. Es brennt, racha. "
1779,DE-RAR,310,20,Es brennt ſchon. Rachaba. 
1781,DE-RAR,310,20,Brennholz. Küllu. Brenn⸗ 
1782,DE-RAR,310,20,ſchwamm. Galld. 
1784,DE-RAR,310,20,"Brief. Hoflelixi, ſ. Papier. "
1786,DE-RAR,310,20,"Bringen. 16 Brings her, "
1787,DE-RAR,310,20,"cad, oder guäcard, "
1789,DE-RAR,310,20,Brod. Nach der Art der Ta⸗ 
1790,DE-RAR,310,20,"rahumaren Teméke, oder "
1791,DE-RAR,310,20,"beſſer Remeke, Es iſt ein "
1792,DE-RAR,310,20,von tuͤrkiſchen Walzen ger 
1794,DE-RAR,310,20,"backener Kuchen, welcher "
1795,DE-RAR,310,20,das gewoͤhnliche Tiſchbrod 
1796,DE-RAR,310,20,"iſt, ob es gleich am rechten "
1798,DE-RAR,310,20,Waizen nicht mangelt. Dies 
1799,DE-RAR,310,20,ſer tarahumariſche Kuchen 
1800,DE-RAR,310,20,wird alſo zubereitet. 
1801,DE-RAR,310,20,tuͤrkiſche Waizen wird ent⸗ 
1802,DE-RAR,310,20,"weder in einer Lauge, oder "
1803,DE-RAR,310,20,"im Kalkwaſſer gekocht, her⸗ "
1804,DE-RAR,310,20,nach mit friſchem Waſſer 
1805,DE-RAR,310,20,gut ausgewaſchen. Der 
1807,DE-RAR,310,20,Balg wird von jeden Koͤrn⸗ 
1809,DE-RAR,310,20,"chen abgezogen, und das "
1810,DE-RAR,310,20,Keimlein herausgenommen. 
1812,DE-RAR,310,20,Die Koͤrner werden hernach 
1815,DE-RAR,310,20,"caſſinale, "
1818,DE-RAR,310,20,auf einem ſchiefliegenden 
1821,DE-RAR,310,20,und abgeſchaͤrſten Reibſtei⸗ 
1822,DE-RAR,310,20,ne mit einem andern ge⸗ 
1825,DE-RAR,310,20,ſchaͤrften und laͤnglichten Bruder. 
1826,DE-RAR,310,20,"Steine zerquetſchet, und Brühe. "
1829,DE-RAR,310,20,Der 
1832,DE-RAR,310,20,"Deutſch, Tarahumariſches "
1835,DE-RAR,310,20,beſprenget. Dann werden 
1836,DE-RAR,310,20,fie mit beyden Händen ges 
1837,DE-RAR,310,20,"knetet, bis der feinſte Teig "
1840,DE-RAR,311,21,daraus wird. An der rech⸗ 
1843,DE-RAR,311,21,ten Seite des Reibſteines 
1846,DE-RAR,311,21,liegt eine mit Kohlen ge⸗ 
1849,DE-RAR,311,21,"hitzte Platte, die ein wenig "
1850,DE-RAR,311,21,mit Unſchlitt beſtrichen wird. 
1851,DE-RAR,311,21,Alsdann wird von den Teige 
1852,DE-RAR,311,21,"eine Kugel, wie eine waͤlſche "
1853,DE-RAR,311,21,"Nuß groß gemacht, und an⸗ "
1854,DE-RAR,311,21,ſtatt des Walkens von einer 
1855,DE-RAR,311,21,Ras in die andere gewor⸗ 
1857,DE-RAR,311,21,"en, und alſo ganz duͤnn "
1858,DE-RAR,311,21,und rund ausgetrieben. 
1859,DE-RAR,311,21,Wenn auch der Teig im Hin⸗ 
1860,DE-RAR,311,21,und Herwerfen uͤber beyde 
1861,DE-RAR,311,21,"Haͤnde herabhaͤnget, zer⸗ "
1862,DE-RAR,311,21,fällt er doch nicht. Endlich 
1863,DE-RAR,311,21,wird er gaͤh auf die Platte 
1864,DE-RAR,311,21,"geworfen, wo er gleich auf⸗ "
1865,DE-RAR,311,21,"ſchwillt, und eine Blaſe "
1868,DE-RAR,311,21,"macht, die aber drey oder "
1871,DE-RAR,311,21,viermal mit dem Mittel⸗ 
1872,DE-RAR,311,21,finger getupfet wiederum 
1873,DE-RAR,311,21,vergehet. Nun wird der 
1874,DE-RAR,311,21,Kuchen alſobald umgewen⸗ 
1875,DE-RAR,311,21,"det, und wenn er ausge⸗ "
1876,DE-RAR,311,21,"backen iſt, auf eine ausge⸗ "
1877,DE-RAR,311,21,breitete Serviette gelegt. 
1878,DE-RAR,311,21,Und ſo koͤmmt ein Kuchen 
1879,DE-RAR,311,21,"uͤber den andern, bis der "
1882,DE-RAR,311,21,ganze Teig verbacken iſt. 
1885,DE-RAR,311,21,Man bringt ſodann alle 
1886,DE-RAR,311,21,Kuchen in der Serviette auf 
1889,DE-RAR,311,21,"den Tiſch, wo ſie entweder "
1892,DE-RAR,311,21,"in Brocken zertheilet, ein⸗ "
1893,DE-RAR,311,21,"getunket, oder zuſammen⸗ "
1894,DE-RAR,311,21,gerollet gegeſſen werden. 
1897,DE-RAR,311,21,Sie muͤſſen aber nicht zuſehr 
1900,DE-RAR,311,21,"pe werden, ſonſt ſind "
1901,DE-RAR,311,21,"ie zu hart, und kaum zu ge⸗ "
1902,DE-RAR,311,21,nießen.. N f 
1903,DE-RAR,311,21,Batſchi. 
1904,DE-RAR,311,21,"Tichörike, "
1907,DE-RAR,311,21,"mit einigen Waſſertropfen Brunn, Pauguimaniameke, "
1908,DE-RAR,311,21,ö Brunſt. 
1911,DE-RAR,311,21,7 * * > 
1914,DE-RAR,311,21,die Tarahumaren ei 
1917,DE-RAR,311,21,"maren Tilmagenennet, "
1920,DE-RAR,311,21,Steladas 
1923,DE-RAR,311,21,"Tepiuätaje, um, für das "
1924,DE-RAR,311,21,Meſſer. 55928 
1927,DE-RAR,311,21,311 
1930,DE-RAR,311,21,"Brunſt. Naiki. Damit nicht. Mapuguitaje tä, "
1931,DE-RAR,311,21,"Beat Putſehjla. z. B. ich fürchte, daß er nicht "
1932,DE-RAR,311,21,": zube. Togu ſehle „ nehé mahagua, ma- "
1933,DE-RAR,311,21,"Buckel. Bucälizus, puguitsje tä itſchigudle. "
1934,DE-RAR,311,21,Buch. Hoſſeliki. Dampf. bemolikl. Noliki. 
1935,DE-RAR,311,21,N D. 7 pemolé. g N 
1936,DE-RAR,311,21,An 955 Danken. Sie danken mit die⸗ 
1937,DE-RAR,311,21,"Da. Das Nebenwort. Ibe. fen Worten: Dick mi, fi "
1938,DE-RAR,311,21,ena ibe. u Gruͤßen. . 
1939,DE-RAR,311,21,"Da, das Bindewort. Fuͤr Dannen. Von dannen. Guana "
1942,DE-RAR,311,21,ga. 
1945,DE-RAR,311,21,"Tepatfä, 1 "
1948,DE-RAR,311,21,"wirkte Kotze, in we "
1951,DE-RAR,312,22,keln. Bey einfallender rau⸗ 
1952,DE-RAR,312,22,her Witterung dienet ſie ih⸗ 
1953,DE-RAR,312,22,"nen ſtatt eines Mantels, bey "
1954,DE-RAR,312,22,Nachts ſtatt einer Bettdecke. 
1955,DE-RAR,312,22,"Eine ſolche Kotze, die von "
1956,DE-RAR,312,22,groben Aloefäͤden zuſam⸗ 
1957,DE-RAR,312,22,"mengewebt iſt, wird von "
1958,DE-RAR,312,22,den mepikaniſchen e 
1959,DE-RAR,312,22,ob⸗ 
1961,DE-RAR,312,22,ſchon ſie ſich itzt mit wollenen 
1962,DE-RAR,312,22,"Kotzen, welche die Spanier "
1963,DE-RAR,312,22,"heißen, bedecken. "
1964,DE-RAR,312,22,Die Verfertigung der Ke- 
1965,DE-RAR,312,22,maca ift eine Arbeit der 
1966,DE-RAR,312,22,Weiber in Tarahumara. 
1967,DE-RAR,312,22,Das ganze Werkzeug dazu 
1968,DE-RAR,312,22,"beſtehet in zwo runden, und "
1969,DE-RAR,312,22,nn ziem⸗ 
1972,DE-RAR,312,22,312 
1975,DE-RAR,312,22,"ziemlich dicken Stangen, "
1978,DE-RAR,312,22,worauf das Garn zum We⸗ 
1981,DE-RAR,312,22,"ben gehaſpelt, und das ge⸗ "
1982,DE-RAR,312,22,webte abgehaſpelt wird. 
1983,DE-RAR,312,22,Die Stangen werden in 
1984,DE-RAR,312,22,zwey durchloͤcherte Pfloͤcke 
1985,DE-RAR,312,22,"geſchoben, damit fie gewal; "
1986,DE-RAR,312,22,zet und umgedrehet werden 
1987,DE-RAR,312,22,koͤnnen. Die Arbeit iſt ſehr 
1988,DE-RAR,312,22,"muͤhſam, denn nach einem "
1989,DE-RAR,312,22,jeden Aufſchub muß der 
1990,DE-RAR,312,22,urchgezogene Faden mit⸗ 
1993,DE-RAR,312,22,"zes angeſchlagen, und die "
1994,DE-RAR,312,22,übers Kreuz gezogenen Faͤ⸗ 
1995,DE-RAR,312,22,den mit beyden Haͤnden zu 
1996,DE-RAR,312,22,einem abermaligen Durchs 
1999,DE-RAR,312,22,ſchub von einander gehoben 
2002,DE-RAR,312,22,und getheilet werden. Decke 
2004,DE-RAR,312,22,heißt auch Peraca. 
2006,DE-RAR,312,22,"Decken. Pole. Gedeckt, Po- "
2008,DE-RAR,312,22,lirügameke. 
2010,DE-RAR,312,22,Degen. Malagala. 
2012,DE-RAR,312,22,Dein. Muhéli. 
2014,DE-RAR,312,22,"Denken. Mae, "
2016,DE-RAR,312,22,"Der, die, das. Iche. In eis "
2018,DE-RAR,312,22,nigen Doͤrfern ſagen ſie auch 
2019,DE-RAR,312,22,"stle, welches eigentlich das "
2020,DE-RAR,312,22,anzeigende Fuͤrwort Diez 
2021,DE-RAR,312,22,ſer iſt. 
2023,DE-RAR,312,22,Derswegen. Colaguitaje. Ke- 
2024,DE-RAR,312,22,‚punaguitaje. Elaguitaje. Iche- 
2025,DE-RAR,312,22,taje. Hipéguitaje. Kibela- 
2026,DE-RAR,312,22,guitaje. Etſeguitaje. 
2028,DE-RAR,312,22,Derſelbe. Iche. Etſe. 
2030,DE-RAR,312,22,"Deswegen, ſ. dorowegen. "
2032,DE-RAR,312,22,"Dick, von Leibe. Guele. Cu- "
2033,DE-RAR,312,22,luameke. 8 
2035,DE-RAR,312,22,"Dich, Itichiguajameke. Wenn "
2037,DE-RAR,312,22,"ein Diebſtahl geſchieht, fe "
2040,DE-RAR,312,22,beobachten ſie die Fußtap⸗ 
2043,DE-RAR,312,22,"fen, wo einige anzutreffen "
2044,DE-RAR,312,22,"ſind, welche ſie mit einem "
2045,DE-RAR,312,22,Hölzlein abmeſſen. Sie 
2046,DE-RAR,312,22,"puͤhren dann jenem nach, "
2047,DE-RAR,312,22,auf welchen der Verdacht 
2050,DE-RAR,312,22,Deutſch⸗ Tarahumariſches 
2053,DE-RAR,312,22,"fällt. Treffen fie ihn an, "
2054,DE-RAR,312,22,"ſo meſſen ſie ihm den Fuß, "
2055,DE-RAR,312,22,und wenn das Maaß der 
2056,DE-RAR,312,22,Fußtapfen uͤbereinkoͤmmt. 
2057,DE-RAR,312,22,ſo iſt es richtig der Dieb. 
2058,DE-RAR,312,22,Sie fehlen darinnen ſelten. 
2059,DE-RAR,312,22,Diefer. Eile Iche. Eben dies 
2060,DE-RAR,312,22,"ſer, Igotfela 1 Nur "
2061,DE-RAR,312,22,"dieſer, lehetla. Dieſer ſelbſt, "
2062,DE-RAR,312,22,"igblſela. Dieſer? fragweiſe, "
2063,DE-RAR,312,22,Ichetſa? en 
2066,DE-RAR,312,22,9 8 Dieweil. Mapuguitaje. 
2067,DE-RAR,312,22,telſt eines geſchaͤrften Hol⸗ D 
2070,DE-RAR,312,22,Ding. Nana; 
2071,DE-RAR,312,22,Donnern. Es donnert. Rhana. 
2072,DE-RAR,312,22,"Donnerichlag, Juki. "
2073,DE-RAR,313,23,Doppelt. Oſſa eki. 
2074,DE-RAR,313,23,"Dorfrichter. Cuſigusameke, "
2075,DE-RAR,313,23,Das heißt eigentlich: der 
2076,DE-RAR,313,23,einen Stab oder Stecken 
2077,DE-RAR,313,23,hat. Dadurch werden die 
2078,DE-RAR,313,23,"Richter der Reductionen, "
2079,DE-RAR,313,23,und andere Vorgeſetzte vers 
2080,DE-RAR,313,23,"ſtanden, denen beym An⸗ "
2081,DE-RAR,313,23,tritte ihres Amtes ein 
2082,DE-RAR,313,23,Stecken uͤberreicht wird. 
2083,DE-RAR,313,23,Hier iſt der Gebrauch und 
2084,DE-RAR,313,23,die Bedeutung des neligus 
2085,DE-RAR,313,23,"zu beobachten, wenn es mit "
2086,DE-RAR,313,23,einem andern Worte zuſam⸗ 
2087,DE-RAR,313,23,"men] gekügt wird, ſebeſitzen. "
2088,DE-RAR,313,23,"Cusiki heißt Holz, Stab, "
2089,DE-RAR,313,23,oder Stecken. Gus deutet 
2090,DE-RAR,313,23,"das haben an, und äncke "
2091,DE-RAR,313,23,machet das Mittelwort der 
2092,DE-RAR,313,23,gegenwaͤrtigen Zeit aus. 
2093,DE-RAR,313,23,Dorn. Soiguala. 
2094,DE-RAR,313,23,Dort. Abe. Guami. Wenn 
2095,DE-RAR,313,23,die Tarahumaren das i des 
2096,DE-RAR,313,23,letzten Wortes ſehr lang 
2097,DE-RAR,313,23,"ausziehen, wollen fie hies "
2098,DE-RAR,313,23,mit zu verſtehen geben: daß 
2099,DE-RAR,313,23,der Ort ſehr weit entfernt 
2100,DE-RAR,313,23,"ſey. Von dort her, ſ. von "
2101,DE-RAR,313,23,dannen. } 
2102,DE-RAR,313,23,"Doͤrren, oder duͤrren. Saki- "
2103,DE-RAR,313,23,ruje. Es duͤrrt aus Vakirsi. 
2104,DE-RAR,313,23,"Drauſſen, "
2107,DE-RAR,313,23,ln Wörterbuch. aN. 
2110,DE-RAR,313,23,". Matfehi, Diefes "
2111,DE-RAR,313,23,Wort at noch vielerley 
2112,DE-RAR,313,23,"andere edeutungen, welche "
2113,DE-RAR,313,23,in dieſem Woͤrterbuche bey 
2114,DE-RAR,313,23,"ſehen, wiſſen, lernen ꝛc. "
2115,DE-RAR,313,23,vorkommen werden. 
2116,DE-RAR,313,23,"Drehen, Noliruje. "
2117,DE-RAR,313,23,Dreſchen. Hoca. 
2118,DE-RAR,313,23,rey. Baica. Dreyfach. Baica- 
2119,DE-RAR,313,23,rügameke. Dreymal. Baiſſa. 
2120,DE-RAR,313,23,Dreyzehn. Macoëk amoba 
2121,DE-RAR,313,23,"baica, Dreyzehnmal. Ma- "
2122,DE-RAR,313,23,cöck ämoba baifla. 
2123,DE-RAR,313,23,"Dreyſſig. DBaica ‚ macöck, "
2124,DE-RAR,313,23,Dreyſſigmal. Baiſsa macötlse. 
2125,DE-RAR,313,23,"Dritter. ""Baicaraje. "
2126,DE-RAR,313,23,. Nachkibt. 
2128,DE-RAR,313,23,"Mi, muhe, muheli. "
2129,DE-RAR,313,23,"Hir, dich, mi, miki. Du "
2130,DE-RAR,313,23,"ſelbſt. Mugotse. Mit dir, "
2131,DE-RAR,313,23,"mi jajega. Ihr, emi, emehé, "
2132,DE-RAR,313,23,eméje. 
2134,DE-RAR,313,23,Dunkel. Tamatsiame. 
2135,DE-RAR,313,23,Duͤnn. Tlehiperameke. Tita. 
2136,DE-RAR,313,23,kome. 
2137,DE-RAR,313,23,Dunſt. 
2138,DE-RAR,313,23,Pemol e. 
2139,DE-RAR,313,23,Duͤnſten. Pemoleé. 
2141,DE-RAR,313,23,"e e Hoco, "
2142,DE-RAR,313,23,Durchſuchen. Ams. 
2143,DE-RAR,313,23,"Dürftig. Tefsigusti, "
2144,DE-RAR,313,23,Dürr. Sakiameke. 
2145,DE-RAR,313,23,"Dürften. Para, einen "
2146,DE-RAR,313,23,"Mugü ift ein Huͤlfswort, u. "
2149,DE-RAR,313,23,wenn es mit einem Zeit⸗ 
2152,DE-RAR,313,23,"worte gefü et wird, zeigt "
2154,DE-RAR,313,23,"es eine Nothwendigkeit, "
2156,DE-RAR,313,23,| an oder Wichtigkeit 
2158,DE-RAR,313,23,"z. B. igue mugüjola, "
2160,DE-RAR,313,23,Es ift nothwendig das zu 
2161,DE-RAR,313,23,machen. Nag 
2164,DE-RAR,313,23,"Eben, PS. Pdyirue, "
2167,DE-RAR,313,23,"ü ‚den, "
2170,DE-RAR,313,23,Pemoliki. Noliki. 
2173,DE-RAR,313,23,313 
2176,DE-RAR,313,23,"Ekel haben. Tkitsiki, "
2178,DE-RAR,313,23,Ehe als. Dieſes Bindewort 
2179,DE-RAR,313,23,"mangelt, es wird aber durch "
2181,DE-RAR,313,23,das Talld mit dem Zeitworte 
2182,DE-RAR,313,23,in der ee 
2183,DE-RAR,313,23,"Zeit erſetzet, z. B. ehe als "
2184,DE-RAR,313,23,"die Sonne aufgeht, tatlſd "
2186,DE-RAR,313,23,"— tajenalago, "
2188,DE-RAR,313,23,"Ehe, die. Tehodje mil teh "
2189,DE-RAR,313,23,"pirujelila. Zur Ehe nehmen, ; "
2190,DE-RAR,313,23,s. Heurathen. | 
2192,DE-RAR,313,23,"Ehelos, Tatlo,- "
2193,DE-RAR,313,23,"Mann, ‚Tatlo "
2196,DE-RAR,313,23,Weib. 
2197,DE-RAR,313,23,Ehemals. 
2200,DE-RAR,313,23,upeimeke 
2201,DE-RAR,313,23,cuncameke 
2204,DE-RAR,313,23,Kia. Kiae. 
2205,DE-RAR,313,23,"Ehemann Cuna, Cunala. "
2206,DE-RAR,313,23,Upiameke. Mak iameke. 
2208,DE-RAR,313,23,"Eheſtand, f. Ehe. u "
2209,DE-RAR,313,23,"Eheweib. Muki cun&ameke, "
2212,DE-RAR,313,23,Opi. Upila. N 
2213,DE-RAR,313,23,95 0 Batfabe. Ehren Noinb. 
2214,DE-RAR,313,23,"Eiche. Rohaca, "
2215,DE-RAR,313,23,"Eichhorn, Tlchimoli. Es "
2218,DE-RAR,313,23,giebt deren mehrere Gat⸗ 
2219,DE-RAR,313,23,tungen. Die groͤſten heiſ⸗ 
2220,DE-RAR,314,24,"fen tlehipauguiki, und ſcha⸗ "
2222,DE-RAR,314,24,den den Feldern. Tlehiea 
2223,DE-RAR,314,24,ſind viel kleinere und die 
2224,DE-RAR,314,24,gar kleinen in der Größe ei⸗ 
2225,DE-RAR,314,24,ner Maus lchickehimGeo. 
2227,DE-RAR,314,24,"Eidechſe, Hulugui. "
2229,DE-RAR,314,24,Eigen. Wenn ſief ſagen wollen: 
2230,DE-RAR,314,24,"das iſt mir eigen, das iſt "
2231,DE-RAR,314,24,"mein, ſo druͤcken ſie ſich ſo "
2232,DE-RAR,314,24,aus: nehe bonoje en 
2234,DE-RAR,314,24,Eilends. Belägo. 
2236,DE-RAR,314,24,Eilf. Macoek pile. 
2238,DE-RAR,314,24,1 Macoefla ämoba fie 
2241,DE-RAR,314,24,en pile. Pilèke. Nur ei⸗ 
2244,DE-RAR,314,24,"ner, pilela, Einer allein, "
2245,DE-RAR,314,24,Pilepi. 
2248,DE-RAR,314,24,"Eink ſiden, ſich. Maje. "
2249,DE-RAR,314,24,"| Eingebohrner. Ibe jaſſameke, "
2250,DE-RAR,314,24,"Eben fo, Mang TEVERR: Mopü - "
2253,DE-RAR,314,24,"Ibe motſchiameke, "
2256,DE-RAR,314,24,"Eingedenk ſepn, Neguslé. "
2257,DE-RAR,314,24,. 
2260,DE-RAR,314,24,rr 
2263,DE-RAR,314,24,Einwickeln. 
2266,DE-RAR,314,24,314 
2267,DE-RAR,314,24,Eingeſchlaͤfert. Cotichimea. 
2268,DE-RAR,314,24,meke. j 
2271,DE-RAR,314,24,Eingeweide. Siguaca. 
2273,DE-RAR,314,24,Eingaben.  Toco. 
2274,DE-RAR,314,24,"graben. Töruke, "
2276,DE-RAR,314,24,Einkehren. Bechté. Einmal. 
2277,DE-RAR,314,24,Smépi. | 
2280,DE-RAR,314,24,Einge⸗ 
2281,DE-RAR,314,24,\ 
2284,DE-RAR,314,24,"Einoͤde. Cauguila. Cauguiki, "
2287,DE-RAR,314,24,Einſalben. Tſchutſcha. 
2288,DE-RAR,314,24,"Einfam, Pinélipi. | "
2289,DE-RAR,314,24,"Einſcharren, ſ. Eingraben. "
2290,DE-RAR,314,24,Einſchlafen. Cotichine fimi. 
2291,DE-RAR,314,24,Einſchließen. Eke. 
2292,DE-RAR,314,24,Einſchmieren. Tſchutſcha. 
2293,DE-RAR,314,24,Einſtens. Kia. Kiaca. 
2294,DE-RAR,314,24,Acabilague. 
2295,DE-RAR,314,24,"Einwohner, ſ. Eingebohrner. "
2296,DE-RAR,314,24,Einzig. Pilépiiſo. 
2298,DE-RAR,314,24,"Eiſen, ſ. Metall. "
2300,DE-RAR,314,24,Elend. Telsiguati. 
2303,DE-RAR,314,24,Elle. Pilé cusiki. 
2306,DE-RAR,315,25,Endigen. Cajena. Re 
2307,DE-RAR,315,25,Ente. Pafsonaca. Von dieſem 
2308,DE-RAR,315,25,und anderm dergleichen Ge⸗ 
2309,DE-RAR,315,25,"fluͤgel ſind dort alle Seen, "
2312,DE-RAR,315,25,Fluͤße und Lachen ſchaaren⸗ 
2315,DE-RAR,315,25,weiſe beſetzt. Die mexika⸗ 
2316,DE-RAR,315,25,niſchen Amerikaner fangen 
2317,DE-RAR,315,25,ſie in großer Menge in jenen 
2318,DE-RAR,315,25,"zween Seen, welche nahe "
2321,DE-RAR,315,25,bey der Hauptſtadt Mexiko 
2324,DE-RAR,315,25,"find, Denn weil aller Kuͤchen⸗ "
2325,DE-RAR,315,25,"unrath, als Schaalen son "
2326,DE-RAR,315,25,"Melonen, Kuͤrbiſſen und "
2327,DE-RAR,315,25,anderen Fruͤchten in die 
2328,DE-RAR,315,25,"Hauptkanaͤle, welche durch "
2329,DE-RAR,315,25,"die Stadt gefuͤhret ſind, "
2330,DE-RAR,315,25,"hineingeworfen, und von "
2331,DE-RAR,315,25,da bis in die Seen getrie⸗ 
2334,DE-RAR,315,25,"ben wird, ſo kommen die En⸗ "
2335,DE-RAR,315,25,ten beſonders bey Nachts⸗ 
2338,DE-RAR,315,25,zeit zum Fraße häufig zu: 
2339,DE-RAR,315,25,ſammen Wenn nun der 
2340,DE-RAR,315,25,"Mond ſcheinet, ſtellen die "
2343,DE-RAR,315,25,mexikaniſchen Amerikaner 
2346,DE-RAR,315,25,ihren Fang alſo an. Sie 
2349,DE-RAR,315,25,| Deutſch Tarahumariſches 
2352,DE-RAR,315,25,"nen ausgehoͤhlten Kuͤrbis, "
2353,DE-RAR,315,25,paſſende Loͤcher hat. 
2356,DE-RAR,315,25,"ſehr gemein iſt, theils weil "
2359,DE-RAR,315,25,erkauft werden kann 
2362,DE-RAR,315,25,wird von den Spaniern kein 
2365,DE-RAR,315,25,"tert worden ſeyn, bis 5 ö "
2366,DE-RAR,315,25,auf⸗ 
2369,DE-RAR,315,25,* * 
2372,DE-RAR,315,25,nehmen uͤber den Kopf ei⸗ ö 
2373,DE-RAR,315,25,der zwey auf die Augen 
2374,DE-RAR,315,25,Mit 
2375,DE-RAR,315,25,dieſem tauchen ſie ſich mitten 
2376,DE-RAR,315,25,in den ſchwimmenden Un⸗ 
2377,DE-RAR,315,25,"rath bis an den Hals, er⸗ "
2378,DE-RAR,315,25,tappen nach und nach die 
2379,DE-RAR,315,25,um ſie herumſchwimmenden 
2380,DE-RAR,316,26,"Enten bey den Fuͤſſen, zie- "
2381,DE-RAR,316,26,"hen ſie hinab, und geben "
2382,DE-RAR,316,26,"ihnen den Knips, Da nun "
2385,DE-RAR,316,26,dieſes ohne alles Getös ge⸗ 
2386,DE-RAR,316,26,"ſchieht, und den uͤbrigen "
2389,DE-RAR,316,26,"Enten ſcheinet, daß die Ge⸗ "
2390,DE-RAR,316,26,fangenen ſich untergetauchet 
2391,DE-RAR,316,26,"haben, ſo laͤuft der Fang "
2392,DE-RAR,316,26,ſehr reichlich ab; bringet 
2393,DE-RAR,316,26,"aber doch ſchlechten Gemini, "
2394,DE-RAR,316,26,theils weil dieſes Geflügel 
2397,DE-RAR,316,26,dieſe Enten von den Spas 
2398,DE-RAR,316,26,niern nicht gegeſſen werden. 
2399,DE-RAR,316,26,Auf dem Markte ſieht man 
2400,DE-RAR,316,26,"täglich hohe Haufen liegen, "
2401,DE-RAR,316,26,und obgleich das Stuͤck um 
2402,DE-RAR,316,26,einen halben Real (das ift: 
2403,DE-RAR,316,26,um einen amerikaniſchen 
2404,DE-RAR,316,26,"halben Silberkreuzer, wel⸗ "
2405,DE-RAR,316,26,cher dort die kleinſte Muͤnze 
2406,DE-RAR,316,26,"iſt, und nach unſerm Werthe "
2407,DE-RAR,316,26,achthalb Kreuzer Fauna ; 
2408,DE-RAR,316,26,on? 
2409,DE-RAR,316,26,nen ſie doch nicht an Mann 
2412,DE-RAR,316,26,2 TE nn 
2415,DE-RAR,316,26,1 
2418,DE-RAR,316,26,— 
2421,DE-RAR,316,26,gebracht werden. In gan 
2424,DE-RAR,316,26,"Amerika, das zu dem Kdr "
2425,DE-RAR,316,26,"nigreiche Spanien gehoͤret, "
2426,DE-RAR,316,26,"Vogel, keine Gans, kein "
2427,DE-RAR,316,26,"Haaſe, kein kleines Kolb, "
2428,DE-RAR,316,26,kein ſäugendes Ferkel ger 
2429,DE-RAR,316,26,geſſen. Das Kalb muß zu⸗ 
2430,DE-RAR,316,26,"vor ſchier ein Jahr gefäugt, "
2433,DE-RAR,316,26,j 
2434,DE-RAR,316,26,und das Ferkel mit türkis 
2435,DE-RAR,316,26,ſchen Waizen gut ausgefuͤt⸗ 
2438,DE-RAR,316,26,Woͤrterbuch. 
2441,DE-RAR,316,26,aufgeſetzt werden kann. Die 
2442,DE-RAR,316,26,"vornehmſten Fleiſchſpeiſen, "
2445,DE-RAR,316,26,"die eine Tafel zieren, ſind: "
2448,DE-RAR,316,26,"eine franzoͤſiſche Suppe, das "
2449,DE-RAR,316,26,iſt: geſchnittene Semmel 
2450,DE-RAR,316,26,mit unterlegten Koͤßſchnitt⸗ 
2451,DE-RAR,316,26,"chen, und mit Schoͤpſenſuppe "
2452,DE-RAR,316,26,uͤbergoſſen: ein gebratenes 
2453,DE-RAR,316,26,Huͤhnlein: ein eingemachtes 
2454,DE-RAR,316,26,"Kaninchen: eine Eſtofada, "
2455,DE-RAR,316,26,das iſt: ein in einer füßen 
2456,DE-RAR,316,26,Bruͤhe dick eingedaͤmpftes 
2457,DE-RAR,317,27,"Fleiſch: ein Pipiano, das "
2458,DE-RAR,317,27,iſt ein in einer Brühe vom 
2459,DE-RAR,317,27,kuͤrkiſchen Pfeffer gedaͤmpf⸗ 
2460,DE-RAR,317,27,"ter indianiſcher Hahn, und "
2461,DE-RAR,317,27,endlich ein gutes Stuͤck Car⸗ 
2462,DE-RAR,317,27,"nowo, oder Schoͤpſenfleiſch, "
2463,DE-RAR,317,27,"das mit allerley Gemuͤſe, "
2464,DE-RAR,317,27,"als Kraut, Kohl, Kürbis, "
2465,DE-RAR,317,27,"einer ganzen Zwiebel, einem "
2466,DE-RAR,317,27,"Platanus, Ziſererbſen und "
2467,DE-RAR,317,27,mit einem Stuͤcke Speck be⸗ 
2468,DE-RAR,317,27,legt iſt. Darauf folgen lau⸗ 
2469,DE-RAR,317,27,"ter ſuͤſſe Backwerke, und "
2470,DE-RAR,317,27,"auch wohl gefrorne Figuren, "
2471,DE-RAR,317,27,als auch Eiswaſſer zum 
2472,DE-RAR,317,27,runder Ki AR 
2473,DE-RAR,317,27,"ntfernt. 'Mechä, f. Weit. "
2474,DE-RAR,317,27,ntflieyen. Hum. 
2475,DE-RAR,317,27,ntfremden. Itfebigua. 
2476,DE-RAR,317,27,"nthalten ſich. Regus, aregué. "
2477,DE-RAR,317,27,ntlegen. Mechga. i 
2478,DE-RAR,317,27,entreißen. Icichigua. Tfchapi. 
2479,DE-RAR,317,27,"entwenden. Itichigua, "
2480,DE-RAR,317,27,"ntwifchen, Huma: "
2481,DE-RAR,317,27,ntzwegen. Närigud. 
2482,DE-RAR,317,27,"r. lehé. Erbſen, ſ. Hülfen- "
2483,DE-RAR,317,27,fruͤchte. | 
2484,DE-RAR,317,27,rdapfel. Telogui: 
2485,DE-RAR,317,27,rde. Guk. Auf der Erde. 
2486,DE-RAR,317,27,Guechtſchie. Das Tichic 
2489,DE-RAR,317,27,"iſt ein Anhangswort, wel⸗ "
2492,DE-RAR,317,27,"ches auf oder in heiſt, z. B. "
2493,DE-RAR,317,27,"tiehicorichic, im Winkel, "
2494,DE-RAR,317,27,"fulätfchie , im, Herzen. "
2497,DE-RAR,317,27,Ereignen. Es ereignet ſich. Jeki. 
2499,DE-RAR,317,27,"Erfahren, das Beywort: Mat "
2500,DE-RAR,317,27,Ichigumeke. 
2502,DE-RAR,317,27,Ergreifen. Tſchepi. Es ift 
2503,DE-RAR,317,27,ergriffen. Ifchapirüc. Er⸗ 
2505,DE-RAR,317,27,"griffen, tfchapirugsineke, } "
2507,DE-RAR,317,27,Erinneren ſich. Neguale. 
2510,DE-RAR,317,27,Erkennen. Matſchi. a 
2511,DE-RAR,317,27,Erlernen. Matichifimi. 
2512,DE-RAR,317,27,Erleuchten. Rachele. 
2513,DE-RAR,317,27,Ermatten. Lelsi. BR. 
2514,DE-RAR,317,27,Ermorden. Mes. W 
2515,DE-RAR,317,27,"Ermuͤden. Lelsi. Ermuͤdet, "
2516,DE-RAR,317,27,Leisiameke. 1 N13 
2519,DE-RAR,317,27,Ernaͤhren. Nutütuje. 1 
2520,DE-RAR,317,27,"Eroͤffnen. Epüaje, oder epüje, "
2521,DE-RAR,317,27,Erreichen. Seva. N 
2522,DE-RAR,317,27,"Erſchaffer. Nerejameke, "
2523,DE-RAR,317,27,"Erſchrecken, wirkend. Mahä- "
2524,DE-RAR,317,27,"ruje. Erſchreckt, erſchrocken "
2525,DE-RAR,317,27,mahejameke. 
2526,DE-RAR,317,27,"Erſtarren. Ich erſtarre, oder, "
2527,DE-RAR,317,27,mir iſt kalt. Thulane. 
2528,DE-RAR,317,27,Erſter. bilese. 
2529,DE-RAR,317,27,Erwarten. Pugud 
2530,DE-RAR,317,27,"Erwecken. Bulsa, puſa, f. "
2531,DE-RAR,317,27,Aufwecken. Erwecken vom 
2532,DE-RAR,318,28,"Tode, hallaguaruje. "
2533,DE-RAR,318,28,Erweitern. Guelubé né jola; 
2534,DE-RAR,318,28,"d. i, geöffer, oder langer "
2535,DE-RAR,318,28,"ma en. ro , 1 "
2536,DE-RAR,318,28,Erwiedern. Nachtstuje. 
2537,DE-RAR,318,28,Erz. Guenomi. 
2538,DE-RAR,318,28,"Erzeuger. Nong, fr. Vater. "
2539,DE-RAR,318,28,Erzgrube. Guenomeatsi. 
2542,DE-RAR,318,28,"Erzoͤrnen, ſich, sjondcoz eis "
2545,DE-RAR,318,28,"nen andern, ajöruje. "
2546,DE-RAR,318,28,"Eſel, Maulthier. NMära, ſ. "
2547,DE-RAR,318,28,Maulthier. 6. 
2548,DE-RAR,318,28,"Eſeltreiber. Halirue, oder Arik: "
2549,DE-RAR,318,28,ro vom ſpaniſchen. 5 
2550,DE-RAR,318,28,"Eſſen. Cod. Das Eſſen, die "
2552,DE-RAR,318,28,"Speiſe, cogjameke, "
2554,DE-RAR,318,28,Etwann. Gualéke. 15 
2555,DE-RAR,318,28,"a „ tachpłbi, "
2558,DE-RAR,318,28,"Etwas. -Rachpebi, tat "
2559,DE-RAR,318,28,"pileke, pile nanamuti. "
2560,DE-RAR,318,28,Qule. 
2563,DE-RAR,318,28,m ar vr 
2566,DE-RAR,318,28,— — . — — — 
2567,DE-RAR,318,28,EE ⁰ ˙wm1 !. ⅛ ln. IT NESN 
2570,DE-RAR,318,28,318 
2573,DE-RAR,318,28,. 
2576,DE-RAR,318,28,DD 
2579,DE-RAR,318,28,Eule. Ululd. 
2580,DE-RAR,318,28,Ey. Kauguaca. 
2583,DE-RAR,318,28,N 8. 
2586,DE-RAR,318,28,Fakel. Racheliki. Tſehopeke. 
2589,DE-RAR,318,28,Fallen. Guechtichiki. 
2590,DE-RAR,318,28,Fangen. Tiehapi. 
2591,DE-RAR,318,28,Kaſſen. Tebapi. 
2592,DE-RAR,318,28,Faſten. Jumagua. 
2595,DE-RAR,318,28,Kafttag. Jumagnaliki. Die 
2598,DE-RAR,318,28,Tarahumaren gebrauchen 
2599,DE-RAR,318,28,ſich auch dieſes Wortes um 
2600,DE-RAR,318,28,einen großen Faſttag anzu⸗ 
2603,DE-RAR,318,28,"deuten, obgleich ein Faſttag "
2606,DE-RAR,318,28,"eigentlich Jom-iki heißt, "
2608,DE-RAR,318,28,Faul. Naislamekle. 
2610,DE-RAR,318,28,Faulenzen. Nafsinäe. Fau⸗ 
2611,DE-RAR,318,28,lenzend im Faulenzen be⸗ 
2613,DE-RAR,318,28,"griffen, nalsinsja. Faulen. "
2614,DE-RAR,318,28,Muja Es faulet ſchon. Mu- 
2616,DE-RAR,318,28,"s jaba, Faul, gefault. Muja- "
2617,DE-RAR,318,28,"jameke, "
2619,DE-RAR,318,28,"Feder. Lupale, Mashäca. "
2622,DE-RAR,318,28,Fegen. Peisikt. 
2623,DE-RAR,318,28,Fehlen. Es fehlet. Roco. 
2624,DE-RAR,318,28,Feige indianiſche. Nopal. 
2627,DE-RAR,318,28,Dieſe Baͤume ſind zwar in 
2630,DE-RAR,318,28,unſerem Teutſchlande nicht 
2631,DE-RAR,318,28,"unbekannt, aber nur in "
2632,DE-RAR,318,28,Zwergengeſtalt. Der Baum 
2633,DE-RAR,318,28,aͤngt von einem Blatte an 
2634,DE-RAR,318,28,"zu wachſen, woraus mit "
2635,DE-RAR,318,28,der Zeit ein dicker und ho⸗ 
2636,DE-RAR,318,28,"her Stamm entſtehet, deſſen "
2637,DE-RAR,318,28,"Aeſte groſſe, dicke und halb⸗ "
2640,DE-RAR,318,28,"runde Blaͤtter ſind, an de⸗ F "
2643,DE-RAR,318,28,"ren Rande, zur Sommers⸗ "
2644,DE-RAR,318,28,zeit kleine Roͤschen von 
2645,DE-RAR,318,28,"krother, weißer oder gelber "
2646,DE-RAR,318,28,"Farbe, je nachdem die Gar⸗ "
2647,DE-RAR,318,28,"tung der Feigen iſt, her: "
2649,DE-RAR,318,28,"vorkommen, woraus endlich "
2650,DE-RAR,318,28,die Frucht wird. Nachdem 
2651,DE-RAR,318,28,"ſie reif geworden, werden "
2654,DE-RAR,318,28,ſie mit einer Stange her⸗ 
2657,DE-RAR,318,28,Deutſch „Tarahumariſches | 
2660,DE-RAR,318,28,abgeftoffen und im Graſe 
2661,DE-RAR,318,28,"gut herumgetrieben, damit "
2662,DE-RAR,318,28,"ſie die feinen Stacheln, mit "
2663,DE-RAR,318,28,welchen ſie um und um ver⸗ 
2664,DE-RAR,318,28,"ſehen ſind, verlieren. Sie "
2665,DE-RAR,318,28,"ſind der Schale, der Groͤße "
2666,DE-RAR,318,28,und der Geſtalt nach einer 
2667,DE-RAR,318,28,"Gurke aͤhnlich, nur daß ſie "
2668,DE-RAR,318,28,am Ende nicht ſo geſpitzt 
2669,DE-RAR,318,28,"ſind, und keine Warzen "
2670,DE-RAR,318,28,haben. Zum Genuße wird 
2671,DE-RAR,318,28,die Schale an beyden Enden 
2672,DE-RAR,318,28,"abgeſchnitten, die Feige von "
2673,DE-RAR,318,28,"oben herab getheilet, und "
2674,DE-RAR,318,28,die innerliche Frucht gegeſ⸗ 
2675,DE-RAR,318,28,"ſen, welche lauter kleine "
2676,DE-RAR,318,28,"| ie hat, und koͤſtlich "
2677,DE-RAR,318,28,ſchmecket. Die Spanier 
2678,DE-RAR,318,28,nennen dergleichen Feigen⸗ 
2679,DE-RAR,318,28,"waͤlder Tunai, Von dieſem "
2680,DE-RAR,318,28,"Baum iſt noch zu bemerken, "
2683,DE-RAR,318,28,"daß er, ſo dick auch der aus "
2684,DE-RAR,318,28,dicken harten erwachſene 
2687,DE-RAR,318,28,"Stamm iſt, mit einem wohl⸗ "
2688,DE-RAR,318,28,gefchärften Meſſer auf eins 
2689,DE-RAR,318,28,"mal gefället werden kann, "
2690,DE-RAR,318,28,weil er voll Saft und nicht 
2691,DE-RAR,318,28,"holzig iſt. Ein Blatt, das "
2692,DE-RAR,318,28,"abgeſchlagen wird, faulet "
2693,DE-RAR,318,28,"auf dem Boden nicht, ſon⸗ "
2694,DE-RAR,318,28,dern es bringt oft Bluͤthe 
2696,DE-RAR,318,28,"und Fruͤchte, und wird zu "
2697,DE-RAR,318,28,einem Baume. 
2699,DE-RAR,318,28,"Fein. Titakome, "
2701,DE-RAR,318,28,Feld. Boſſa. 5 
2703,DE-RAR,318,28,Fell. Bougussiki. 
2705,DE-RAR,318,28,Felſen. Tecuteke. Br 
2707,DE-RAR,318,28,Fertig. Es ift fertig. Caje- 
2708,DE-RAR,318,28,apa. 0 5 N 
2710,DE-RAR,318,28,Feſt. Igueameke. Peguamek é. 
2712,DE-RAR,318,28,eſtmachen. Igueruje. 
2714,DE-RAR,318,28,Feſttag. Jomeiki. Jumag ua- 
2716,DE-RAR,318,28,Hi f 
2719,DE-RAR,318,28,Fett. 
2720,DE-RAR,318,28,Feucht. 
2721,DE-RAR,318,28,feucht. 
2724,DE-RAR,318,28,— 
2727,DE-RAR,318,28,Guele. . Culüameke. 
2728,DE-RAR,318,28,Es iſt 
2731,DE-RAR,318,28,Feuer. 
2734,DE-RAR,318,28,Samiamek& 
2735,DE-RAR,318,28,Sami. 
2738,DE-RAR,318,28,Woͤrterbuch. 
2741,DE-RAR,318,28,Feuer ma⸗ 
2744,DE-RAR,318,28,Nsikt. 
2747,DE-RAR,318,28,euer. 
2748,DE-RAR,318,28,"chen, naipe. tan muß "
2749,DE-RAR,318,28,Feuer ſchlagen. dae 
2750,DE-RAR,318,28,"pos, ſ Gries. "
2752,DE-RAR,318,28,"jeuerſtein. Taugueke, "
2753,DE-RAR,318,28,Faend Tschichpilaea. 
2754,DE-RAR,318,28,eurig. Neirügameke. 
2757,DE-RAR,318,28,"verligt, Sehertag f ‚Gef: | "
2758,DE-RAR,318,28,tag. 5 
2761,DE-RAR,318,28,inden. 
2762,DE-RAR,318,28,52 
2765,DE-RAR,318,28,Natepa 
2766,DE-RAR,318,28,"Makürichtguale, : "
2769,DE-RAR,318,28,"Tichonaba. Finſtere Nacht, "
2772,DE-RAR,318,28,"nox bia, Tucaguo. "
2775,DE-RAR,318,28,fh. Torfehi. Die gar klei⸗ x 
2778,DE-RAR,318,28,"nern Fiſche heißen: Sale, "
2781,DE-RAR,318,28,groͤßere von Karpenart: Sa- 
2782,DE-RAR,318,28,"eat, noch andere tichuchen: . "
2785,DE-RAR,318,28,Totichi tich»pimela: 
2788,DE-RAR,318,28,"ischen. ""N "
2791,DE-RAR,318,28,De Tare humaren bedienen 
2792,DE-RAR,318,28,. verſchie⸗ 
2794,DE-RAR,318,28,Sie tauchen 
2795,DE-RAR,318,28,"er en Stecken, „an "
2796,DE-RAR,318,28,ſſen zeige ein langer Na⸗ 
2798,DE-RAR,318,28,„ in tiefe Tuͤmpel 
2799,DE-RAR,318,28,i m ſtechen ſie 
2802,DE-RAR,318,28,25 ſich zun im 
2803,DE-RAR,318,28,ene Arten. . 
2806,DE-RAR,318,28,inab: ı 
2807,DE-RAR,318,28,"die elſenlocher, und "
2808,DE-RAR,318,28,treiben die Fiſche heraus. 
2809,DE-RAR,318,28,Den gefangenen ziehen ſie 
2810,DE-RAR,318,28,u die Floſſen und den 
2811,DE-RAR,318,28,"Mund eine S Schnur, an de⸗ "
2812,DE-RAR,318,28,ren Ende ein Queerhoͤlzlein 
2813,DE-RAR,318,28,"ace iſt, 8 ſie nicht "
2814,DE-RAR,318,28,urchfahren. Oder fie lei 
2817,DE-RAR,318,28,Ba 
2820,DE-RAR,318,28,"ten das Waſſer ab, damit "
2821,DE-RAR,318,28,in den Tuͤmpel nichts mehere 
2822,DE-RAR,318,28,Please zerreiben an einem 
2825,DE-RAR,318,28,teine nahe bey dem Tuͤm⸗ 
2826,DE-RAR,318,28,pel ein gewiſſes Kraut und 7 
2827,DE-RAR,318,28,ſchwellen es a bis das 
2828,DE-RAR,318,28,Waſſer ganz gruͤn davon iſt. 
2831,DE-RAR,318,28,Da heben ſich die Fiſche aus 
2832,DE-RAR,318,28,"der Tiefe in die Hoͤhe, und "
2835,DE-RAR,318,28,ſchwimmen 1 matt oben 
2836,DE-RAR,318,28,"auf, daß man ſie nur zu⸗ "
2837,DE-RAR,318,28,‚fammentlauben: kann. In 
2840,DE-RAR,318,28,das Ufer geworfen. 
2843,DE-RAR,318,28,"Grund, damit kein "
2844,DE-RAR,318,28,"durchkomme, eine von Rus "
2847,DE-RAR,318,28,kleinen Baͤchen werfen Ki 
2848,DE-RAR,318,28,einen kleinen Stein an einen 
2851,DE-RAR,318,28,"großen, heben ihn auf, und "
2854,DE-RAR,318,28,die kleinen Fiſche unter dem 
2855,DE-RAR,318,28,Steine werden von den 
2856,DE-RAR,318,28,"Schlage betaͤubt, und an "
2857,DE-RAR,318,28,Sie 
2858,DE-RAR,318,28,"treffen es auch gar wohl, "
2859,DE-RAR,318,28,"einen Fiſch, der im Sande "
2862,DE-RAR,318,28,"oder Schlamme ſteckt, mit "
2863,DE-RAR,318,28,freyer Hand heraus zu he⸗ 
2864,DE-RAR,318,28,"inſter. Es wird ſchon fer, "
2867,DE-RAR,318,28,"ben, oder wenn er im Waſ⸗ "
2870,DE-RAR,318,28,"ſer ſchwimmt, und oben die "
2871,DE-RAR,318,28,"offen öffnet, mit einem "
2874,DE-RAR,318,28,a —.— Pfeile durch zu ſchieſ⸗ 
2877,DE-RAR,318,28,"ſen, und einzufangen. Sie "
2878,DE-RAR,318,28,haben noch eine andere Art 
2879,DE-RAR,318,28,leine Fiſche zu fangen. In 
2880,DE-RAR,318,28,dem Bache legen ſie von 
2881,DE-RAR,318,28,beiden Seiten abwaͤrts 
2884,DE-RAR,318,28,"Steine in einem Dreyeck, "
2887,DE-RAR,318,28,womit ſie das Waſſer ſchwel⸗ 
2888,DE-RAR,319,29,"len, damit es einen Zug be⸗ "
2891,DE-RAR,319,29,komme. Am Ende des Orey⸗ 
2894,DE-RAR,319,29,eckes legen ſie bis auf den 
2897,DE-RAR,319,29,"then geflochtene Reuße, die "
2898,DE-RAR,319,29,aber ruͤckwaͤrts erhoben 
2899,DE-RAR,319,29,"werden muß, daß ſie aus "
2902,DE-RAR,319,29,dem Waſſer heraus ſtehe. 
2903,DE-RAR,319,29,"Da nun die Fiſche, weiche "
2906,DE-RAR,319,29,"im Zuge ſind, von der Fluth "
2907,DE-RAR,319,29,"mitgeriſſen werden, werden "
2910,DE-RAR,319,29,Fiſch 
2913,DE-RAR,319,29,ſie in den erhobenen Theil 0 
2916,DE-RAR,319,29,"der Reuße geſchoben, wo ſie "
2919,DE-RAR,319,29,auch liegen bleiben. Es 
2920,DE-RAR,319,29,heißt eine ſolche f 
2921,DE-RAR,319,29,iſchreuße. An 
2923,DE-RAR,319,29,lach Po. ch pérameke. 
2926,DE-RAR,319,29,"Flachs Diefer mangelt, fie "
2929,DE-RAR,319,29,machen aber Zwirn aus ges 
2930,DE-RAR,319,29,"beizter Aloe, den fie Scco "
2931,DE-RAR,319,29,"‚nennen, "
2934,DE-RAR,319,29,Sledermaus. Aan. 
2937,DE-RAR,319,29,Fleiſch. 
2940,DE-RAR,319,29,* 
2943,DE-RAR,319,29,.® 
2946,DE-RAR,319,29,7 
2949,DE-RAR,319,29,der Luft 
2952,DE-RAR,319,29,1 8 
2955,DE-RAR,319,29,"Fleiſch, guaugucke, An "
2956,DE-RAR,319,29,"gedoͤrrtes Fleiſch, "
2959,DE-RAR,319,29,pepuliki. 
2962,DE-RAR,319,29,Fleiſchig. Sspésmeke. 
2965,DE-RAR,319,29,8 
2968,DE-RAR,319,29,— . 
2971,DE-RAR,319,29,liege. Sevoli: item Täbano. 
2972,DE-RAR,319,29,Dieſe letztern ſind eine Gat⸗ 
2973,DE-RAR,319,29,"tung großer Fliegen, welche "
2974,DE-RAR,319,29,im May und Brachmonat 
2975,DE-RAR,319,29,"die Pferde, Maulthiere, "
2976,DE-RAR,319,29,und alles Vieh ſehr plagen. 
2977,DE-RAR,319,29,Man kann um dieſe Zeit 
2978,DE-RAR,319,29,"einen Schimmel, weil er "
2979,DE-RAR,319,29,"ganz blutig iſt, ohne Erbar⸗ "
2980,DE-RAR,319,29,men nicht anſehen. Sie 
2981,DE-RAR,319,29,"ſetzen ſich fo häufig an, daß "
2982,DE-RAR,319,29,das Vieh faſt raſend wird. 
2983,DE-RAR,319,29,Die Pferde und Maulthiere 
2984,DE-RAR,319,29,"laufen dem Gebuͤſche zu, wo "
2987,DE-RAR,319,29,"ſie ſich anreiben, und Ret⸗ "
2990,DE-RAR,319,29,tung ſuchen Mit einem 
2991,DE-RAR,319,29,"Thiere, welches dieſe Pei⸗ "
2994,DE-RAR,319,29,niger noch nicht erfahren 
2997,DE-RAR,319,29,"hat, um dieſe Zeit in jenem "
3000,DE-RAR,319,29,"Gebirge reiſen, iſt gefaͤhrlich, "
3003,DE-RAR,319,29,denn wenn nur ein einziger 
3006,DE-RAR,319,29,"Tabano einen Biß anbringt, "
3009,DE-RAR,319,29,5 fo fängt das Thier an ger 
3012,DE-RAR,319,29,waltig auszureißen daß man 
3013,DE-RAR,319,29,ganz leicht den Hals bre⸗ 
3014,DE-RAR,319,29,Denn jenes 
3017,DE-RAR,319,29,chen kann. 
3020,DE-RAR,319,29,"Gebirg iſt fo rauh, ſteil "
3023,DE-RAR,319,29,"und hoch, daß wenn man "
3024,DE-RAR,319,29,"hineinreiſet, man "
3027,DE-RAR,319,29,zuerſt ö f 
3028,DE-RAR,319,29,"glaubet, es fen nicht moͤg⸗ "
3029,DE-RAR,319,29,lich durchzukommen. 
3032,DE-RAR,319,29,"weißen Felſenſtuͤcken, die "
3033,DE-RAR,319,29,man ringsherum reitend 
3034,DE-RAR,319,29,"überfteigen muß, find fo "
3037,DE-RAR,319,29,"hoch, daß, wenn fünf Per⸗ "
3038,DE-RAR,319,29,"onen hintereinander reiten, "
3041,DE-RAR,319,29,die letzte den Huf von dem 
3042,DE-RAR,319,29,"erſten Pferde fieht, ſ. da: "
3043,DE-RAR,319,29,von mehreres im Gebirge. 
3046,DE-RAR,319,29,Die 
3047,DE-RAR,319,29,"Berge, meiſtentheils von "
3050,DE-RAR,319,29,Teutſch; Tarahumariſches 
3053,DE-RAR,319,29,"Fleiſch, Sapaca. Gebratenes Fliegen, Nini. "
3056,DE-RAR,319,29,Flieger 
3057,DE-RAR,319,29,"Niniameke. .,- 8 gend "
3058,DE-RAR,319,29,Fluͤchten. Hum. 
3059,DE-RAR,319,29,"Fluͤchtig, Fluͤchtling. Humea- "
3061,DE-RAR,319,29,mekeęe. Amann N 
3062,DE-RAR,319,29,"Fluͤßig. Maniameke, 4 "
3063,DE-RAR,319,29,Fluß. baugui. Jenſeit des 
3064,DE-RAR,319,29,"Flußes, pauguß. "
3065,DE-RAR,319,29,Folgen. Nahdta. 
3066,DE-RAR,319,29,Fordern. Tani. i 4 
3067,DE-RAR,319,29,Forelle. Es ift dort eine Gat⸗ 
3070,DE-RAR,319,29,1 
3073,DE-RAR,319,29,"tung davon, welche Säutli "
3074,DE-RAR,319,29,heißt. 1 8 
3075,DE-RAR,319,29,Fortgehen. Simm. 
3076,DE-RAR,319,29,Fortſchreiten. HGje. 
3077,DE-RAR,319,29,Fortteagen Elder au aka. 
3078,DE-RAR,319,29,"Fragen. Näruje, Sie haben "
3081,DE-RAR,319,29,ihre Fragewoͤrter ha und 
3082,DE-RAR,319,29,"tl. Das ba iſt ein Wort, "
3083,DE-RAR,319,29,"mit welchem man den, den "
3084,DE-RAR,319,29,"""man fragen will, aufmerk⸗ "
3085,DE-RAR,319,29,ſam machet. Wenn der 
3086,DE-RAR,319,29,Tarahumar die Frage nicht 
3087,DE-RAR,319,29,"wohl verſtanden hat, ſagt "
3088,DE-RAR,319,29,er auch: ha? Ha wird jeder 
3089,DE-RAR,319,29,"Frage vorgeſetzt, und ala "
3090,DE-RAR,319,29,mit Verluſt der letzten Sylbe 
3091,DE-RAR,319,29,des letzten Wortes am Ende 
3092,DE-RAR,319,29,‚angehängt „ z. B. ha mü 
3093,DE-RAR,319,29,jola fa? haft du es gethan? 
3094,DE-RAR,319,29,jola hat in der vergangenen 
3095,DE-RAR,319,29,Zeit joläca: die letzte Sylbe 
3096,DE-RAR,319,29,ca wird alſo wegen des anz 
3097,DE-RAR,319,29,zuhaͤngenden Woͤrtchens tle 
3098,DE-RAR,319,29,"weggelaſſen. Frage, ob es "
3099,DE-RAR,319,29,"Peter gethan habe, näruje "
3100,DE-RAR,319,29,ba oder häli Pedro jolatsa. 
3101,DE-RAR,319,29,"Wenn die Frage miti Ernſt, "
3102,DE-RAR,319,29,und glelchſam drohend ge: 
3103,DE-RAR,319,29,"ſchieht, muß die Rede ſo "
3104,DE-RAR,319,29,ausfallen: jolacſamü? haſt 
3105,DE-RAR,319,29,es gethan? RR 
3106,DE-RAR,319,29,Fremd. Senüla. ' 
3107,DE-RAR,319,29,Freſſen. Coa. | 
3108,DE-RAR,319,29,Freund 
3111,DE-RAR,319,29,DM Woͤrterbuch. 10 
3114,DE-RAR,319,29,Fütterung. Nutag ala. 
3115,DE-RAR,319,29,"We eien, "
3116,DE-RAR,319,29,Tehe. 
3119,DE-RAR,319,29,freund. Tebima. 
3120,DE-RAR,319,29,"venlih, ſ. Ja. "
3121,DE-RAR,319,29,frieren. Es friert. a 
3122,DE-RAR,319,29,Die groͤſte Gefrierung in 
3123,DE-RAR,319,29,e iſt: wenn es 
3124,DE-RAR,319,29,an den Raͤndern der Fluͤſſe 
3125,DE-RAR,319,29,eines Meſſer⸗Ruͤcken dickes 
3126,DE-RAR,319,29,"Eis macht, welches aber "
3127,DE-RAR,319,29,bald nach aufgegangener 
3128,DE-RAR,319,29,Sonne wieder ſchmilzt. — 
3129,DE-RAR,319,29,Es iſt gefroren. Teiuleke. 
3130,DE-RAR,319,29,"Friſch, das Aufmunterungs⸗ "
3131,DE-RAR,319,29,"wort, bia, in der vielfachen "
3132,DE-RAR,319,29,"San Dan... , "
3133,DE-RAR,319,29,geofh. Tomoco 
3134,DE-RAR,319,29,"Froſtig. Thülameke, "
3135,DE-RAR,319,29,Frucht. Khutagäla. 
3136,DE-RAR,319,29,"Früh, Bea, bealiki, oder "
3137,DE-RAR,319,29,"tatld tajenalago, das heißt: "
3138,DE-RAR,319,29,es hat noch nicht getaget. 
3139,DE-RAR,319,29,zuchs. Paflätſebi. 
3140,DE-RAR,319,29,uͤllen. Putscha. 
3141,DE-RAR,319,29,Fuͤnfter. Malieje. 
3144,DE-RAR,319,29,Fuͤnfßehn. dlacoek | ämoba 
3147,DE-RAR,319,29,malik.“ 
3150,DE-RAR,319,29,"Fuͤr. Raje, täje, guitaje, co- "
3153,DE-RAR,319,29,laguitaje. z. B. für mich 
3156,DE-RAR,319,29,"wirſt du das thun, nehéegui- "
3159,DE-RAR,319,29,"taje ichéè mü jolafa. Kür, "
3162,DE-RAR,319,29,"oder anſtatt, dieſes wirft "
3163,DE-RAR,319,29,"du machen, icheraje mü jo- "
3166,DE-RAR,319,29,e | 
3167,DE-RAR,319,29,Furcht. Mahaguikl. Furcht 
3168,DE-RAR,319,29,"einjagen, mahäruje "
3169,DE-RAR,319,29,uͤrchten. Mahagun 
3170,DE-RAR,319,29,Furchtſam. Mahajameke. 
3171,DE-RAR,319,29,uͤrwahr. Gueva. 
3174,DE-RAR,319,29,"chen die Tarahumaren, "
3175,DE-RAR,319,29,wollen. 
3178,DE-RAR,319,29,Fuß. Talaı 
3179,DE-RAR,319,29,Worte koͤmmt der Name 
3182,DE-RAR,319,29,"Talahumali, oder Tarahü- "
3183,DE-RAR,319,29,Maulthiertreibern begegnet 
3184,DE-RAR,319,29,"iſt, welche aus der Haupt⸗ "
3187,DE-RAR,319,29,". mari her, f. Spiel. "
3188,DE-RAR,319,29,"jußfteig. Poveke,  * “ "
3191,DE-RAR,319,29,Gebirg. 
3194,DE-RAR,319,29,So ſpre- | 
3196,DE-RAR,319,29,De in einem ungeheuren Abs 
3198,DE-RAR,319,29,wann fie etwas betheuren «X 
3199,DE-RAR,319,29,IR 
3202,DE-RAR,319,29,Tala. Von dieſem 
3205,DE-RAR,319,29,319 
3208,DE-RAR,319,29,Nutütuje. Guelé⸗ 
3209,DE-RAR,319,29,ruje. e RE ü 
3210,DE-RAR,319,29,a G. 
3213,DE-RAR,319,29,or 
3216,DE-RAR,319,29,"Gaffen. Reteguä, "
3219,DE-RAR,319,29,"Gaͤhe, gaͤhlings, Belago, "
3220,DE-RAR,319,29,"Gallſuͤchtig. Ajonameke, "
3221,DE-RAR,319,29,"Gans, eine wilde. Rsch. "
3222,DE-RAR,319,29,Ganz. Jumärügameke _ 
3223,DE-RAR,319,29,"Garn. Socc, f. Flachs. "
3224,DE-RAR,319,29,Gaul. Cäu- 
3227,DE-RAR,319,29,Gebaͤhren. Rana oder tanas 
3230,DE-RAR,319,29,Gebaͤhrerin. Joje. 
3233,DE-RAR,319,29,Gebein. ‚Hotlchila. 
3236,DE-RAR,319,29,"'rügameke, 5 "
3237,DE-RAR,319,29,Gebieten. Nula. a 
3239,DE-RAR,319,29,R:guiguiki. Das 
3240,DE-RAR,319,29,Gebirg in Tarahumara iſt 
3241,DE-RAR,319,29,"hoch, ſteil und faſt graͤßlich, "
3244,DE-RAR,319,29,€ 0. and Aufferft ſchwer zu bes 
3245,DE-RAR,319,29,"uͤnf, Mali, maliki. 10 a ) "
3246,DE-RAR,320,30,| tretene Stuffen 
3249,DE-RAR,320,30,ſteigen. Man trifft aͤusge⸗ 
3250,DE-RAR,320,30,"an, auf "
3251,DE-RAR,320,30,welche die Pferde und Maul⸗ 
3252,DE-RAR,320,30,thiere einen Sprung auf⸗ 
3253,DE-RAR,320,30,waͤrts machen muͤſſen. Oft 
3256,DE-RAR,320,30,ſchmalen Felſenruͤcken an 
3257,DE-RAR,320,30,einem tiefen Abgrunde; oft 
3258,DE-RAR,320,30,muß man auf einem der 
3259,DE-RAR,320,30,"Laͤnge nach geſtreckten, und "
3260,DE-RAR,320,30,an einem Felſen oder Baum 
3261,DE-RAR,320,30,angeſtuͤtzten Balken feine 
3264,DE-RAR,320,30,"elſe fortfegen, nicht ohne "
3267,DE-RAR,320,30,"Furcht, daß nicht der Bal⸗ "
3268,DE-RAR,320,30,"ken hinabrolle, und den "
3269,DE-RAR,320,30,Reuter ſammt dem Thiere 
3272,DE-RAR,320,30,grund ſchleudere. Um einen 
3274,DE-RAR,320,30,Begriff von jenem Gebirge 
3275,DE-RAR,320,30,und deſſen gefährlichen Wer 
3276,DE-RAR,320,30,"gen zu machen, will ich nur "
3277,DE-RAR,320,30,"in Kuͤrze ſagen, was den "
3280,DE-RAR,320,30,| ſtabt 
3283,DE-RAR,320,30,ſieht man ſich auf einem 
3286,DE-RAR,320,30,320 
3289,DE-RAR,320,30,ſtadt Mexico den nothwen⸗ 
3292,DE-RAR,320,30,digen jährlichen Vorrath 
3293,DE-RAR,320,30,für die Kirche und Haus 
3294,DE-RAR,320,30,bedürfniffe zu uns Miſſiona⸗ 
3295,DE-RAR,320,30,"rien uͤberbrachten, ob fie "
3296,DE-RAR,320,30,gleich nicht alle Miſſionen 
3297,DE-RAR,320,30,"beſuchet, ſondern nur einen "
3300,DE-RAR,320,30,geraden Durchweg gemacht 
3303,DE-RAR,320,30,haben. Sie trieben wohl 
3304,DE-RAR,320,30,mehrere hundert beladene 
3305,DE-RAR,320,30,"Maulthiere, und nachdem "
3306,DE-RAR,320,30,"ſie jene gefaͤhrlichen Paͤſſe, "
3307,DE-RAR,320,30,wo ein Thier nach den an⸗ 
3308,DE-RAR,320,30,"deren fortſchreiten muſte, "
3309,DE-RAR,320,30,"zuruͤckgelegt hatten, und in "
3310,DE-RAR,320,30,ein Thal herabgekommen 
3311,DE-RAR,320,30,"waren, konnten ſie erſt als⸗ "
3312,DE-RAR,320,30,"dann wahrnehmen, wie viel "
3313,DE-RAR,320,30,ſich geſtuͤrzet und verloren 
3314,DE-RAR,320,30,hatten. N BT 
3315,DE-RAR,320,30,"Gebluͤt. Elaca, f. Blut. \ "
3316,DE-RAR,320,30,Gebot. 
3317,DE-RAR,320,30,Gebote. Macoeke nulalila. 
3318,DE-RAR,320,30,"Gebraten. ‚Guauguerügameke, "
3319,DE-RAR,320,30,Gedenken. Majé. N 
3320,DE-RAR,320,30,Gedeylich. Ogus. 1 
3321,DE-RAR,320,30,"Gegenwart, z. B. in meiner "
3322,DE-RAR,320,30,"Gegenwart, ne batani. "
3323,DE-RAR,320,30,"Gehen. Simi. Hoje, . Er "
3324,DE-RAR,320,30,"geht ſchon,  fimiba. Alſo "
3325,DE-RAR,320,30,ſagen auch die Tarahuma⸗ 
3326,DE-RAR,320,30,"ren, wenn der Kranke in "
3327,DE-RAR,320,30,die Zuͤgen greifet. So geh 
3328,DE-RAR,320,30,"doch, fimigo. Go oder co "
3329,DE-RAR,320,30,"ift eine Anhangsſylbe, welche "
3330,DE-RAR,320,30,die Bedeutung des Wortes 
3331,DE-RAR,320,30,dringender und nachdruͤck⸗ 
3332,DE-RAR,320,30,"licher machet, als: jolägo, "
3333,DE-RAR,320,30,"mache doch: hipeco, jetzt "
3334,DE-RAR,320,30,"gleich. — Es geht ab, rGco. "
3335,DE-RAR,320,30,Gehoͤr. Nachcäla. 
3336,DE-RAR,320,30,Gehoͤrlos. Necheatule. 
3337,DE-RAR,320,30,Geige. Raveéli. Die tarahu⸗ 
3338,DE-RAR,320,30,mariſche Geige iſt von ge⸗ 
3339,DE-RAR,320,30,"hobelten Bretchen gemacht, "
3340,DE-RAR,320,30,"mit Pech geleimt, und auͤch "
3343,DE-RAR,320,30,1 8 
3344,DE-RAR,320,30,* 
3347,DE-RAR,320,30,Deutſch⸗Tarahumariſches 
3350,DE-RAR,320,30,Nulälila. Die zehn „ 
3353,DE-RAR,320,30,y 
3354,DE-RAR,320,30,0 
3355,DE-RAR,320,30,N 
3356,DE-RAR,320,30,5 
3359,DE-RAR,320,30,"mit Darmſaiten beſpannt, "
3360,DE-RAR,320,30,mit welcher und einer klei⸗ 
3361,DE-RAR,320,30,nen Zitter ſie bey ihren 
3362,DE-RAR,320,30,Tanzen Muſik machen. 
3363,DE-RAR,320,30,"Geiß, Cambelätlchi, mit dem "
3364,DE-RAR,320,30,"Beyſatze: mukila, denn "
3365,DE-RAR,320,30,wenn es den Beck andeuten 
3366,DE-RAR,320,30,"ſoll, wird hoguila zugeſetzt. "
3367,DE-RAR,320,30,Geißeln. Guechpildco. Gegeiſ⸗ 
3368,DE-RAR,320,30,"ſelt, guechpiruc, | "
3371,DE-RAR,320,30,"Gelächter, Atfchilelila. "
3373,DE-RAR,320,30,Gelangen. Sera. 
3374,DE-RAR,320,30,"Geld. Guenomt, f. Metall. "
3375,DE-RAR,320,30,Gelehrt. Meiſebigameke. 
3378,DE-RAR,320,30,"Gelind, ſachte Keliki. * "
3379,DE-RAR,320,30,Gemach. Keliki. N 
3380,DE-RAR,320,30,"Gemahl, Cuna. Cunäls. "
3382,DE-RAR,320,30,Gemahlinn. Upila. Upi. 
3383,DE-RAR,320,30,"Geneſen. Sauguiba, oder wie "
3384,DE-RAR,320,30,ſie zu fagen pflegen: rachpé 
3385,DE-RAR,320,30,"ne ganile, ich bin etwas ge⸗ "
3388,DE-RAR,320,30,Geſchehen. Es geſchieht. Jeki. 
3389,DE-RAR,320,30,"Es iſt geſchehen, oder ge⸗ "
3390,DE-RAR,320,30,"macht worden, jolarupa, "
3391,DE-RAR,320,30,oder neguarupa. 
3392,DE-RAR,320,30,Geſchirr. Beehtoleke. 
3393,DE-RAR,320,30,"Geſchmack. Igue ga, das heißt: "
3394,DE-RAR,320,30,"Geſchwind. Hia, hiaga: viel "
3395,DE-RAR,320,30,fach asi. Beläge. Ge 
3396,DE-RAR,320,30,"ſchwind, das Beywort. Gua · "
3397,DE-RAR,320,30,lineke. 1 3 
3398,DE-RAR,320,30,Geſegnet. Galerſaneliamek e. 
3399,DE-RAR,320,30,Geſicht. Retéguala. 
3400,DE-RAR,320,30,Geſtern. Topaeo. 
3401,DE-RAR,320,30,Geſtirn. Sopoli. 1 
3402,DE-RAR,320,30,"Geſund. Ganelismeke, d. i. "
3403,DE-RAR,320,30,dem es wohlgehet. Wenn 
3404,DE-RAR,320,30,ich aber frage: wie befindeſt 
3405,DE-RAR,320,30,"du dich? atichi mü inile, fe "
3406,DE-RAR,320,30,ant⸗ 
3409,DE-RAR,320,30,Wörterbuh. 
3412,DE-RAR,320,30,antwortet er: ganemile: ich 
3413,DE-RAR,320,30,"bin geſund, oder wohlauf. "
3414,DE-RAR,320,30,Geſundheit. Hanileliki. 
3415,DE-RAR,320,30,"eſund ſeyn, Ganinile. "
3416,DE-RAR,320,30,"Betauft. ‚Pagorügsmeke, Sie "
3417,DE-RAR,320,30,pflegen auch zu ſagen: Ipa- 
3418,DE-RAR,320,30,gatllusmeke. 10 
3419,DE-RAR,320,30,Getränk. Ein Getraͤnk der 
3420,DE-RAR,320,30,"Tarahumaren heiſt Paraliki, "
3421,DE-RAR,320,30,womit ſie ſich berauſchen. 
3422,DE-RAR,321,31,Es wird alſo zubereitet: der 
3423,DE-RAR,321,31,tuͤrkſche Weizen wird einge⸗ 
3424,DE-RAR,321,31,"graben, bis er zu keimen "
3427,DE-RAR,321,31,anfängt; alsdann wird er 
3428,DE-RAR,321,31,mit Waſſer auf einem Reib⸗ 
3431,DE-RAR,321,31,"ſteine abgetrieben, in Toͤpfe "
3432,DE-RAR,321,31,oder in große ausgehoͤhlte 
3433,DE-RAR,321,31,"Kuͤrbiſſe gefuͤllt, dieſe zum "
3434,DE-RAR,321,31,Feuer oder in die Sonne 
3435,DE-RAR,321,31,"geſtellt, damit er gaͤhre und "
3436,DE-RAR,321,31,eine Schaͤrfe bekomme. Die⸗ 
3437,DE-RAR,321,31,"ſes Getraͤnk, welches ſie auch "
3438,DE-RAR,321,31,"Schuguiki nennen, ward "
3439,DE-RAR,321,31,ihnen auf das ſchaͤrfſte ver⸗ 
3440,DE-RAR,321,31,"boten, weil bey dergleichen "
3441,DE-RAR,321,31,Saufereyen ſich gemeinig⸗ 
3442,DE-RAR,321,31,lich Ungluͤcksfälle ereigne⸗ 
3443,DE-RAR,321,31,ten. Sie verbargen ſich alſo 
3444,DE-RAR,321,31,"in die Wildniſſe, um ihre "
3447,DE-RAR,321,31,"Freyheit zu genieſſen, und "
3450,DE-RAR,321,31,wenn ſie verrathen oder von 
3452,DE-RAR,321,31,den Miſſionarien uͤberfallen 
3453,DE-RAR,321,31,"wurden, mußte man ſich ei⸗ "
3454,DE-RAR,321,31,ner großen Beſcheidenheit 
3455,DE-RAR,321,31,"dabey bedienen, um das "
3456,DE-RAR,321,31,weitere Saufen zu verhuͤ⸗ 
3457,DE-RAR,321,31,ten und ſie auseinander zu 
3458,DE-RAR,321,31,bringen. Denn obgleich die 
3461,DE-RAR,321,31,"Tarahumaren, fo lange fie Gewaͤſſert. bauguirügemeke. "
3464,DE-RAR,321,31,"ſchonen ſie keinem, der mit "
3465,DE-RAR,321,31,ihnen anbindet. — 
3467,DE-RAR,321,31,Ein anderes bey den Me⸗ 
3468,DE-RAR,321,31,xicanern gewoͤhnliches Ge⸗ 
3469,DE-RAR,321,31,traͤnkt heißt mit einem me⸗ 
3470,DE-RAR,321,31,"xicaniſchen Worte Pülke, "
3471,DE-RAR,321,31,welches aus den großen A⸗ 
3472,DE-RAR,321,31,loepflanzen gezogen wird. 
3473,DE-RAR,321,31,Der mäßige Gebrauch def: 
3474,DE-RAR,321,31,"ſelben iſt ſehr geſund, aber "
3475,DE-RAR,321,31,"unmaͤßig genommen, da be⸗ "
3476,DE-RAR,321,31,rauſcht es wie Wein oder 
3477,DE-RAR,321,31,ſtarkes Bier. Es iſt weiß 
3480,DE-RAR,321,31,von Farbe und hinterlaͤßt 
3483,DE-RAR,321,31,im Geſchirr einen 2 Finger⸗ 
3484,DE-RAR,321,31,"dicken Satz, gleich denen "
3485,DE-RAR,321,31,"Hefen, der aber nicht ſchaͤd⸗ "
3486,DE-RAR,321,31,lich iſt. Von dieſem Aloe⸗ 
3489,DE-RAR,321,31,getraͤnke werden täglich 
3492,DE-RAR,321,31,gleich am erfien Morgen 
3493,DE-RAR,321,31,viele 1000 Eymer in leder⸗ 
3494,DE-RAR,321,31,nen Saͤcken auf Maulthie⸗ 
3497,DE-RAR,321,31,ren in die Hauptſtadt Me⸗ 
3500,DE-RAR,321,31,"kico gebracht, und von ein⸗ "
3501,DE-RAR,321,31,"gebornen Mexicanern, von "
3504,DE-RAR,321,31,"Mulatten, Meſtizen und | "
3507,DE-RAR,321,31,dergleichen Geſindel aufge: 
3510,DE-RAR,321,31,zehrt; denn kein Spanier 
3513,DE-RAR,321,31,findet ſich bey dergleichen 
3514,DE-RAR,321,31,Pulckereyen ein. Es en 
3515,DE-RAR,321,31,auch nicht zu einem gewoͤn⸗ 
3516,DE-RAR,321,31,lichen Haus: oder Tiſchtrunk 
3517,DE-RAR,321,31,"geholt, weil nur Waſſer ge⸗ "
3520,DE-RAR,321,31,trunken wird. 
3521,DE-RAR,321,31,Getreidemaaß. Tichivavoli. 
3524,DE-RAR,321,31,"Eine Metze, welche die dor⸗ "
3527,DE-RAR,321,31,"tigen Spanier Fanega, oder "
3530,DE-RAR,321,31,oder auch Aneya nennen. 
3533,DE-RAR,321,31,"nuͤchtern find, ſich ziemlich Gewebe. Ulehini. So nennen "
3536,DE-RAR,321,31,"gelaſſen betragen, ſo daß ich "
3537,DE-RAR,321,31,niemals zwey miteinander 
3538,DE-RAR,321,31,habe zanken gehoͤrt: ſo ſind 
3539,DE-RAR,321,31,ſie doch ſehr wild und un⸗ 
3540,DE-RAR,321,31,"baͤndig, wenn ſie viel ge⸗ "
3541,DE-RAR,321,31,trunken haben „denn da 
3544,DE-RAR,321,31,2 ein ſpaniſches Wort iſt. 
3547,DE-RAR,321,31,die Tarahumanen alles Lein⸗ 
3548,DE-RAR,321,31,"und Baumwollengewebe, "
3549,DE-RAR,321,31,obwol ſie auch die aus 
3550,DE-RAR,321,31,Baumwolle verfertigte Lein⸗ 
3551,DE-RAR,321,31,"wand Patio heiſſen, welches "
3554,DE-RAR,321,31,Ge⸗ 
3557,DE-RAR,321,31,321 
3560,DE-RAR,321,31,Gewinnen. Mera. 
3561,DE-RAR,321,31,"Gewiß, fuͤrwahr. Guévs. "
3562,DE-RAR,321,31,Geyer. Raugui. 
3564,DE-RAR,321,31,"Giebel, Gipfel. Cuväla, "
3565,DE-RAR,321,31,Gieſſen. Comigu un. 
3566,DE-RAR,321,31,Glänzend. Repagameke. 
3567,DE-RAR,321,31,"Glas, ſ. Metall. "
3570,DE-RAR,321,31,Glaskorallen. Cologuac Die 
3571,DE-RAR,321,31,gemeinen Korallen mit de⸗ 
3574,DE-RAR,321,31,nen ſich auch die Tarahuma⸗ 
3575,DE-RAR,321,31,ren um den Hais zu zieren 
3578,DE-RAR,321,31,"pflegen, ſind ſchoͤne rothe "
3579,DE-RAR,321,31,"Bohnen, die unſern Hah⸗ "
3582,DE-RAR,321,31,"hnenbutten aͤhnlich find, "
3583,DE-RAR,321,31,Glatten. Aaſſisi. 
3585,DE-RAR,321,31,Glaube. bitlebiguali. 
3586,DE-RAR,321,31,Glauben. bitlehigé. 
3587,DE-RAR,321,31,"Gleichwie. Mapü rec, Imaplı "
3590,DE-RAR,321,31,"sexega Harichi revega, "
3591,DE-RAR,321,31,hatſchi rech. 
3592,DE-RAR,321,31,Glocke. Man ſoll die Glocke 
3595,DE-RAR,321,31,läuten. Guechpimela. 
3597,DE-RAR,321,31,Gluͤcklich. Ganellameke. 
3599,DE-RAR,321,31,"Glückſeligkeit. Ganileliki, "
3601,DE-RAR,321,31,Gluͤckſeligmachen. Gamiléruje. 
3603,DE-RAR,321,31,Glut. Naiki. N 
3605,DE-RAR,321,31,"Gold, ſ. Metall. "
3607,DE-RAR,322,32,Gott. Sie haben hiezu zwar 
3608,DE-RAR,322,32,"kein eigenes Wort, ſagen "
3609,DE-RAR,322,32,"aber Tepagotigameke, oder "
3610,DE-RAR,322,32,Repsgarigameke; der oben iſt; 
3613,DE-RAR,322,32,ob wol man fie auch ſchon ges 
3614,DE-RAR,322,32,"woͤhnt hat zu ſagen DS, "
3617,DE-RAR,322,32,nach dem ſpaniſchen Dos. 
3618,DE-RAR,322,32,Graben. Höco. Man ſoll gras 
3619,DE-RAR,322,32,hen. Hamel. 
3621,DE-RAR,322,32,zrabſcheit. Nachpiguäleke. 
3622,DE-RAR,322,32,Gras. Pacız bedeutet eigent⸗ 
3623,DE-RAR,322,32,"lich das welke Gras, wel⸗ "
3624,DE-RAR,322,32,ches den Pferden u. Maul⸗ 
3625,DE-RAR,322,32,"thieren, wenn ſie eingetrie⸗ "
3626,DE-RAR,322,32,"ben werden, vorgeworfen "
3627,DE-RAR,322,32,wird. Denn in Amerika 
3628,DE-RAR,322,32,"wird kein Heu gemacht, auch "
3629,DE-RAR,322,32,"kein Stroh aufbewahret, "
3630,DE-RAR,322,32,ſondern im Schnitt werden 
3633,DE-RAR,322,32,Deutſch⸗Tarahumariſches 
3636,DE-RAR,322,32,die Aehren faſt ganz dben 
3637,DE-RAR,322,32,"abgenommen u, das Stroh "
3639,DE-RAR,322,32,angezündet: u 
3640,DE-RAR,322,32,Grauen. Ikitsiih : 
3643,DE-RAR,322,32,Greifen. Tichapi. 
3646,DE-RAR,322,32,Greis. Otlehéramekke. 
3647,DE-RAR,322,32,"Gries. Cuvirufi, oder Gubirufi, "
3648,DE-RAR,322,32,"Ku iruli, Der dortige Gries "
3649,DE-RAR,322,32,wird aus gepragelten tuͤrki⸗ 
3650,DE-RAR,322,32,ſchen Weitzen gerieben. So 
3651,DE-RAR,322,32,lange die Tarahumaren kei⸗ 
3652,DE-RAR,322,32,"nen Mangel daran leiden, "
3653,DE-RAR,322,32,"befinden ſie ſich nebſt dem, "
3654,DE-RAR,322,32,was ſie durch das Fiſchen u. 
3655,DE-RAR,322,32,"Jagen erwerben, ganz wohl. "
3656,DE-RAR,322,32,ieſer Gries iſt ihr Mund⸗ 
3657,DE-RAR,322,32,"vorrath auf der Reiſe, den "
3658,DE-RAR,322,32,ſie in einem ledernen Saͤck⸗ 
3659,DE-RAR,322,32,lein bey ſich tragen. Wenn 
3660,DE-RAR,322,32,"ſich der Hunger anmeldet, "
3661,DE-RAR,322,32,"werfen ſie, ſo viel man 2 oder "
3662,DE-RAR,322,32,zmal mit 3 Fingern faſſen 
3663,DE-RAR,322,32,"kann, in eine halbe Kuͤrbis⸗ "
3664,DE-RAR,322,32,"ſchaale, gieſſen Waſſer dar⸗ "
3665,DE-RAR,322,32,"auf, ruͤhren es wohl herum, "
3666,DE-RAR,322,32,"trinken es aus, und hiemit "
3667,DE-RAR,322,32,haben ſie auf einmal den 
3668,DE-RAR,322,32,Hunger und Durſt geſtillt. 
3669,DE-RAR,322,32,Becher. Ohne dieſen Vor⸗ 
3670,DE-RAR,322,32,rath entfernt ſich der Tara⸗ 
3671,DE-RAR,322,32,"humare nicht weit, gleich⸗ "
3672,DE-RAR,322,32,wie er feinen Bogen u. Koͤ⸗ 
3673,DE-RAR,322,32,"cher, und ein kleines Saͤck⸗ "
3674,DE-RAR,322,32,"lein allezeit bey ſich hat, in "
3675,DE-RAR,322,32,"welchem ein Feuerſtein, "
3676,DE-RAR,322,32,Stahl und Brennſchwamm 
3677,DE-RAR,322,32,"iſt: denn wo er uͤbernachtet, "
3679,DE-RAR,322,32,da muß er Feuer haben. 
3680,DE-RAR,322,32,Ich bemerke allhter noch 
3681,DE-RAR,322,32,folgende Stuͤcke: I) der Ta⸗ 
3682,DE-RAR,322,32,"rahumar achtet es nicht, "
3683,DE-RAR,322,32,wenn durch ſein Feuer ein 
3684,DE-RAR,322,32,"Brand im Graſe, oder in ei⸗ "
3685,DE-RAR,322,32,ner Waldung auf eine oder 
3686,DE-RAR,322,32,mehrere Meilen entſtehet. 
3687,DE-RAR,322,32,2) Er zuͤndet ſich auf eine 
3688,DE-RAR,322,32,ge⸗ 
3691,DE-RAR,322,32,geſchwinde Art das Feuer 
3692,DE-RAR,322,32,an. Er ſucht ſich nemlich ei⸗ 
3693,DE-RAR,322,32,"nen duͤrren, aber noch run⸗ "
3696,DE-RAR,322,32,"den Pferdmiſt, legt in deſſen "
3699,DE-RAR,322,32,Mitte einen glimmenden 
3700,DE-RAR,322,32,"Schwamm, bedeckt ihn mit "
3703,DE-RAR,322,32,"duͤrrem Graſe, und facht es "
3706,DE-RAR,323,33,"mit der Hand an, wodurch "
3707,DE-RAR,323,33,alsbald eine Flamme ent⸗ 
3708,DE-RAR,323,33,ſteht. Dieſen brennenden 
3709,DE-RAR,323,33,"Buſch wirft er auf die Erde, "
3710,DE-RAR,323,33,legt kleine duͤrre Aeſte dar⸗ 
3711,DE-RAR,323,33,"auf, und damit hat er Feuer. "
3712,DE-RAR,323,33,* auer te oft durch dergl. 
3713,DE-RAR,323,33,brennende Gegenden reu⸗ 
3714,DE-RAR,323,33,"ten, in welchen nicht ſo ſehr "
3715,DE-RAR,323,33,die in Aſche gelegten Baͤu⸗ 
3716,DE-RAR,323,33,"me, (denn das Holz wird "
3717,DE-RAR,323,33,"dort fuͤr nichts geachtet), als "
3718,DE-RAR,323,33,die Verwuͤſtung der Vieh⸗ 
3719,DE-RAR,323,33,weide zu bedauern war. 
3721,DE-RAR,323,33,"Groß, Eu ld. Größer, Gue- "
3722,DE-RAR,323,33,"lub. So groß, erlchuſ u. "
3723,DE-RAR,323,33,"Großvater, Cotto. Von Sei⸗ "
3726,DE-RAR,323,33,"ten des Vaters, Tare'a. Von "
3729,DE-RAR,323,33,"„ Seiten der Mutter, Suild, "
3732,DE-RAR,323,33,"rün, Pas sagueameke, Sie "
3735,DE-RAR,323,33,# agree oft gar das 
3736,DE-RAR,323,33,"- Grüne mit dem Blauen, und "
3737,DE-RAR,323,33,"ſagen auch :chiögameke, "
3740,DE-RAR,323,33,"ruͤßen, Tuguira. Nacuguita. "
3743,DE-RAR,323,33,Die Tarahumaren gruͤßen 
3744,DE-RAR,323,33,einander alſo: Diöfi mi cu- 
3745,DE-RAR,323,33,4 er Gott helfe oder ſtehe 
3746,DE-RAR,323,33,dir bey; worauf der andere 
3747,DE-RAR,323,33,"alſo antwortet: Diöli, mi "
3748,DE-RAR,323,33,"nachtetüjera, Gott vergelte "
3749,DE-RAR,323,33,es dir. 1 
3752,DE-RAR,323,33,"uͤrtel, Gaisma. "
3754,DE-RAR,323,33,"uͤrtlein, Naſſibula. "
3755,DE-RAR,323,33,"en Zela, galala, gans. "
3756,DE-RAR,323,33,"Schon gut, gaba, ganeba. "
3757,DE-RAR,323,33,"Beſſer, galsbs. Etwas beſ⸗ "
3758,DE-RAR,323,33,"ſer, galabe tleuigö. Am be: "
3759,DE-RAR,323,33,"ſten, igue ga, oder fo gut, "
3760,DE-RAR,323,33,"daß es nicht beſſer ſeyn Fan, "
3761,DE-RAR,323,33,Fals ta simega. a 
3764,DE-RAR,323,33,* 
3767,DE-RAR,323,33,Woͤrterbuch. 3323 
3770,DE-RAR,323,33,"aar, Kupäka, oder Rupala. "
3771,DE-RAR,323,33,"aben, Naiigue. ſ. Beſitzen. "
3772,DE-RAR,323,33,"abicht, Raugui. "
3773,DE-RAR,323,33,"acke, Tepuſdka. "
3774,DE-RAR,323,33,"acken, Tepula, depurä, "
3775,DE-RAR,323,33,"afen, Tichicoliii, "
3776,DE-RAR,323,33,"2 Rheheke, | N "
3777,DE-RAR,323,33,Hah | 0 
3778,DE-RAR,323,33,In jenen Gebirgen ſind 
3779,DE-RAR,323,33,ihrer ſehr viele. | 
3780,DE-RAR,323,33,"halb, Hälfte, Nalsrpa. "
3781,DE-RAR,323,33,"dals, Khutala. "
3783,DE-RAR,323,33,"alten, dafuͤr, Maje. "
3786,DE-RAR,323,33,"ammel, Pouguäca. f, Schaaf, "
3789,DE-RAR,323,33,"and, Seas. "
3791,DE-RAR,323,33,"Hanf, ſ. Flachs. "
3793,DE-RAR,323,33,"Sarnen, Sin; nis "
3795,DE-RAR,323,33,"Hart, Peguämeke. Es ift hart, "
3797,DE-RAR,323,33,“ Pegua. Das iſt ſehr hart: 
3798,DE-RAR,323,33,iche !gue p:guäm.k uceu. 
3799,DE-RAR,323,33,Von pegua haben die Tepe⸗ 
3800,DE-RAR,323,33,guanen ihren Namen: eine 
3801,DE-RAR,324,34,"wilde, aufruͤhriſche und noch "
3802,DE-RAR,324,34,immer widerſpenſtige Nati⸗ 
3803,DE-RAR,324,34,"on, welche mit unſern Ta⸗ "
3804,DE-RAR,324,34,rahumaren granzet. Sie 
3805,DE-RAR,324,34,555 etliche aus den Miſ⸗ 
3806,DE-RAR,324,34,ionarien und viele Spanier 
3809,DE-RAR,324,34,getoͤdtet. Ihr Name deutet 
3812,DE-RAR,324,34,"ihren Charakter an, denn "
3814,DE-RAR,324,34,Tepeguane heißt faſt ſo viel 
3815,DE-RAR,324,34,als ſteinharte Leute. 
3816,DE-RAR,324,34,"Härten, Igueruje, "
3817,DE-RAR,324,34,"Haſe, Tichärgje, „ "
3818,DE-RAR,324,34,"e Tkitsiki, Satiruje. "
3821,DE-RAR,324,34,"daue, Hacke, Nachpigualeke. "
3824,DE-RAR,324,34,"Hauen, Tepuiä, tepura, ſikä. "
3827,DE-RAR,324,34,"Gehauen, ſikirügameke. "
3830,DE-RAR,324,34,"aupt, Mola. "
3831,DE-RAR,324,34,"aus, Bechteke. Geh nach "
3832,DE-RAR,324,34,"Haus, Beccù, oder cul. mi. "
3833,DE-RAR,324,34,"aͤusgen, Caliki, ſ. Bauen. "
3834,DE-RAR,324,34,"haut, Guit'chila, "
3836,DE-RAR,324,34,"eften, Chäva, "
3839,DE-RAR,324,34,"Heide, Ta pagotügamekke. d. i. "
3842,DE-RAR,324,34,Ungetauft. 
3843,DE-RAR,324,34,"1 Heil, "
3846,DE-RAR,324,34,"n, indianiſcher, Tfchivi. "
3849,DE-RAR,324,34,324 
3852,DE-RAR,324,34,"Heil, Ganileliki. "
3855,DE-RAR,324,34,"Heilend, heilfam, Ogue. Oga- "
3858,DE-RAR,324,34,jameke. 
3860,DE-RAR,324,34,"Heiß, Baſſujameke, oder igué "
3861,DE-RAR,324,34,"rachragameke- Es iſt heiß, "
3862,DE-RAR,324,34,Racha. 2. 885 
3864,DE-RAR,324,34,"Heiſſen, Namen haben, Regus, "
3865,DE-RAR,324,34,oder regucke z. B. wie heißt 
3866,DE-RAR,324,34,du Aartchı mü regueke? Ich 
3868,DE-RAR,324,34,"heiß Johan, ſuda ns regueke. "
3870,DE-RAR,324,34,"Heitern, es heitert ſich, Tajena. "
3872,DE-RAR,324,34,"Helfen, Cugui. 5 "
3874,DE-RAR,324,34,"Helfer, Cuguismeke. "
3876,DE-RAR,324,34,"Hell, es wird hell, Tajenaba. "
3878,DE-RAR,324,34,"Henne, Toroli. g "
3880,DE-RAR,324,34,"Her, Ca, Guaca, kind, vakinä. "
3882,DE-RAR,324,34,"Herabfallen, Niſehigò. "
3884,DE-RAR,324,34,"Herausgehen, Matlchi ne ſimi. "
3886,DE-RAR,324,34,"Herbergen, Bechts. "
3887,DE-RAR,324,34,"erbeyrufen, Baje oder bejenu- "
3888,DE-RAR,324,34,"le. Herbeygerufen, Bajeliruk. "
3890,DE-RAR,324,34,"Herbeytreten, Nagua, oder "
3893,DE-RAR,324,34,amulipi mè ſimi. 
3896,DE-RAR,324,34,"Herbringen, To. Hergebracht "
3899,DE-RAR,324,34,Törugameke. 
3900,DE-RAR,324,34,"Hernach, Guerachpèco; als ob "
3901,DE-RAR,324,34,"gefagt wuͤrde, pugue rach- "
3902,DE-RAR,324,34,peco. 
3903,DE-RAR,324,34,Guitlöco. 
3904,DE-RAR,324,34,Herr. Von einem gebietenden 
3905,DE-RAR,324,34,"Herrn, (Dynaſten) haben "
3906,DE-RAR,324,34,die Tarahumaren keinen 
3907,DE-RAR,324,34,Begriff. Bey den Mexika⸗ 
3908,DE-RAR,324,34,nern aber heiſſen ſie Calsike. 
3909,DE-RAR,324,34,"Herrſchen, Seh. "
3910,DE-RAR,324,34,"Herrſcher, Seliameke, Alſo nen: "
3911,DE-RAR,324,34,nen die Tarahumaren ihren 
3912,DE-RAR,324,34,Dorfrichter. 
3913,DE-RAR,324,34,"Hertragen, Tö. Trag es "
3916,DE-RAR,324,34,— 
3919,DE-RAR,324,34,"her, "
3920,DE-RAR,324,34,"Ca ıö, oder guacatd. a "
3923,DE-RAR,324,34,"Heruͤber, Vakina. "
3926,DE-RAR,324,34,"Herumgehen, Nolre. 5 "
3927,DE-RAR,324,34,"Herz, Sulala, Im Herzen, Su- "
3928,DE-RAR,324,34,latlchie 
3931,DE-RAR,324,34,"Herzunahen, f. herbeytreten. "
3934,DE-RAR,324,34,"Warte ein wenig, "
3937,DE-RAR,324,34,Deutſch⸗Tarahumariſches 
3940,DE-RAR,324,34,"Heulen, Nslagui. "
3941,DE-RAR,324,34,"Heurath, Tichapirügelilä. "
3942,DE-RAR,324,34,"Heurathen, einen Mann neh⸗ "
3943,DE-RAR,324,34,"men, Tehöje tichapi. Ein "
3944,DE-RAR,324,34,"Weib nehmen, wu ü tfchapı. "
3945,DE-RAR,324,34,Daher nannten ſie in der 
3947,DE-RAR,324,34,Kirche das Eheverloͤbniß 
3948,DE-RAR,324,34,alſo: Tehöje muki tichapiru- 
3949,DE-RAR,324,34,jehia. 
3951,DE-RAR,324,34,"Heut, Hipeba. Von heute an, "
3952,DE-RAR,324,34,Hipe hoinela. 
3954,DE-RAR,324,34,"Hie, ſ. hier. "
3956,DE-RAR,324,34,"Hiedurch, La. "
3958,DE-RAR,324,34,"Hier, be oder hena ibe. Von "
3959,DE-RAR,324,34,"hier, guana. Von hier bis "
3960,DE-RAR,324,34,"dorthin, Ide boineſa. "
3962,DE-RAR,325,35,Himmel. Sie haben kein ei⸗ 
3963,DE-RAR,325,35,"genes Wort dazu, ſie ſagen "
3964,DE-RAR,325,35,"aber, guamĩ repa, oder guami "
3965,DE-RAR,325,35,"reguiki, oder reregatſchi. "
3967,DE-RAR,325,35,"Hinab, Tele. Telégons. "
3969,DE-RAR,325,35,"Hinabſchlingen, Guagus. "
3971,DE-RAR,325,35,"Hinabſteigen, Tele Ami. "
3973,DE-RAR,325,35,"Hinauf, Regui. "
3975,DE-RAR,325,35,"Hinaufſteigen, Tepa ne ſimi. "
3977,DE-RAR,325,35,"Hinaus, Matſchf. Dieſes "
3978,DE-RAR,325,35,Wortes matlebi gebrauchen 
3979,DE-RAR,325,35,ſich die Tarahumaren auf 
3980,DE-RAR,325,35,verſchiedene Arten. Es heiſt 
3981,DE-RAR,325,35,bey ihnen auch ſehen u. wi 
3982,DE-RAR,325,35,"ſen, z. B. Tane matſchi, i "
3984,DE-RAR,325,35,"ſehe, oder ich weiß es nicht. "
3986,DE-RAR,325,35,"Hinausgehen, Matichi ne ſimi. "
3988,DE-RAR,325,35,"Hinaus jagen, hinauswerfen, "
3989,DE-RAR,325,35,Matſchina. 8 5 
3991,DE-RAR,325,35,"Hineintragen, Tepatfä né to. "
3993,DE-RAR,325,35,"Hineinwerfen, Tepatä ne "
3994,DE-RAR,325,35,tichaä 3 
3996,DE-RAR,325,35,"von Hinnen, Guana. Seguji, "
3998,DE-RAR,325,35,"Hinuͤber, Paugud. | "
4000,DE-RAR,325,35,"inunter, Tele. Telegona. ° "
4001,DE-RAR,325,35,"inweg, Seguin. "
4003,DE-RAR,325,35,"Hinwegreiſſen, Tfchapi. "
4005,DE-RAR,325,35,"inwegtragen, P Hinweg. "
4006,DE-RAR,325,35,"getragen, Parügame ke. "
4009,DE-RAR,325,35,Hin⸗ 
4012,DE-RAR,325,35,Wörterbuch. 
4015,DE-RAR,325,35,"Hinzugehen, Nagug. Amulipi "
4016,DE-RAR,325,35,ne lidl. N 
4019,DE-RAR,325,35,"Hirſch, Büra. f Reh. "
4020,DE-RAR,325,35,"Hobeln, Mafisi, Es muß ge⸗ "
4021,DE-RAR,325,35,"hobelt werden, Matlisipos, "
4022,DE-RAR,325,35,"Hoch, ‚Tepä, Repa. Höher, Te- "
4024,DE-RAR,325,35,pb. 
4027,DE-RAR,325,35,"Höch Tfchapirügelila, "
4028,DE-RAR,325,35,"öhle, Ted. "
4029,DE-RAR,325,35,Hoffen. Man hat kein eigenes 
4030,DE-RAR,325,35,"Wort, ſondern man ſagt: "
4031,DE-RAR,325,35,"puguèe, erwarten. "
4032,DE-RAR,325,35,Pole Hötuke. 
4033,DE-RAR,325,35,"ölle, Weil ſie kein eigentli "
4036,DE-RAR,325,35,"ches Wort dafuͤr haben, ſo "
4039,DE-RAR,325,35,gebraucht man ſich einer 
4040,DE-RAR,325,35,"Ammſchreibung, a guamj "
4041,DE-RAR,325,35,"tele, mapü diaplosi, weit "
4042,DE-RAR,325,35,"unten, wo der Teufel iſt; "
4043,DE-RAR,325,35,oder: mapü guelä maikj 
4044,DE-RAR,325,35,"hüccu, wo das große Feuer "
4047,DE-RAR,325,35,1 . 2 . 
4048,DE-RAR,325,35,"Holz, Cusiki, Breſiholz, Küſſu. "
4049,DE-RAR,325,35,"Hoͤlzern, Cusigameke, "
4050,DE-RAR,325,35,"Hoͤren, Kake. n "
4051,DE-RAR,325,35,"Horn, Auguäca. "
4052,DE-RAR,325,35,"Hüte, Reguiguiki, "
4053,DE-RAR,325,35,"Huͤlfe, Cugnila. | "
4054,DE-RAR,325,35,"Huͤlfsmittel, Arzeney, Ogu£a- "
4055,DE-RAR,325,35,r 5 
4056,DE-RAR,325,35,"Huͤlſenfrucht, Muni. Das ift "
4057,DE-RAR,325,35,der allgemeine Name aller 
4058,DE-RAR,325,35,"HBuͤlſenfruͤchte, den einzigen "
4059,DE-RAR,325,35,tuͤrkiſchen Weizen ausge⸗ 
4060,DE-RAR,325,35,"nommen, der Sunücu, oder "
4061,DE-RAR,325,35,Schunüeu heiſt. Andere 
4062,DE-RAR,325,35,Gattungen muͤſſen durch ein 
4063,DE-RAR,325,35,zugeſetztes Beywort unter⸗ 
4064,DE-RAR,325,35,"ſchieden werden, als: Lin⸗ "
4065,DE-RAR,325,35,"fen, Muni tichiperämeke, "
4066,DE-RAR,325,35,"Glatte Huͤlſenfruͤchte, Muni "
4067,DE-RAR,325,35,"ö eavolaméke, Erbſen oder "
4068,DE-RAR,325,35,runde Huͤlſenfruͤchte ꝛc. 
4069,DE-RAR,325,35,"Huhn, Lotoli. 155 "
4070,DE-RAR,325,35,"und, Cocotſchi. "
4073,DE-RAR,325,35,325 
4076,DE-RAR,325,35,"Hundert, Maköclla moköck. "
4077,DE-RAR,325,35,Hundert Jahre macöck ma- 
4078,DE-RAR,325,35,cöcffa. pamı. | 
4080,DE-RAR,325,35,erte Tſchuluꝑuitſi. 
4081,DE-RAR,325,35,"ungrig. Tichulugueameke, "
4082,DE-RAR,325,35,"urtig, Gualineke. "
4084,DE-RAR,325,35,Hartig „das Nebenwort: Be- 
4085,DE-RAR,325,35,lago. 0 
4087,DE-RAR,325,35,"Huſten, Calliaiki. 9 80 "
4089,DE-RAR,325,35,Hut Cojatſchi. 
4091,DE-RAR,325,35,"Huͤten, Nells. "
4093,DE-RAR,325,35,"Hüter, Neſſéeameke. "
4095,DE-RAR,325,35,"Huͤtte, Caliki, ſ. Bauen. "
4098,DE-RAR,325,35,\ 7 
4100,DE-RAR,325,35,"Ja, ü. Erü. Hü. Hüli. Hüne. "
4101,DE-RAR,325,35,Hüſtine. Wenn die Tarahu⸗ 
4102,DE-RAR,325,35,"maren zu dem, was ihnen "
4103,DE-RAR,325,35,"vorgetragen wird, das erü "
4104,DE-RAR,325,35,"oͤfters wiederholen, ſo iſts "
4105,DE-RAR,326,36,"ein Zeichen, daß ihnen das "
4107,DE-RAR,326,36,"gefalle, was ſie hoͤren, und "
4108,DE-RAR,326,36,daß es von ihnen mit Bey⸗ 
4109,DE-RAR,326,36,fall angenommen werde. 
4110,DE-RAR,326,36,Denn ü und hü haben ſchon 
4111,DE-RAR,326,36,keine ſo angenehme Bedeu⸗ 
4112,DE-RAR,326,36,"tung, ſondern ſind nur ge⸗ "
4113,DE-RAR,326,36,"meine Antworten, die ſie "
4114,DE-RAR,326,36,auf eine Frage glattweg er⸗ 
4115,DE-RAR,326,36,"wiedern, als z. B. Haſt du "
4116,DE-RAR,326,36,dieſes gemacht? kla mu jo- 
4117,DE-RAR,326,36,"datla iche? Antwort: Ja, "
4118,DE-RAR,326,36,ich habe es gemacht: Hü 
4119,DE-RAR,326,36,jolä colanego. Hüne bedeu⸗ 
4120,DE-RAR,326,36,tet eine freundliche Erwie⸗ 
4121,DE-RAR,326,36,derung. Wenn aber der Tas 
4122,DE-RAR,326,36,rahumar hütſine von ſich 
4123,DE-RAR,326,36,"hoͤren laͤßt, ſo hat dieſe Ant⸗ "
4124,DE-RAR,326,36,wort etwas zaͤrtliches an 
4125,DE-RAR,326,36,"ſich, und bedeutet ſeine Be⸗ "
4126,DE-RAR,326,36,"reitwilligkeit das zu thun, "
4128,DE-RAR,326,36,was man verlangt. 
4130,DE-RAR,326,36,"Jahr, Fomivaliki. Jahre, pa- "
4132,DE-RAR,326,36,"mivall. Jaͤhrlich, eineyi pa _ "
4133,DE-RAR,326,36,mi- 
4136,DE-RAR,326,36,326 
4139,DE-RAR,326,36,"mivaliki. Zwey Jahre, oc "
4140,DE-RAR,326,36,"pamivali. Drey Jahre, bai - "
4141,DE-RAR,326,36,"ca pami. Fuͤnf Jahre, mali "
4142,DE-RAR,326,36,"pami. Zehn Jahre, macötk: "
4143,DE-RAR,326,36,"pami. Zwanzig Jahre, Olla "
4144,DE-RAR,326,36,macöek phmi. 
4146,DE-RAR,326,36,"Jahrhundert, Macödk macöeél- "
4147,DE-RAR,326,36,"fa pamı, "
4148,DE-RAR,326,36,"äten, Nachpigua. "
4149,DE-RAR,326,36,"Ich, Ne, nehe, neheli, ek "
4150,DE-RAR,326,36,"Vi nemegötle. Mit, 'netlchi. "
4151,DE-RAR,326,36,"Ich ſelbſt, Nemogötle "
4152,DE-RAR,326,36,"naje. Mit mir, retlchijega, "
4153,DE-RAR,326,36,"oder, netichſ jujega. Vor "
4154,DE-RAR,326,36,"mir, in meiner Gegenwart, "
4155,DE-RAR,326,36,né batäni Wenn fie mit 
4156,DE-RAR,326,36,Nachdruck bekräftigen wol⸗ 
4157,DE-RAR,326,36,"len, als: Ja wirklich, ich "
4158,DE-RAR,326,36,"ſelbſt, ſagen fie: negotlela. "
4159,DE-RAR,326,36,"Wir, temé, tamehe, Wir "
4160,DE-RAR,326,36,"ſelbſt, tam götſe. \ "
4162,DE-RAR,326,36,"| Jeder, Pipile. "
4163,DE-RAR,326,36,"emals, Kiaks. "
4165,DE-RAR,326,36,"Zeman, Pile. Pilèke. "
4167,DE-RAR,326,36,"Jener, jenes. Kepuna. "
4168,DE-RAR,326,36,"Zane des Fluſſes, Paugud, "
4169,DE-RAR,326,36,"mmer, Sinevi, oder finivi. "
4171,DE-RAR,326,36,"n, Plehik, wird dem Haupt: "
4172,DE-RAR,326,36,worte nachgeſetzt und ange⸗ 
4173,DE-RAR,326,36,"haͤngt, z. B. Tichigotichie, "
4174,DE-RAR,326,36,im Winkel. 
4177,DE-RAR,326,36,"Herzen. Pauguitichic, im "
4178,DE-RAR,326,36,"Waſſer. Secattchie, in der "
4179,DE-RAR,326,36,Hand. 
4182,DE-RAR,326,36,"Indem, ſ. Da. "
4183,DE-RAR,326,36,"ngede k ſeyn, Neguele. "
4184,DE-RAR,326,36,"tzt, von jetzo an, hipèco hi- "
4185,DE-RAR,326,36,"penoſneia. Jetzt gleich, hi- "
4186,DE-RAR,326,36,pela. 
4188,DE-RAR,326,36,"aa Mukf gugucke, "
4189,DE-RAR,326,36,"jüngling, Temaliki, "
4192,DE-RAR,326,36,1 
4195,DE-RAR,326,36,e . 
4196,DE-RAR,326,36,"Kalb, Tele. "
4199,DE-RAR,326,36,Bo- 
4202,DE-RAR,326,36,"Sulatſchic, im "
4203,DE-RAR,326,36,"Klein, Khura. "
4206,DE-RAR,326,36,Deutſch „Tarahumariſches 
4209,DE-RAR,326,36,"Kalt, Thulämeke. Es iſt kalt, "
4210,DE-RAR,326,36,"Thulagua. Mir if kalt, Thu. "
4211,DE-RAR,326,36,läne. 
4213,DE-RAR,326,36,"Kamifol, Pierer "
4215,DE-RAR,326,36,"Kammer, ſ. Zimmer. "
4217,DE-RAR,326,36,"Kämpfen, Nahirape. "
4219,DE-RAR,326,36,"Kaninchen, Rogui. "
4221,DE-RAR,326,36,"Kapaun, Pitfchaburämeke, "
4223,DE-RAR,326,36,"Karpfe, Sakassi. ſ. Fiſch. "
4225,DE-RAR,326,36,"Katze, Müla, oder Mila, iſt "
4226,DE-RAR,326,36,vom Spaniſchen entlehnet. 
4227,DE-RAR,326,36,Denn vor der Ankunft der 
4228,DE-RAR,326,36,Europäer waren ihnen die 
4229,DE-RAR,326,36,Katzen unbekannt. 
4232,DE-RAR,326,36,"Kehren, bpetsiki. "
4235,DE-RAR,326,36,"Keiner, Ta fchine, "
4237,DE-RAR,326,36,"Keineswegs. Caita, kerä, ke- "
4238,DE-RAR,326,36,Kota. 
4240,DE-RAR,326,36,"Keimen, Martehl. "
4242,DE-RAR,326,36,"Kerze, Racheliki. "
4245,DE-RAR,326,36,"Keſſel, Bechtoléke. "
4246,DE-RAR,326,36,"Kienholz zum Brennen, Tfcha- "
4249,DE-RAR,327,37,"BEekE,:. "
4250,DE-RAR,327,37,"Kieſelſtein, Tauguske. "
4251,DE-RAR,327,37,"Kind, Curſchigus. Klein Kind, "
4252,DE-RAR,327,37,"Abit, oder apit, "
4253,DE-RAR,327,37,"Kirche, Teöpa. h "
4254,DE-RAR,327,37,"Kirren, Nalagui. "
4255,DE-RAR,327,37,"Klaue, Sutüla. "
4256,DE-RAR,327,37,"Kleid, Kemäka. Decke, denn "
4257,DE-RAR,327,37,dies iſt ihre ganze Kleidung. 
4258,DE-RAR,327,37,"Kleiner, Khu- "
4259,DE-RAR,327,37,"tabs. Kleinſte, Khura ta si. "
4260,DE-RAR,327,37,mega | 
4261,DE-RAR,327,37,"Klippe, Teekke. "
4262,DE-RAR,327,37,"Kluft, Teflo, g "
4263,DE-RAR,327,37,"Klug, Matfchigameke, "
4264,DE-RAR,327,37,"Knab, Togui. "
4267,DE-RAR,327,37,"Knie, Tfehochceo. "
4270,DE-RAR,327,37,"Knieen, llücu. "
4271,DE-RAR,327,37,"Knuͤpfen, Bula, "
4272,DE-RAR,327,37,"Kauͤttel, Cusiki. "
4275,DE-RAR,327,37,"Kochen, Bocſa Gekocht, baſſt⸗ "
4276,DE-RAR,327,37,sligameke. Hier iſt ein dop⸗ 
4277,DE-RAR,327,37,peltes Wife rue und 
4279,DE-RAR,327,37,a 
4282,DE-RAR,327,37,"..smeke, jenes der leidenden⸗ "
4283,DE-RAR,327,37,"dieſes der wirkenden Bedeu, "
4286,DE-RAR,327,37,"tzung geſchieht, wenn zu "
4287,DE-RAR,327,37,"dem, was geſchehen iſt, eine "
4288,DE-RAR,327,37,wirkende Beyhuͤlfe von noͤ⸗ 
4289,DE-RAR,327,37,"then war. Ausgekocht, ga "
4290,DE-RAR,327,37,baſſirugameke. ö 
4291,DE-RAR,327,37,"Kommen, Nagua. "
4292,DE-RAR,327,37,"Können, ka, bisweilen auch "
4293,DE-RAR,327,37,"ge. Ré, né ga, ich kann "
4296,DE-RAR,327,37,"nicht. Ke ki, es kan nicht "
4299,DE-RAR,327,37,"ſeyn, es geht nicht an. "
4300,DE-RAR,327,37,F 
4301,DE-RAR,327,37,"Korallen, ſ Glaskorallen. "
4302,DE-RAR,327,37,"Körper, Sapala, . "
4303,DE-RAR,327,37,"Koft, Jutugala. "
4304,DE-RAR,327,37,"Koͤſtlich, Kochkagameke. "
4305,DE-RAR,327,37,"Koth, Gueke. ſ. Lehm. "
4306,DE-RAR,327,37,"Kotze, Kemaka. ſ. Decke. Es "
4307,DE-RAR,327,37,wird aus den Aloeblaͤttern 
4308,DE-RAR,327,37,"ein Garn geſponnen, aus "
4309,DE-RAR,327,37,welchem die Mexicaner ihre 
4312,DE-RAR,327,37,"Leibkotzen weben, welche ſie "
4315,DE-RAR,327,37,Tilma nennen. — Der da; 
4316,DE-RAR,327,37,von gedrehte Zwirn iſt ſehr 
4319,DE-RAR,327,37,eee 
4320,DE-RAR,327,37,"Kraftlos, Tefliguati. "
4321,DE-RAR,327,37,"Kraͤftig, Igucameke. "
4322,DE-RAR,327,37,"Kragen, Khutala. "
4325,DE-RAR,327,37,. 
4326,DE-RAR,327,37,Dieſes Gefluͤ⸗ 
4329,DE-RAR,327,37,"Kranich, Cold "
4332,DE-RAR,327,37,el ift in jenen Gegenden 
4335,DE-RAR,327,37,"ſo haͤufig, 125 man glaubt, "
4336,DE-RAR,327,37,die Ebenen ſeyen mit lauter 
4337,DE-RAR,327,37,Schaafheerden beſetzt. We⸗ 
4340,DE-RAR,327,37,gen ihrer hohen Fuͤße und 
4343,DE-RAR,327,37,langgeſpitzten und großen 
4344,DE-RAR,327,37,"Schnaͤbeln, ſind ſie denen "
4345,DE-RAR,327,37,Stoͤrchen ſehr aͤhnlich: die 
4346,DE-RAR,327,37,"Farbe aber iſt anders, und "
4347,DE-RAR,327,37,auf den Koͤpfen haben ſie 
4349,DE-RAR,327,37,ine dunkelrothe Platte. — 
4350,DE-RAR,327,37,Behm frühen Morgen. die 
4353,DE-RAR,327,37,Woͤrterbuch. 
4356,DE-RAR,327,37,tung. Dieſe Zuſammenſe⸗ 
4359,DE-RAR,327,37,327 
4362,DE-RAR,327,37,gen ſie mit immerwaͤhren⸗ 
4363,DE-RAR,327,37,den Schwenkungen u. gro⸗ 
4364,DE-RAR,327,37,ßem Geſchrey uͤber diejenige 
4365,DE-RAR,327,37,"Gegend herum, wo ſie ſich "
4366,DE-RAR,327,37,niederlaſſen wollen. 
4367,DE-RAR,327,37,licht ſetzen fie ſich entweder 
4368,DE-RAR,327,37,"am Rande eines Fluſſes, "
4369,DE-RAR,327,37,oder an einer Heide. Ins 
4370,DE-RAR,327,37,Waſſer gehen fie nichtiweit. 
4371,DE-RAR,327,37,"Sie find ſehr witzig, und da- "
4372,DE-RAR,327,37,rum hat jeder Haufe ſeine 
4373,DE-RAR,327,37,"ausgeſtellten Schildwachen, "
4374,DE-RAR,327,37,die nach und nad) von ans 
4375,DE-RAR,327,37,dern zum Fraß abgewech⸗ 
4376,DE-RAR,327,37,ſelt werden. Zum Genuß 
4377,DE-RAR,327,37,ſind ſie eben nicht ſo ſchmack⸗ 
4378,DE-RAR,327,37,"haft, wie eine Gans. ö "
4381,DE-RAR,327,37,"Krank, Cocojamake. Najuja- "
4384,DE-RAR,327,37,meke. 
4385,DE-RAR,327,37,"Krank ſeyn, Cocola. Najulu. "
4386,DE-RAR,327,37,"Kraͤtze, Tleha. Er iſt ganz "
4387,DE-RAR,327,37,"kraͤtzig, juma tleha. "
4388,DE-RAR,327,37,"Kratzen, Süchect. 1 "
4389,DE-RAR,327,37,"Kraut, ſ. Gras, Paca, Kili- "
4390,DE-RAR,327,37,"bäca iſt ein Kraut, welches "
4391,DE-RAR,327,37,"dem wilden Spinategleicht, "
4392,DE-RAR,327,37,"ſo lange es zart iſt, wird es "
4393,DE-RAR,327,37,gekocht gegeſſen. Es iſt eine 
4394,DE-RAR,327,37,gewoͤhnliche Speiſe. Pejote 
4395,DE-RAR,327,37,"iſt ein Kraut und Wurzel, "
4396,DE-RAR,327,37,womit die Tarahumaren 
4397,DE-RAR,327,37,viel Aberglauben treiben. 
4398,DE-RAR,327,37,Es wird von ihnen auch Hi- 
4399,DE-RAR,327,37,coli genannt. Tichinaca 
4400,DE-RAR,327,37,"iſt ein Kraut, welches wie "
4401,DE-RAR,327,37,die wilden Cichorien zwi⸗ 
4402,DE-RAR,327,37,"ſchen den Felſen wächft, wel⸗ "
4403,DE-RAR,327,37,"ches die Tarahumaren, wie "
4404,DE-RAR,327,37,viele andere Kraͤuter und 
4405,DE-RAR,327,37,"Wurzeln gern roh eſſen, nur "
4406,DE-RAR,328,38,daß ſie es wegen der Sta⸗ 
4407,DE-RAR,328,38,cheln etwas anbrennen. 
4408,DE-RAR,328,38,"Kreis, Tichuäla, u "
4409,DE-RAR,328,38,"Kriechen, Tlehucüen. Krie⸗ "
4410,DE-RAR,328,38,"chend, tlehuchameke. "
4413,DE-RAR,328,38,Krie⸗ 
4416,DE-RAR,328,38,End⸗ 
4419,DE-RAR,328,38,3 28 
4422,DE-RAR,328,38,"Kriegen) Krieg führen, Na- "
4423,DE-RAR,328,38,"0Ja, ; "
4424,DE-RAR,328,38,"Kroͤte, Temöco. Ein Ort, wo "
4425,DE-RAR,328,38,"ſich viele Kroͤten aufhalten, "
4427,DE-RAR,328,38,heißt Temoſatichie. 
4429,DE-RAR,328,38,"Krumm, Mapü ta cabnä. "
4431,DE-RAR,328,38,"Kuchen, Remeke, ſ. Brodt. "
4433,DE-RAR,328,38,"Kugel, Cavoll. Me "
4435,DE-RAR,328,38,"Kugelfoͤrmig, Cavolameke, od. "
4436,DE-RAR,328,38,"cavorämeke. Tfchitulämeke, "
4438,DE-RAR,328,38,"Kuh, Väcafchi, iſt vom ſpani⸗ "
4439,DE-RAR,328,38,niſchen Wort Vacca entlehnt. 
4441,DE-RAR,328,38,"Eine Kuh, die zahm iſt und "
4442,DE-RAR,328,38,"ſich melken läßt, heißt "
4443,DE-RAR,328,38,tlchitichigus. 
4445,DE-RAR,328,38,Kukuck. In Tarahumara iſt ein 
4446,DE-RAR,328,38,"dem Kukuck ahnlicher Vogel, "
4447,DE-RAR,328,38,der von feinem Geſchrey Cor- 
4448,DE-RAR,328,38,cogui genannt wird. Er 
4451,DE-RAR,328,38,Deutſch Tarahumariſches 
4454,DE-RAR,328,38,ihrer Wuth nur durch Huͤp⸗ 
4455,DE-RAR,328,38,fen entgehen kann. Es iſt 
4456,DE-RAR,328,38,"ſehr kurzweilig anzuſehen, "
4457,DE-RAR,328,38,wie er von ihnen in die En⸗ 
4458,DE-RAR,328,38,ge getrieben wird. Man 
4459,DE-RAR,328,38,kann dieſes Schauſpiel fuͤr 
4460,DE-RAR,328,38,eine Reiherbeitze anſehen. 
4461,DE-RAR,328,38,Dieſer Haß ruͤhrt daher: 
4462,DE-RAR,328,38,"weil der diebiſche Rabe, "
4463,DE-RAR,328,38,wenn er ſich zu ihren Res 
4464,DE-RAR,328,38,"ſtern hinſchleichen kann, die "
4465,DE-RAR,328,38,"Jungen davon traͤgt, oder "
4466,DE-RAR,328,38,die Eyer ſtielt. 
4468,DE-RAR,328,38,"Kummer, Tefliguäla, "
4470,DE-RAR,328,38,"Kupfer, ſ. Metall. 5 "
4472,DE-RAR,328,38,"Kuͤrbis, Halesi, ſ. Becher. "
4474,DE-RAR,328,38,"Kurz, Khüta. Cutsi. "
4476,DE-RAR,328,38,"Kuͤſſen, Nothepa. "
4479,DE-RAR,328,38,"ſchreyet aber geſchwinder, "
4482,DE-RAR,328,38,als der Kukuck. enn er 
4483,DE-RAR,328,38,"ſich im Fruͤhling hoͤren läßt, "
4484,DE-RAR,328,38,"ſo iſts ein Zeichen, daß die "
4485,DE-RAR,328,38,Reiffe aufhoͤren. Wird er 
4486,DE-RAR,328,38,durch den Tag nicht irre 
4487,DE-RAR,328,38,"gemacht oder verſcheucht, ſo "
4488,DE-RAR,328,38,läßt er ſich gegen den Abend 
4489,DE-RAR,328,38,hoͤren. An der Groͤße gleicht 
4490,DE-RAR,328,38,er einer Droſſel. Dieſer 
4491,DE-RAR,328,38,Vogel iſt ein unverſoͤhnli⸗ 
4492,DE-RAR,328,38,cher Feind der Raben. Wo 
4493,DE-RAR,328,38,"ſich einer in der Luft zeigt, "
4494,DE-RAR,328,38,ruft er alle ſeine Nachbarn 
4495,DE-RAR,328,38,mit laͤrmendem Geſchrey zu⸗ 
4496,DE-RAR,328,38,"ſammen, die alſo gleich her⸗ "
4497,DE-RAR,328,38,"bey eilen, ſich heben und "
4498,DE-RAR,328,38,ſtuͤrmend auf den Raben 
4499,DE-RAR,328,38,"losgehen, und ihn ſo lange "
4500,DE-RAR,328,38,"ftoßen und beiſſen, bis er "
4501,DE-RAR,329,39,jammernd zu Boden fallt. 
4502,DE-RAR,329,39,Dieſer Angriff wird ſo oft 
4503,DE-RAR,329,39,"wiederholet, als ſich der Ra⸗ "
4504,DE-RAR,329,39,"be aufſchwingen will, ſo daß "
4505,DE-RAR,329,39,der beklemmte Rabe ſich 
4506,DE-RAR,329,39,"nicht zu helfen weiß, und "
4509,DE-RAR,329,39,— „ NNN 8 
4512,DE-RAR,329,39,. 
4515,DE-RAR,329,39,"Lachen, Atlehi. alt "
4516,DE-RAR,329,39,"Lachen, das, Atlehilelila. "
4517,DE-RAR,329,39,"Lahm, Mapu tä cena. "
4518,DE-RAR,329,39,"Lamm, Pouguäca.. Das Ge⸗ "
4519,DE-RAR,329,39,ſchlecht wird durch die Woͤr⸗ 
4520,DE-RAR,329,39,ter Hoguila und MukHa un⸗ 
4521,DE-RAR,329,39,terſchieden. Das erſtere be⸗ 
4522,DE-RAR,329,39,"deutet das Maͤnnliche, das "
4523,DE-RAR,329,39,zweyte das weibliche Ge 
4524,DE-RAR,329,39,ſchlecht. | 
4525,DE-RAR,329,39,"Lampe, Racheliki-- "
4526,DE-RAR,329,39,"Lang, Beywort. Gucd. "
4527,DE-RAR,329,39,"Lang, Nebenwort der Zeit. "
4528,DE-RAR,329,39,"Cole, colek, coleke. Naja, "
4529,DE-RAR,329,39,"Kia, kiäca  Gehr” lang, "
4530,DE-RAR,329,39,"laͤngſt, najaſi. ; "
4531,DE-RAR,329,39,"Langſam, Keliki. N | "
4532,DE-RAR,329,39,"Laſſen, ſeyn laſſen, Reguẽ, are- "
4533,DE-RAR,329,39,e ö 
4536,DE-RAR,329,39,gu a 
4537,DE-RAR,329,39,"Laſter, ITlſani, tleti, iſainijoliki. "
4538,DE-RAR,329,39,"Laſterhaft, Tleti. Tſetijolaja- "
4540,DE-RAR,329,39,me ke ; 
4543,DE-RAR,329,39,"Latte, Khutegäen, "
4546,DE-RAR,329,39,Lau: 
4549,DE-RAR,329,39,a 
4552,DE-RAR,329,39,"eben, Had, | "
4555,DE-RAR,329,39,"eben, das, Halaguala, "
4556,DE-RAR,329,39,"'ebendig, Haagameke. "
4557,DE-RAR,329,39,deblos. Muküameke. 
4558,DE-RAR,329,39,"zebensmittel, Nutugala. "
4559,DE-RAR,329,39,"ebe wohl, für das fagen fie: "
4560,DE-RAR,329,39,F 
4561,DE-RAR,329,39,"eder, Guitſchik. "
4562,DE-RAR,329,39,"zedig, eine Mannsperſon, tat- "
4563,DE-RAR,329,39,10 upéameke. Eine Weibs⸗ 
4564,DE-RAR,329,39,"perſon, Müki gugueke. "
4565,DE-RAR,329,39,"deer, Hötuke. Wo nichts dar⸗ "
4566,DE-RAR,329,39,"innen iſt, ſagen fie: teiteki, "
4567,DE-RAR,329,39,oder taiteke. 5 
4568,DE-RAR,329,39,"kehre, Mstſchirujelila. "
4569,DE-RAR,329,39,"kehren, Matſchiruje. Gelehrt "
4570,DE-RAR,329,39,Matichigameke. e 
4571,DE-RAR,329,39,"Pehrling, Matlchirujegameke. "
4572,DE-RAR,329,39,"geh, Sepala.. tar u 2 a. "
4573,DE-RAR,329,39,"keibig, Gueld. "
4574,DE-RAR,329,39,"Lehm, Gutke, So wird von "
4575,DE-RAR,329,39,den Tarahumaren das mit 
4576,DE-RAR,329,39,"duͤrrem Graſe vermiſchte, "
4577,DE-RAR,329,39,und gut getretene Koth zum 
4578,DE-RAR,329,39,aͤgyptiſchen Ziegelmachen 
4579,DE-RAR,329,39,genannt. 0 
4580,DE-RAR,329,39,"Leinwand, Tichini. ſ. Gewebe. "
4581,DE-RAR,329,39,"Leopard, Maguali, Dieſes "
4582,DE-RAR,329,39,wilde Raubthier iſt an Groͤ⸗ 
4583,DE-RAR,329,39,"ße, Geſtalt und Haaren ei⸗ "
4584,DE-RAR,329,39,ner engliſchen Dogge faſt 
4585,DE-RAR,329,39,"aͤnlich, hat aber einen geſpiz⸗ "
4586,DE-RAR,329,39,"ten Rachen, dabey aber ſo "
4587,DE-RAR,329,39,"hurtig und gelenkig, wie ei⸗ "
4588,DE-RAR,329,39,"ne Katze, daher es auch ſehr "
4589,DE-RAR,329,39,ſchnell Baͤume erklettern 
4590,DE-RAR,329,39,kann. Seine Beute erlau⸗ 
4591,DE-RAR,329,39,ert er auf zwiefache Art. Er 
4592,DE-RAR,329,39,legt ſich entweder in das 
4593,DE-RAR,329,39,"Gras, wo Pferde u. Maul⸗ "
4596,DE-RAR,330,40,Thier nur mit Ausſchlagen 
4597,DE-RAR,330,40,wehrt: noch ehender rettet 
4598,DE-RAR,330,40,"es ſich, wenn es ſchnell fort "
4599,DE-RAR,330,40,"laͤuft, da denn der Leopard "
4600,DE-RAR,330,40,zuweilen abſpringt — Oder 
4601,DE-RAR,330,40,er legt ſich auf einen Aſt mei⸗ 
4602,DE-RAR,330,40,"ſtens an den Scheidewegen, "
4603,DE-RAR,330,40,"wo das Vieh, beſonders Hir⸗ "
4604,DE-RAR,330,40,ſche und Rehe oͤfters kreu⸗ 
4605,DE-RAR,330,40,"zen, denen er denn eilends "
4606,DE-RAR,330,40,auf den Ruͤcken ſpringt. Hat 
4607,DE-RAR,330,40,"er ein Thier getoͤdtet, fängt "
4608,DE-RAR,330,40,er ſeinen Fraß beym Halſe 
4609,DE-RAR,330,40,"an, und das thut er gleich, "
4610,DE-RAR,330,40,zumal wenn er ſehr hungrig 
4611,DE-RAR,330,40,"8 iſt, was ſich aber wol ſelten "
4612,DE-RAR,330,40,"ereignen mag, weil dort ge⸗ "
4613,DE-RAR,330,40,"nug Wild iſt, was zugleich "
4614,DE-RAR,330,40,"auch Urſache iſt, daß in jenen "
4615,DE-RAR,330,40,"Gegenden die Woͤlfe, Tiger, "
4616,DE-RAR,330,40,Baͤren den Menſchen nicht 
4617,DE-RAR,330,40,nachſtellen. Gewöhnlich ver⸗ 
4618,DE-RAR,330,40,ſcharrt er ſeine Beute in das 
4619,DE-RAR,330,40,"abgefallene Laub, ſetzt ſich "
4620,DE-RAR,330,40,nicht weit davon auf einen 
4621,DE-RAR,330,40,Baum und halt Wache. 
4622,DE-RAR,330,40,Koͤmmt ein anderes Raub: 
4623,DE-RAR,330,40,"thier dazu, ſo eilt er hinab, "
4624,DE-RAR,330,40,u. vertheidigt ſeinen Fang; 
4625,DE-RAR,330,40,"wird er aber uͤberwuͤnden, "
4626,DE-RAR,330,40,fo verläßt er ihn gaͤnzlich; 
4627,DE-RAR,330,40,wie er denn auch nimmer⸗ 
4628,DE-RAR,330,40,"mehr etwas davon heruͤhrt, "
4629,DE-RAR,330,40,ſobald ein ander Thier dar 
4630,DE-RAR,330,40,ven gefreſſen hat. So groß 
4631,DE-RAR,330,40,"und ſtark der veopard iſt, ſo "
4632,DE-RAR,330,40,‚ fonr 
4635,DE-RAR,330,40,Rn ER NT en 
4638,DE-RAR,330,40,3 
4641,DE-RAR,330,40,330 
4644,DE-RAR,330,40,"ſonderbar iſt ſeine Furcht, "
4645,DE-RAR,330,40,wenn er auch nur den klein⸗ 
4646,DE-RAR,330,40,ſten Hund bellen hoͤrt. Er 
4647,DE-RAR,330,40,fluͤchtet ſich demnach ſogleich 
4648,DE-RAR,330,40,"auf die Baͤume, und ſtirbt "
4649,DE-RAR,330,40,"ehender vor Hunger, als "
4650,DE-RAR,330,40,daß er es wage herunter zu 
4651,DE-RAR,330,40,kommen: er kann dahero 
4652,DE-RAR,330,40,ganz leicht u ohne Gefahr 
4653,DE-RAR,330,40,geſchoſſen werden. Man 
4654,DE-RAR,330,40,hat auch gut abgerichtete 
4655,DE-RAR,330,40,"Hunde, welche, wenn er ir⸗ "
4656,DE-RAR,330,40,gendwo Schaden angerich⸗ 
4657,DE-RAR,330,40,"tet hat, ihm auf der Spuhr "
4658,DE-RAR,330,40,"nachgehen, und mit Bellen "
4659,DE-RAR,330,40,"das Zeichen geben, bis die "
4660,DE-RAR,330,40,nachkommenden Leute ihn 
4661,DE-RAR,330,40,erwiſchen und erlegen. Als 
4662,DE-RAR,330,40,ich einſtens mit meinen in⸗ 
4663,DE-RAR,330,40,"dianiſchen Knaben reiſte, tra⸗ "
4664,DE-RAR,330,40,fen wir auf einen friſch er⸗ 
4665,DE-RAR,330,40,"wuͤrgten, und mit Laube "
4668,DE-RAR,330,40,"halb bedeckten Hirſch, den "
4669,DE-RAR,330,40,"Maͤdchen, "
4672,DE-RAR,330,40,wir ſodann mit nach Hauſe 
4673,DE-RAR,330,40,nahmen. 
4674,DE-RAR,330,40,"Lernen, Matſchiſimi. Das "
4677,DE-RAR,330,40,"ſimi, welches einfach gehen "
4678,DE-RAR,330,40,"heißt, wird als ein Huͤlfs⸗ "
4681,DE-RAR,330,40,wort andern Zeitwoͤrtern 
4684,DE-RAR,330,40,"zugeſetzt, und bedeutet den "
4687,DE-RAR,330,40,Zuwachs oder das Abneh⸗ 
4690,DE-RAR,330,40,"men einer Sache, als: va- "
4691,DE-RAR,330,40,"kifimi, es trocknet ſchon. "
4694,DE-RAR,330,40,"Suguifimf, es nimmt ſchon "
4697,DE-RAR,330,40,"ab, oder es gehet zum Ende. "
4698,DE-RAR,330,40,So bedeutet auch das Mat: 
4701,DE-RAR,330,40,"ſchiſimi eben fo viel, als in "
4704,DE-RAR,330,40,dem Wiſſen oder Verſtehen 
4705,DE-RAR,330,40,"(maiichi) zunehmen, einen "
4707,DE-RAR,330,40,Fortgang machen. 
4708,DE-RAR,330,40,"Leuchten, Raché. Rachel£. "
4709,DE-RAR,331,41,das 
4712,DE-RAR,331,41,"Leuchtend, repagameke. "
4714,DE-RAR,331,41,"Leugnen, Ta ne pigué, "
4715,DE-RAR,331,41,"heißt, ich bekenne es nicht. "
4717,DE-RAR,331,41,"Leute, Teichoje. "
4720,DE-RAR,331,41,U 
4723,DE-RAR,331,41,Deutſch „Tarahumariſches 
4726,DE-RAR,331,41,"Licht, Rachsla. Racheliki. CS "
4727,DE-RAR,331,41,"wird Licht, tajena. tajenaba. "
4728,DE-RAR,331,41,"Lichtputze, Natsila. 9 "
4729,DE-RAR,331,41,"Lieben, Gase. 5 "
4730,DE-RAR,331,41,"Liegen. Hier liegts, Ibe gatiki. "
4731,DE-RAR,331,41,"Links, linker Hand, Hoguerana. "
4732,DE-RAR,331,41,"Linſe, ſ. Huͤlſenfrucht. 9 "
4733,DE-RAR,331,41,"Loͤffel, & hie, Die tarahu⸗ "
4734,DE-RAR,331,41,mariſchen Eß⸗ und Schoͤpf⸗ 
4735,DE-RAR,331,41,"loͤffel find aus einer halben, "
4736,DE-RAR,331,41,duͤrren und ausgehoͤhlten 
4737,DE-RAR,331,41,Kuͤrbisſchaale gemacht. i 
4738,DE-RAR,331,41,"Lohn, Nategui. 119 5 5 "
4739,DE-RAR,331,41,"Losbinden, losmachen, Botane. "
4740,DE-RAR,331,41,"Luft, Heicala. 8 1 "
4741,DE-RAR,331,41,"Lüge, Jeſegaliki. "
4744,DE-RAR,331,41,"fügen, Jes e. ‚ "
4747,DE-RAR,331,41,6 M. 5 g 
4748,DE-RAR,331,41,"Machen, Jola. Gemacht, Jo⸗ "
4749,DE-RAR,331,41,"lasugameke, Machen, der etz "
4750,DE-RAR,331,41,"was macht, jolageme de. ES "
4751,DE-RAR,331,41,"tft ſchon gemacht, Jolarupe, "
4752,DE-RAR,331,41,"Tegueke, Bey "
4754,DE-RAR,331,41,den Tarahumaren iſt es 
4755,DE-RAR,331,41,"ein allgemeiner Gebrauch, "
4756,DE-RAR,331,41,ihre kleinen Toͤchterlein im 
4757,DE-RAR,331,41,Angeſicht zu zeichnen. Mit 
4758,DE-RAR,331,41,einem Dorne ſtechen ſie ih⸗ 
4759,DE-RAR,331,41,nen an die Stirne gepuͤnk⸗ 
4760,DE-RAR,331,41,"telte Schlaͤnglein, uͤber die "
4761,DE-RAR,331,41,"Lippen eine Leiter, und "
4762,DE-RAR,331,41,auf beyden Wangen ein 
4763,DE-RAR,331,41,Rädlein mit abwaͤrtigen 
4764,DE-RAR,331,41,Streifen. Dieſe Stiche wer- 
4765,DE-RAR,331,41,den mit feinen Kohlenſtaube 
4766,DE-RAR,331,41,"eingeſtreuet, und bleiben "
4767,DE-RAR,331,41,unausloͤſchlich. Dieß macht 
4768,DE-RAR,331,41,ihnen ein greuliches Ausſe⸗ 
4769,DE-RAR,331,41,hen. Damit aber der Le⸗ 
4770,DE-RAR,331,41,ſer auch an dieſer rohen 
4771,DE-RAR,331,41,"Nation, die dem weiblichen "
4772,DE-RAR,331,41,Geſchlechte eigenthuͤmliche 
4773,DE-RAR,331,41,"Neigung zum Putze erkenne, "
4774,DE-RAR,331,41,"ſetze ich noch hinzu, daß ſich "
4775,DE-RAR,331,41,auch 
4778,DE-RAR,331,41,5 
4781,DE-RAR,331,41,N Wörterbuch. 33 
4784,DE-RAR,331,41,auch die Tarahumarinnen 
4787,DE-RAR,331,41,"des Anſtrichs bedienen, der "
4790,DE-RAR,331,41,"ein rother Leim iſt, mit "
4793,DE-RAR,331,41,dem ſie ſich die Wangen an⸗ 
4796,DE-RAR,331,41,ſch mieren | 
4797,DE-RAR,331,41,"Nager. Ta fapeameke, d. i. "
4798,DE-RAR,331,41,nicht fleiſchig . . 
4799,DE-RAR,331,41,"alen. Pauguera, "
4801,DE-RAR,331,41,kahlen. Tufchi. N 
4802,DE-RAR,331,41,"angeln. Tane naligué, d. "
4803,DE-RAR,331,41,"i, ich habe es nicht. Es man⸗ "
4804,DE-RAR,331,41,"gelt. Roco, taitéki oder "
4805,DE-RAR,331,41,taitèke. 5 : 
4806,DE-RAR,331,41,"kann. Tehoje. Reboje. , "
4807,DE-RAR,331,41,"taͤnnlich, Männchen, Hoguı- "
4808,DE-RAR,331,41,la. Hougui. Wenn ſie nun 
4809,DE-RAR,331,41,"ſagen wollen, es iſt ein "
4810,DE-RAR,331,41,"Hammel, ſo fagen fie: "
4811,DE-RAR,331,41,Pouguäc hogujla. 
4812,DE-RAR,331,41,Kantel. Kemaca. ſ. Decke. 
4813,DE-RAR,331,41,kaͤſten. Gueleruje. Die ame⸗ 
4814,DE-RAR,331,41,rikaniſchen Schweine wer⸗ 
4815,DE-RAR,331,41,"den nicht anders, als wohl "
4816,DE-RAR,331,41,gemaͤſtet geſchlachtet. Sie 
4817,DE-RAR,331,41,"werden eingeſperrt, und "
4818,DE-RAR,331,41,"zuvor mit Seifenwaſſer, "
4819,DE-RAR,331,41,oder mit gekochtem und gut 
4820,DE-RAR,331,41,geſalzenem tuͤrkiſchen Wai⸗ 
4821,DE-RAR,331,41,zen purgirt Darauf wird 
4822,DE-RAR,331,41,ihnen der tuͤrkiſche Waizen 
4823,DE-RAR,331,41,"öfters des Tages, aber in "
4824,DE-RAR,331,41,‚einem großen Maaße vor⸗ 
4825,DE-RAR,331,41,"geworfen, damit ſie ſich "
4826,DE-RAR,331,41,"nicht uͤberfreſſen, und einen "
4827,DE-RAR,331,41,Ekel dafuͤr bekommen. 
4828,DE-RAR,331,41,Dieſe Mäftung wird durch 
4829,DE-RAR,331,41,"zwey Monate fortgeſetzt, "
4830,DE-RAR,331,41,wobey ſie ſo dick und fett 
4831,DE-RAR,331,41,"werden, daß ſie weder ſte⸗ "
4832,DE-RAR,331,41,"hen, noch grunzen können. "
4833,DE-RAR,331,41,Es muß aber jedes Stud 
4834,DE-RAR,331,41,allein und beſonders gemaͤ⸗ 
4835,DE-RAR,331,41,ſtet werden. 5 5 
4836,DE-RAR,331,41,Natt. Leisiameke. Matt 
4837,DE-RAR,331,41,"werden, Lelst letszlimi ſ. ler⸗ "
4840,DE-RAR,331,41,"nen. Er wird ſchon matt, "
4843,DE-RAR,331,41,"lefsıba, "
4845,DE-RAR,332,42,"Matte, Peraca, "
4847,DE-RAR,332,42,Maul. Tichumila. 
4848,DE-RAR,332,42,Mauleſel. Mära von dem 
4851,DE-RAR,332,42,ſpaniſchen Worte Mala: 
4852,DE-RAR,332,42,aber ſagen ſie das allgemei⸗ 
4855,DE-RAR,332,42,"ne bucula, | "
4856,DE-RAR,332,42,Mauleſeltreiber. Haliruc. Heißt 
4857,DE-RAR,332,42,aber auch nach der ſpani⸗ 
4858,DE-RAR,332,42,"ſchen Sprache Ariéro, dar⸗ "
4859,DE-RAR,332,42,um die tarahumaſchen Eſel⸗ 
4860,DE-RAR,332,42,"treiber, wenn ſie die bela⸗ "
4863,DE-RAR,332,42,"denen Maulthiere treiben, "
4866,DE-RAR,332,42,"dem ſpaniſchen Rufe: ati, "
4867,DE-RAR,332,42,"ari, fleißig nachahmen. "
4868,DE-RAR,332,42,"Maulſchelle, Tfeborlchonaba. "
4869,DE-RAR,332,42,"Maulſchelle geben, tigho- "
4870,DE-RAR,332,42,tichona. Er hat mir eine 
4873,DE-RAR,332,42,"Maulſchelle gegeben, iche | "
4876,DE-RAR,332,42,"netlchi tichotickhonaca, "
4877,DE-RAR,332,42,Maulwurf. Tepofi. 
4878,DE-RAR,332,42,"Maus, Tifehichli. Gebrate⸗ "
4879,DE-RAR,332,42,ne Maͤuſe und Ratten find 
4880,DE-RAR,332,42,ein Leckerbiſſen der Tarahn⸗ 
4881,DE-RAR,332,42,maren. 5 ö 
4882,DE-RAR,332,42,ehl. .Tufchiki. 
4883,DE-RAR,332,42,ehr. Vuechcabe. Noch mehr 
4884,DE-RAR,332,42,Tichigöco.' 0 
4885,DE-RAR,332,42,Mehren. Napabü. | 
4886,DE-RAR,332,42,Meiden. Aregue. - 
4887,DE-RAR,332,42,Mein. Neheli. 
4888,DE-RAR,332,42,Meinen. Maje. 
4889,DE-RAR,332,42,"Melden, Naguellä, "
4890,DE-RAR,332,42,"Meinetwegen. Netfchiraje, "
4891,DE-RAR,332,42,Melken. Pa ole. 
4892,DE-RAR,332,42,Mengen. Holaguä. . 
4893,DE-RAR,332,42,"Menſch, Rehoje, tehcje. "
4894,DE-RAR,332,42,vielfach. terehoje- 
4895,DE-RAR,332,42,Merken. Neguale. 
4896,DE-RAR,332,42,Meſſen. Nau agu. 
4897,DE-RAR,332,42,Meſſer Tepigaca. 
4900,DE-RAR,332,42,"Metall, Guenomi. Sie ha: "
4901,DE-RAR,332,42,ben keine heſondere Benens - 
4904,DE-RAR,332,42,"nungen der Metalle, ſon⸗ "
4905,DE-RAR,332,42,a dern 
4908,DE-RAR,332,42,2 En 5 „ — — > NSN ä — 
4909,DE-RAR,332,42,N e r 8 Ba f n 2 n * r 
4912,DE-RAR,332,42,332 
4915,DE-RAR,332,42,DeutfehTarahrimarifches : 
4918,DE-RAR,332,42,dern dieſes allgemeine Wort Muͤcke. Sevoli. f. Fliege. 
4921,DE-RAR,332,42,"bedeutet alles, Gold, Sil⸗ Muͤde, "
4924,DE-RAR,332,42,Lelsiameke. 
4927,DE-RAR,332,42,"ber, Eiſen, Kupfer ꝛc. und Mühe. Noitlänali. "
4928,DE-RAR,332,42,was aus Metall gemacht Muͤhſelig. Telsiguati. 
4931,DE-RAR,332,42,"wird, als Geld, "
4932,DE-RAR,332,42,Glas. 
4933,DE-RAR,332,42,Metzeln. Nea. 1 
4934,DE-RAR,332,42,"Metze, die, Tichivavoli, ſ. Ge⸗ "
4935,DE-RAR,332,42,treidemaaß. N i 
4936,DE-RAR,332,42,Milbe. Saiki. 
4937,DE-RAR,332,42,Milch. Piguaca 
4938,DE-RAR,332,42,Mild. Gala. 
4939,DE-RAR,332,42,Mißbilligen. Rapa. 
4940,DE-RAR,332,42,Miſchen. Hologua. 
4941,DE-RAR,332,42,Miſſethat. Tiainajoliki. 
4942,DE-RAR,332,42,Mit. Pure. föjeſa. Wenn 
4943,DE-RAR,332,42,aber ein Werkzeug angedeus 
4944,DE-RAR,332,42,"tet wird, wird raje oder ta⸗ "
4945,DE-RAR,332,42,"je gebraucht, als: Er hat "
4946,DE-RAR,332,42,mich mit einem Pruͤgel ge⸗ 
4947,DE-RAR,332,42,ſchlagen: cusitaje netichi 
4948,DE-RAR,332,42,me aca. Er hat mich mit 
4949,DE-RAR,332,42,der Hand geſchlagen; feca- 
4950,DE-RAR,332,42,raje neticai tichotichondca. 
4951,DE-RAR,332,42,"Miteinander. Napé, napa. "
4952,DE-RAR,332,42,Jujega. ö 
4953,DE-RAR,332,42,Mittag. Raugueliki. 
4954,DE-RAR,332,42,Mitte. In der Mitte. Naf- 
4955,DE-RAR,332,42,"sipalic, "
4956,DE-RAR,332,42,"Mögen, Ka oder ga. "
4957,DE-RAR,332,42,Monat und 
4958,DE-RAR,332,42,Mond. Msitlaca. 
4959,DE-RAR,333,43,"Moraſt. Pauguimanila, "
4960,DE-RAR,333,43,Morgen. Bea. Bealiki. Tapa- 
4961,DE-RAR,333,43,co. Die Morgenroͤthe fängt 
4962,DE-RAR,333,43,an. Tajenaba. age 
4963,DE-RAR,333,43,Morgenſtern. Tfelifspoli. 
4964,DE-RAR,333,43,"Mörtel, Vollagudca, "
4965,DE-RAR,333,43,fie anſtatt des Moͤrtels 
4966,DE-RAR,333,43,"zum Mauern brauchen, iſt "
4967,DE-RAR,333,43,eine angefeuchtete mit Gras 
4968,DE-RAR,333,43,"vermiſchte, und wohl ge⸗ "
4969,DE-RAR,333,43,"tretene Erde, aus welcher "
4970,DE-RAR,333,43,auch die Rothziegeln ge⸗ 
4971,DE-RAR,333,43,macht werden. 
4972,DE-RAR,333,43,Motte. Sali. 
4975,DE-RAR,333,43,auch ſogar 
4978,DE-RAR,333,43,— NN 
4981,DE-RAR,333,43,Was. 
4984,DE-RAR,333,43,"Mund. [fehumila, "
4985,DE-RAR,333,43,M 2 
4988,DE-RAR,333,43,uͤnze. Guenomi. ſ. Metal 
4989,DE-RAR,333,43,"Muͤſſen. Mela Boa, PGa. Mi "
4990,DE-RAR,333,43,dieſen Woͤrtern wird nich 
4991,DE-RAR,333,43,nureine Nothwendigkeit 1 
4992,DE-RAR,333,43,etwas zu thun ausgedruͤck: 
4993,DE-RAR,333,43,ſondern auch die wirkend 
4994,DE-RAR,333,43,oder leidende Bedeutung de 
4995,DE-RAR,333,43,Zeitwortes beſtimmt. Mel 
4997,DE-RAR,333,43,‚ zeiget die wirkende Bedeu 
4998,DE-RAR,333,43,"tung an, boa oder poa di "
4999,DE-RAR,333,43,"leidende, wie ich ſchon i "
5000,DE-RAR,333,43,der Vorrede erinnert habe 
5001,DE-RAR,333,43,"Als: amela, man muß ſu "
5002,DE-RAR,333,43,"chen. Baſſammela, man mu "
5003,DE-RAR,333,43,ackern. Nehe hoffelemel: 
5004,DE-RAR,333,43,ich muß ſchreiben. Neh 
5005,DE-RAR,333,43,"jolamela, ich muß machen "
5006,DE-RAR,333,43,ehe simela oder fimimel: 
5008,DE-RAR,333,43,ich muß gehen. Beſſar abo 
5009,DE-RAR,333,43,es muß geackert werden 
5010,DE-RAR,333,43,"Hoppoa, es muß ausgegra "
5011,DE-RAR,333,43,"ben werden. Jolaboa, e "
5012,DE-RAR,333,43,muß gemacht werden. Ho 
5013,DE-RAR,333,43,"kiboa, es muß gedroſchen "
5014,DE-RAR,333,43,werde. i 
5015,DE-RAR,333,43,"Muͤßig, Naſsinaaa. Müßi "
5016,DE-RAR,333,43,"ſeyn, Nals inde. 8 "
5017,DE-RAR,333,43,"Mutter, Jeje. Mit einen "
5018,DE-RAR,333,43,Worte der zweyten Endun; 
5019,DE-RAR,333,43,lautet ‚es jejèla. Ich ſetz 
5020,DE-RAR,333,43,"dieſes darum her, um zi "
5021,DE-RAR,333,43,"zeigen, daß bey den Tara "
5022,DE-RAR,333,43,humaren die zweyte Endung 
5023,DE-RAR,333,43,"ganz anders, als bey unt "
5024,DE-RAR,333,43,"Deutſchen, oder bey den La "
5025,DE-RAR,333,43,teinern gefüget werde. Ber 
5026,DE-RAR,333,43,den Deutſchen wird die at 
5027,DE-RAR,333,43,Endung durch das beyge 
5028,DE-RAR,333,43,"fügte des, der, des, und bei "
5029,DE-RAR,333,43,den Lateinern durch die Ver 
5030,DE-RAR,333,43,aͤnderung der ee 
5033,DE-RAR,333,43,Woͤrterbuch. e | 
5036,DE-RAR,333,43,"be gemacht, der Vater des Naß, Sem iameke. Naß mas "
5037,DE-RAR,333,43,"Peters, pater Pedri. Bey chen, Samiruje. Es iſt naß, "
5038,DE-RAR,333,43,"den Tarahumaren aber iſt dam. Ich bin ganz naß, "
5039,DE-RAR,333,43,das la das Kennzeichen der jumä ne lam. 0 a 
5040,DE-RAR,333,43,"4 vor 8 . aber Naſe, Jachcala. Jacun abo. "
5041,DE-RAR,333,43,"nicht dem Beſitzer, ſondern Natter, Alicante. Dies iſt "
5042,DE-RAR,333,43,in en: Worte anges eine Gattung großer Nat⸗ 
5043,DE-RAR,333,43,"haͤngt wird, als: der Vater tern, die ſich in den Heyden "
5044,DE-RAR,333,43,"des Peters, Pedio Nor cia. aufhalten, und ſonſt nicht "
5045,DE-RAR,333,43,"Die Mutter des Peters, be. ſchädlich find. Wenn fie aber "
5046,DE-RAR,333,43,dro jejèla. Das Vieh des ö 
5049,DE-RAR,333,43,"3 e g'kreizt wird, richtet ſie ſich. "
5050,DE-RAR,333,43,"en 7 a in die Höhe auf, geht auf "
5051,DE-RAR,334,44,"e ihren Gegner los, verfolgt "
5054,DE-RAR,334,44,F ihn mit ſchnellen Spruͤngen 
5055,DE-RAR,334,44,"Rai, r und verſetzet ihm mit dem "
5056,DE-RAR,334,44,achdem. Ein ſoſches Wort Schwanze heftige Streiche 
5057,DE-RAR,334,44,"mangelt, die Bedeutung auf den Ruͤcken, läßt aber "
5058,DE-RAR,334,44,aber wird durch die vergan⸗ keinen Gift von ſich. 0 
5059,DE-RAR,334,44,"gene Waudelzeit gut ausge⸗ Nebel, Noliki. Pemolé, "
5060,DE-RAR,334,44,"druckt, z. B. nachdem du Neben, Napa, nape. "
5061,DE-RAR,334,44,"wirſt fortgegangen ſeyn, Nehmen, Tlebepi. Guiki. . "
5062,DE-RAR,334,44,"werden wir eſſen: mule i Nein, Ta. Aita. Caita. Ke. "
5063,DE-RAR,334,44,"x milaga, ami coe. a ' Kee. Keke. ’ Keta, Kecora, "
5064,DE-RAR,334,44,"Nachfolgen, Nahora Neheje. Dieſe Verneinungen haben. "
5065,DE-RAR,334,44,"tachforſchen, Ame. Igua. eine vor der andern einen "
5066,DE-RAR,334,44,"Nachgehen, Nahdts. beſondern Ausdruck des Un⸗ "
5067,DE-RAR,334,44,"achkommen, Nahoıa. willens oder der Verweige⸗ "
5070,DE-RAR,334,44,"kachlaͤſſig, Nalsiameke. Naf- rung. Das Kecora insbes "
5073,DE-RAR,334,44,C | ſondere bedeutet eine ver: 
5074,DE-RAR,334,44,"Nachſehen, vergeben, Tfeli- drießliche und mit Wider: "
5075,DE-RAR,334,44,quei. 5 7 willen gegebene Antwort. 
5076,DE-RAR,334,44,"Nacht, Cugués. Es wird Von dem ks iſt noch zu mer⸗ "
5077,DE-RAR,334,44,"Nacht, Cugus fimibaa . ken, daß es auch das Kenn⸗ "
5078,DE-RAR,334,44,"Nachteule, Ululu. zeichen der zten oder Eten "
5079,DE-RAR,334,44,"adel, Guechtſfaca. Endung iſt, wenn es einem "
5080,DE-RAR,334,44,"tähen, Schulä, HDODaauptworte vorgeſetzt wird. "
5081,DE-RAR,334,44,"tähnadel, Guechtſaes. Nennen, Regudke, "
5082,DE-RAR,334,44,"Naͤhren, Notutuſe. Neun, Kimacöck. "
5083,DE-RAR,334,44,"agel, an Haͤnden oder Fuͤßen, Neunmal, Kimacödffa, "
5084,DE-RAR,334,44,"Baus, m un. Neunter, Kimacdak, "
5085,DE-RAR,334,44,"Nahe, Amulipi. Iſt es ſehr Neunzig, Rimacöefa maköek. "
5086,DE-RAR,334,44,"nahe, fo wird die letzte Syl⸗ Nicht, Ta, alta. caita. ſ. Nein. "
5087,DE-RAR,334,44,"Abe gar lang gezogen. Nichts, Taité ki, tate e, taltale, "
5088,DE-RAR,334,44,"Nahrung, Natug ala. Nichtswerth, Caitd ga. "
5089,DE-RAR,334,44,"Namen, Reguala. NMiederfallen, Guechilchfic, "
5090,DE-RAR,334,44,| a Nie⸗ 
5091,DE-RAR,334,44,In NN 7 
5094,DE-RAR,334,44,ng 
5097,DE-RAR,334,44,334 Deutich Tarahumariſches 
5100,DE-RAR,334,44,"Niederlegen, ſich in die daͤnge, nes Erachtens dem Laftthieı "
5101,DE-RAR,334,44,Boi viel bequemer. Er gleichen 
5104,DE-RAR,334,44,— 
5107,DE-RAR,334,44,"Piemals, Sine ta. einer kleinen Matratze, die "
5108,DE-RAR,334,44,"Niemand, Tafchine. | auswärts mit grobem Leder "
5109,DE-RAR,334,44,"Nieſſen, Tichufiguä. >... überzogen, einwaäͤrts abet "
5112,DE-RAR,334,44,"Noch, ILichigé. Noch mehr, halb mit Zwilch gefüttert, u "
5113,DE-RAR,334,44,"lebigdco. Noch nicht, inwendig mit ſehr feinem, "
5115,DE-RAR,334,44,. Tatlo. ketio. Zuvor wohlgetrocknetem 
5116,DE-RAR,334,44,"Nur. Rur dieſer, lehetla. Rur Graſe ausgeſtopft iſt. Die "
5117,DE-RAR,334,44,"das, élabi. Wenn fie durch Mitte aber bleibt leer und "
5118,DE-RAR,334,44,"das nur eine Sache vermin⸗ biegſam, damit, wenn er "
5119,DE-RAR,334,44,"dern wollen, ſetzen fie dem dem Laſtthiere auf den Ruͤ⸗ "
5120,DE-RAR,334,44,"Worte Daßticho oder u zu. cken gelegt wird, beyderſeits "
5123,DE-RAR,334,44,"z. B. nur du, mühe dd. erhoben werden koͤnne, fo "
5124,DE-RAR,334,44,"nur morgen, bealitlo, daß er auf dem Rücken des "
5125,DE-RAR,334,44,"h Thyieres nicht ruhe, fondern "
5126,DE-RAR,334,44,"u eine erhobene Höhle mache, "
5129,DE-RAR,334,44,"5 „ um, damit der Ruͤcken nicht "
5130,DE-RAR,334,44,Ob? Ha und tſa. f. Fragen. wund gedruͤckt werde. Uns 
5131,DE-RAR,334,44,"Oben, Möäba. ämoba. Repa. ter dieſen Sattel wird vor⸗ "
5133,DE-RAR,334,44,tepa. eerſt auf den Rücken ein lin⸗ 
5134,DE-RAR,334,44,"Oberer, Repsgatlasmeke, durch des und mit Unſchlitt beſtri⸗ "
5135,DE-RAR,334,44,"dieſes Wort wird auch Gott chenes Schaaffell geleget, "
5136,DE-RAR,334,44,"bedeutet, ſ Gott. daruͤber noch ein anderes, "
5137,DE-RAR,334,44,"Obſt, Khutagals. und endlich ein fach zuſam⸗ "
5138,DE-RAR,334,44,"Oder, Ali, ari. Hall. hari. mengelegtes Tuch. Wenn "
5139,DE-RAR,334,44,"Oeffnen, Epüaje, epllle. nun der Packſattel um den "
5141,DE-RAR,334,44,"Oft, Gn eſſa. Oefters, gueſſobe. Bauch mit einer Gurt feſt "
5143,DE-RAR,334,44,"Wie oft? «kila. So oft, anzogen wird, fo kann ohne "
5144,DE-RAR,334,44,"Skil, und das zeigen ſie an Gefahr das Thier zu beſchaͤ⸗ "
5145,DE-RAR,334,44,"den Fingern, mit Koͤrnern, digen, die Laſt aufgeladen "
5148,DE-RAR,334,44,oder mit kleinen Steinen. werden. Dieſe Art iſt in 
5149,DE-RAR,334,44,"Ohr, Nacheala. 5 ganz Amerika gebräuchlich, "
5150,DE-RAR,335,45,"Ohrfeige, Tichotichonala, ſ. wo zur Erleichterung des "
5151,DE-RAR,335,45,Maulſchelle. . Handels und Befoͤrderung 
5153,DE-RAR,335,45,Ä I der Lieferungen kein Fracht⸗ 
5154,DE-RAR,335,45,P. wegen zu ſehen iſt. ö 
5157,DE-RAR,335,45,"RE Palmbaum, Tacucu. "
5158,DE-RAR,335,45,"Packen. Packe dich fort! Se. Panterthier, Maguali, ſ. Leo⸗ "
5159,DE-RAR,335,45,guina. oder fegui ſiwi. Par pard. 00 
5160,DE-RAR,335,45,"keet euch fort, Segui fimali. Papagey, Cachcanali. (Pſittich "
5161,DE-RAR,335,45,"Packſattel, Aparecho, iſt ein in altdeutfher Mundart). "
5162,DE-RAR,335,45,voin Spaniſchen entlehntes Von dieſen ſonſt in Europa 
5163,DE-RAR,335,45,Wort Dieſer Parkſatteh iſt ſo wohl aufgenommenen 
5164,DE-RAR,335,45,"ganz anders, als die euro⸗ Wögeln, giebt es allda eine "
5165,DE-RAR,335,45,"päiſchen beſchaffen, u. mei⸗ ſolche Menge, daß fie ſich "
5167,DE-RAR,335,45,en wo 
5170,DE-RAR,335,45,Woͤrterbuch. 
5173,DE-RAR,335,45,tauſendweiſe in einem Zuge 
5176,DE-RAR,335,45,verſammeln. Wenn ſie vor⸗ 
5177,DE-RAR,335,45,"überziehen, unterhalten fie "
5178,DE-RAR,335,45,in der Luft ein immerwaͤh⸗ 
5179,DE-RAR,335,45,rendes Geſchnatter. Ihre 
5180,DE-RAR,335,45,Schwaͤrme ſind wie bey uns 
5181,DE-RAR,335,45,die Schwaͤrme der Dohlen. 
5182,DE-RAR,335,45,Raben und Kraͤhen. 
5183,DE-RAR,335,45,naͤhren ſich von den Knoſ⸗ 
5184,DE-RAR,335,45,. jungen Trieben 
5185,DE-RAR,335,45,"der Baͤume, an welchen "
5186,DE-RAR,335,45,"ſie, wo ſie ſich niederlaſſen, "
5187,DE-RAR,335,45,wie Bienen haͤngen. In 
5188,DE-RAR,335,45,dem tarahumariſchen hohen 
5189,DE-RAR,335,45,"Gebirge ſind keine andern, "
5190,DE-RAR,335,45,Er ganz grüne mit purpur⸗ 
5191,DE-RAR,335,45,"rothen Achſeln, und der: "
5192,DE-RAR,335,45,gleichen Federn unterhalb 
5193,DE-RAR,335,45,des Schweifes. Die Haut 
5194,DE-RAR,335,45,und die Zunge iſt kohl⸗ 
5197,DE-RAR,335,45,"ſchwarz, und ſie ſind nicht "
5200,DE-RAR,335,45,ſehr gelehrig. Die ſchoͤn⸗ 
5201,DE-RAR,335,45,ſten von allerley bunten 
5202,DE-RAR,335,45,Farben halten ſich in noch 
5203,DE-RAR,335,45,"waͤrmern Gegenden auf, "
5206,DE-RAR,335,45,und dieſe find zum Unter: 
5209,DE-RAR,335,45,richte die beſten Pitagaja 
5210,DE-RAR,335,45,"iſt ein großer Papagey, den "
5211,DE-RAR,335,45,man hier den indianiſchen 
5212,DE-RAR,335,45,Raben heißt. Er iſt unge⸗ 
5215,DE-RAR,335,45,lehrig. ur 
5216,DE-RAR,335,45,Sapier. Hoſſeliki. & 
5217,DE-RAR,335,45,"nennen ſie alles, was "
5218,DE-RAR,335,45,"b. Papier iſt, als Buch "
5219,DE-RAR,335,45,"Brief, oder Schrift. "
5220,DE-RAR,335,45,en Guecti 
5223,DE-RAR,335,45,"anne. Bechtoleke;, "
5224,DE-RAR,335,45,au. Plehivi. 
5225,DE-RAR,335,45,"feffer, tuͤrkiſcher. C "
5226,DE-RAR,335,45,Dieſer iſt dort in unent⸗ 
5227,DE-RAR,335,45,"behrliches Gewuͤrz, welches "
5228,DE-RAR,335,45,faſt zu allen Speiſen noͤ⸗ 
5231,DE-RAR,335,45,hip iſt. Wenn ſich daran 
5232,DE-RAR,335,45,U ! 3 
5235,DE-RAR,335,45,(ei DE 
5238,DE-RAR,335,45,Di.ieſes amerikaniſche Werk⸗ 
5241,DE-RAR,335,45,ocoli. 
5244,DE-RAR,335,45,4 » 
5245,DE-RAR,335,45,"ein Mißwachs ereignet, fo "
5246,DE-RAR,335,45,"wird darüber, wie hier "
5247,DE-RAR,335,45,"uͤber das Brod gejammert, "
5248,DE-RAR,335,45,"denn man glaubt, daß man "
5249,DE-RAR,335,45,ohne dieſen nicht leben koͤn 
5250,DE-RAR,335,45,"ne. Es iſt aber gewiß, daß "
5251,DE-RAR,335,45,"dieſer Pfeffer, weil dorten "
5252,DE-RAR,335,45,"kein, oder ſehr wenig Wein "
5253,DE-RAR,336,46,"getrunken wird, zur Ver⸗ "
5254,DE-RAR,336,46,dauung der Speiſen ſehr 
5257,DE-RAR,336,46,dienlich iſt. | 
5258,DE-RAR,336,46,"Pfeil! Gusen, hat den Namen "
5259,DE-RAR,336,46,"von guad Schüf oder Kobr, "
5260,DE-RAR,336,46,weil der untere Theil deſſel⸗ 
5261,DE-RAR,336,46,ben daraus gemacht iſt. 
5262,DE-RAR,336,46,Der obere Theil iſt aus 
5263,DE-RAR,336,46,"hartem zugeſpitzten Holze, "
5264,DE-RAR,336,46,das mit Rerven an das 
5265,DE-RAR,336,46,"Rohr gebunden wird, an "
5266,DE-RAR,336,46,deſſen Spitze iſt ein ſpitzig 
5267,DE-RAR,336,46,geſchliffener ſchwarzer Kri⸗ 
5268,DE-RAR,336,46,"ſtall, oder ein Eißlein feſt "
5269,DE-RAR,336,46,gemacht. An dem unter⸗ 
5270,DE-RAR,336,46,ſten Theile ſind drey Rei⸗ 
5271,DE-RAR,336,46,hen abgeſtutzter Federn. ſ. 
5272,DE-RAR,336,46,Armbruſt. a 5 
5275,DE-RAR,336,46,27 
5278,DE-RAR,336,46,— 
5281,DE-RAR,336,46,"Pfennig, Guenomi, ſ. Metall, "
5283,DE-RAR,336,46,Pferd. Call. Cejüiſchi. 0 
5285,DE-RAR,336,46,"Pflug Baſlaräleke, oder Vaſ⸗- "
5286,DE-RAR,336,46,"feraleke, "
5289,DE-RAR,336,46,zeug beſteht aus einem ein 
5290,DE-RAR,336,46,"bis 2 Ellen langen, dicken "
5291,DE-RAR,336,46,"und harten Klotz, der am "
5292,DE-RAR,336,46,unteken Theile einen ruͤck⸗ 
5293,DE-RAR,336,46,waͤrts etwas aufſtehenden 
5294,DE-RAR,336,46,"Aſt hat, damit er gehalten "
5295,DE-RAR,336,46,"und dey dem Pfluͤgen den, "
5296,DE-RAR,336,46,i ei⸗ 
5299,DE-RAR,336,46,r 
5302,DE-RAR,336,46,ERNEST ES REIN TARRETWEIT HAN 
5305,DE-RAR,336,46,336 
5308,DE-RAR,336,46,leitet werden koͤnne. Die 
5309,DE-RAR,336,46,obere Laͤnge des Klotzes iſt 
5312,DE-RAR,336,46,"abgerundet, die untere aber "
5313,DE-RAR,336,46,"prismatiſch geſchaͤrft, da⸗ "
5316,DE-RAR,336,46,"Loͤcher hat, "
5319,DE-RAR,336,46,mit die Schneide die Erde 
5320,DE-RAR,336,46,gut ausfurche. Auf der 
5321,DE-RAR,336,46,oberen Flaͤche werden zwey 
5322,DE-RAR,336,46,voneinander abſtehende Loͤ⸗ 
5323,DE-RAR,336,46,"cher gemacht, in welchen "
5324,DE-RAR,336,46,drey Spannen lange Spei⸗ 
5325,DE-RAR,336,46,"le verfeſtigt werden, doch "
5326,DE-RAR,336,46,muß der vordere etwas hoͤ⸗ 
5327,DE-RAR,336,46,her ſeyn. Daruͤber kommt 
5328,DE-RAR,336,46,"die Deichſel, welche zwey "
5329,DE-RAR,336,46,"die Speile durchgehen, "
5330,DE-RAR,336,46,und mit Widerkeilen verfe⸗ 
5331,DE-RAR,336,46,ſtiget werden; die Deichſel 
5332,DE-RAR,336,46,aber muß mit dem Ende 
5333,DE-RAR,336,46,"in des ſchiefe Loch, welches "
5334,DE-RAR,336,46,in dem ruͤckwaͤrts aufſtehen⸗ 
5335,DE-RAR,336,46,"den Aſte gemacht iſt, gut "
5336,DE-RAR,336,46,einpaſſen. Die Loͤcher der 
5337,DE-RAR,336,46,"Deichſel, durch welche wie "
5338,DE-RAR,336,46,"Speile gehen, muͤſſen gu⸗ "
5339,DE-RAR,336,46,"ten Raum haben, denn von "
5340,DE-RAR,336,46,der Erhoͤhung oder Herab⸗ 
5341,DE-RAR,336,46,laſſung der Deichfel haͤnget 
5342,DE-RAR,336,46,"es ab, daß der Pflug, der "
5343,DE-RAR,336,46,ſchlechterdings ohne Achſe 
5344,DE-RAR,336,46,und Raͤder von dem Viehe 
5347,DE-RAR,336,46,"fortgeſchleppt wird, tiefer "
5350,DE-RAR,336,46,oder ſeichter in den Boden 
5351,DE-RAR,336,46,eingreife. Der vordere 
5354,DE-RAR,336,46,Theil des Klotzes iſt abwaͤrts 
5357,DE-RAR,336,46,"abgegleichet, und von bey⸗ "
5358,DE-RAR,336,46,den Seiten ein wenig zuge⸗ 
5359,DE-RAR,336,46,"ſpitzt, woran mit drey Na⸗ "
5360,DE-RAR,336,46,"geln eine, kleine eiſerne "
5361,DE-RAR,336,46,"Platte angeſchlagen wird, "
5362,DE-RAR,336,46,und das iſt die Pflugſchar. 
5365,DE-RAR,336,46,Es iſt dieß fuͤrwahr ein ſehr 
5368,DE-RAR,336,46,"einfaches Werkzeug, doch "
5369,DE-RAR,336,46,wird das Erdreich damit 
5370,DE-RAR,337,47,"eben ſo gut, als mit einem "
5373,DE-RAR,337,47,"europäiſchen Pfluge, züge "
5376,DE-RAR,337,47,durch welche 
5379,DE-RAR,337,47,Deutſch⸗Tarahumariſches | 
5382,DE-RAR,337,47,Saat bereitet. Ich habe de 
5383,DE-RAR,337,47,von einen Abriß bengeleg! 
5384,DE-RAR,337,47,"fluͤgen. Baflara, ſ. Aderr "
5385,DE-RAR,337,47,füge. Pauguimanila. Paugui 
5386,DE-RAR,337,47,maniki. A 
5387,DE-RAR,337,47,"Pinſel. Kupaca. , "
5388,DE-RAR,337,47,iſſen. Sisi. f 1957 
5389,DE-RAR,337,47,latzregen Jukiki. 
5390,DE-RAR,337,47,Pluͤndern. Itichigua. 
5391,DE-RAR,337,47,Poſſen treiben. Leeils. 
5392,DE-RAR,337,47,ie ei Negueſſa. 
5393,DE-RAR,337,47,Prieſter bali. So nennten fi 
5394,DE-RAR,337,47,"die Miſſionarien, welche "
5395,DE-RAR,337,47,Wort von dem ſpaniſche 
5396,DE-RAR,337,47,Padre herzuſtammen ſcheint 
5397,DE-RAR,337,47,und von den Tarahumareı 
5398,DE-RAR,337,47,"verhunzt worden, weii ihr "
5399,DE-RAR,337,47,Sprache kein d hat. 
5400,DE-RAR,337,47,Pruͤgel. Cusiki. 
5401,DE-RAR,337,47,Pruͤgeln. Guechpiſdco. 
5404,DE-RAR,337,47,R. 
5407,DE-RAR,337,47,Rabe. Colatfchi. 
5408,DE-RAR,337,47,Raͤchen. Nemiki. 
5409,DE-RAR,337,47,"Raſen, Logui. Raſend, Le "
5410,DE-RAR,337,47,guiameke. FEN; 
5411,DE-RAR,337,47,Ratze. Tfchichli. 
5412,DE-RAR,337,47,"Rauben. Itfehigua, Tfchapı "
5413,DE-RAR,337,47,Raubvogel Rangun. 
5414,DE-RAR,337,47,Rauch. Pemoliki. | 
5415,DE-RAR,337,47,Kaufen. Naköja. 
5416,DE-RAR,337,47,Rauſchig. Teculüaneke. 
5417,DE-RAR,337,47,"Recht Ga, gane,. galäla "
5418,DE-RAR,337,47,"Rechts, rechter Hand, Gus "
5419,DE-RAR,337,47,tõnãana. 5 
5420,DE-RAR,337,47,Rede. Neogala. 
5421,DE-RAR,337,47,"eden. Tlani. Neöca, Ruje "
5422,DE-RAR,337,47,"Im Reden, neoga, i. "
5423,DE-RAR,337,47,"5 Rede, ſage het "
5424,DE-RAR,337,47,ul. a 
5425,DE-RAR,337,47,Redlos. Tã nes Ses. 
5426,DE-RAR,337,47,Regen. Jukiki. 
5427,DE-RAR,337,47,Regnen. Es regnet. Jukü. 
5428,DE-RAR,337,47,"Reh. Tfchomali, Die große "
5429,DE-RAR,337,47,"Hirſche heiſſen büra, ” "
5430,DE-RAR,337,47,: a 
5433,DE-RAR,337,47,y 1 Woͤrterbuch. 337 
5436,DE-RAR,337,47,"halten ſich auſſer dem Ge⸗ Reibſtein, Matäce. So heißt "
5437,DE-RAR,337,47,"birge in flachen Wäldern jener Reibſtein, auf wel— "
5438,DE-RAR,337,47,auf. Die Rehjagd aber chem der geröftete tuͤrkiſche 
5439,DE-RAR,337,47,wird von den Tarahuma Waitzen zu Gries gemahlen 
5440,DE-RAR,337,47,ren alſo gemacht: fie ma- wird ſ. Brod und Gries. 
5441,DE-RAR,337,47,chen den Trieb auf eine An- Reichthum. Sie haden kein 
5442,DE-RAR,337,47,"hoͤhe, welche nur eine oder eigenes Wort, wenn ſie "
5443,DE-RAR,337,47,"zwey Aus⸗ und Eingaͤnge aber ſagen wollen, daß je⸗ "
5444,DE-RAR,337,47,"hat. Eine ſolche Anhöhe mand reich ſey, fo fagen "
5445,DE-RAR,337,47,"wird mela genannt, welches fie: igue naligus. "
5446,DE-RAR,337,47,im ſpaniſchen einen Tiſch Reif: Balsiameke. Reif ſeyn. 
5447,DE-RAR,337,47,"bedeutet, weil ſie oben flach Bals. Es wird fon reif, "
5448,DE-RAR,337,47,"it. Wenn nun das Wild Balsiba, oder baisimi, - "
5449,DE-RAR,337,47,"hingetrieben iſt, fo ſtellen Reiger. Gusilcho, Iſt eine "
5450,DE-RAR,337,47,"ſich einige mit ihren Bogen gewiſſe Gattung derſelben, "
5451,DE-RAR,337,47,und Pfeilen zu den Eingaͤn⸗ welche die Spanier jigarla _ 
5452,DE-RAR,337,47,"gen hin, die übrigen, alle be⸗ nennen. i \ "
5453,DE-RAR,337,47,"waffnet, fangen zu jagen Rennen. Humä⸗ "
5454,DE-RAR,337,47,"an. Alles, was ſich den Reue. Tefiguis "
5455,DE-RAR,337,47,"Ausgaͤngen nähert, faͤllt Reuen. Es reuet mich. Tefh- "
5456,DE-RAR,337,47,"ihnen in die Haͤnde, und _ guaneba, "
5457,DE-RAR,337,47,vieles ſtuͤrzet oͤfters von Reuße. Tapéſtle. 
5458,DE-RAR,337,47,de Anhöhe hinab Wenn Reuten. Nalléga ne ſimi. 
5459,DE-RAR,337,47,"es ihnen gelingt, die Rehe Reutzeug. Lomilo. Das ta⸗ "
5462,DE-RAR,337,47,"auf eine Ebene zu treiben, "
5463,DE-RAR,337,47,koͤnnen ſie dieſelben leicht 
5464,DE-RAR,337,47,"fangen, weil dieſe Thiere, "
5465,DE-RAR,337,47,welche an das Gebirge ge⸗ 
5466,DE-RAR,337,47,"woͤhnt ſind, in der Ebene "
5467,DE-RAR,337,47,faſt nicht fortkommen koͤn⸗ 
5468,DE-RAR,337,47,"nen, ſondern nur Sätze "
5469,DE-RAR,337,47,und Springe in die Hoͤhe 
5470,DE-RAR,337,47,machen. Sonſt iſt in jenem 
5471,DE-RAR,337,47,bee und meiſtentheils 
5472,DE-RAR,337,47,dicht bewachſenen Gebirge 
5473,DE-RAR,337,47,ein Reh ſchwer zu bekom⸗ 
5474,DE-RAR,337,47,"men, es ſey denn, daß, "
5475,DE-RAR,337,47,wenn es mit dem Viehe 
5476,DE-RAR,337,47,"weidet, ſich der Tarahumar "
5477,DE-RAR,337,47,"hinſchleichen, und ſeinen "
5480,DE-RAR,337,47,"Schuß anbringen kann, oder "
5483,DE-RAR,337,47,daß er es im Lager antreffe. 
5486,DE-RAR,337,47,hhaut. Tichomaii guitichila. Richter. 
5487,DE-RAR,337,47,"ei | Tufehi, Dorfrichter, "
5488,DE-RAR,337,47,"eiben, oder kratzen, Such» Riem. Guitlchila, "
5490,DE-RAR,338,48,es Kachelas 
5493,DE-RAR,338,48,"ben, zerreiben. "
5496,DE-RAR,338,48,* 
5497,DE-RAR,338,48,5 
5498,DE-RAR,338,48,W 
5501,DE-RAR,338,48,. 
5504,DE-RAR,338,48,5 
5507,DE-RAR,338,48,9 
5510,DE-RAR,338,48,rahumariſche Reutzeug bez 
5511,DE-RAR,338,48,ſteht aus ſonſt nichts an⸗ 
5512,DE-RAR,338,48,"dern, als aus zweyen "
5513,DE-RAR,338,48,mit feinem Graſe angefuͤll⸗ 
5514,DE-RAR,338,48,"ten, und fo zuſammenhaͤn⸗ "
5515,DE-RAR,338,48,genden Wuͤrſten ſo daß ſie 
5518,DE-RAR,338,48,12 neben dem Ruͤcken des 
5521,DE-RAR,338,48,"ferdes zu liegen kommen, "
5522,DE-RAR,338,48,daruͤber wird um den Bauch 
5523,DE-RAR,338,48,"eine Binde gezogen, die "
5524,DE-RAR,338,48,aber nicht feſt angezogen 
5525,DE-RAR,338,48,"wird, damit der Reuter "
5526,DE-RAR,338,48,auch die Fuͤße hineinſtecken 
5527,DE-RAR,338,48,koͤnne. n 
5528,DE-RAR,338,48,"cker darauf, und halten fi "
5529,DE-RAR,338,48,"ſo feſt, daß ſie weder her⸗ "
5530,DE-RAR,338,48,"abfallen, noch die Wuͤrſte "
5531,DE-RAR,338,48,Wrlier en; 
5532,DE-RAR,338,48,"Cuſigucameke, f, "
5535,DE-RAR,338,48,Fine 
5538,DE-RAR,338,48,Sie reuten fo wa⸗ 
5541,DE-RAR,338,48,— ir ˙— — 
5544,DE-RAR,338,48,338 
5547,DE-RAR,338,48,Ringen. Nahirape. 
5549,DE-RAR,338,48,Rohr. Gua. 
5551,DE-RAR,338,48,Roſe. Sepua. 
5553,DE-RAR,338,48,Roß. Cat. Cajütfchi. 
5555,DE-RAR,338,48,"Roſt Majala, ift ein Haupt⸗ "
5556,DE-RAR,338,48,"wort, aber nicht im Ge⸗ "
5557,DE-RAR,338,48,"brauche, ſondern man ſagt "
5559,DE-RAR,338,48,Roftig. Mujijameke. 
5562,DE-RAR,338,48,"Roth. Tleſtatäcemeke, oder "
5563,DE-RAR,338,48,fnacameke. Es iſt roth. 
5564,DE-RAR,338,48,Tieftana. 
5567,DE-RAR,338,48,Rücken. Bucaligun. 
5569,DE-RAR,338,48,"Ruͤckwaͤrts. Bucalı, "
5571,DE-RAR,338,48,"Rufen. Bis. Rufend, Bajea- "
5572,DE-RAR,338,48,"meke. Gekufen, Bajeliruc, "
5573,DE-RAR,338,48,"Rufen ſollen, bajemela. "
5575,DE-RAR,338,48,"Ruͤhren, in einander miſchen. "
5576,DE-RAR,338,48,Hologua. 
5578,DE-RAR,338,48,"Rund, wie eine Kugel. Car d- "
5579,DE-RAR,338,48,"lame ke, cavorameke, wie "
5580,DE-RAR,338,48,"ein Kreis, tlchitülameke. "
5582,DE-RAR,338,48,"Runde. Lichicula, "
5584,DE-RAR,338,48,Ruthe. Cusiki. 
5587,DE-RAR,338,48,S. 
5590,DE-RAR,338,48,Saͤbel. Malagala. 
5592,DE-RAR,338,48,Sache. Nanamüti. 
5594,DE-RAR,338,48,Saale Keliki. f 
5596,DE-RAR,338,48,"Saen. Echtfcha, Saen fellen, "
5597,DE-RAR,338,48,"echtſämela. Geſaͤet, Echuchi- "
5598,DE-RAR,338,48,rue. 
5600,DE-RAR,338,48,"Ra. Tfani, Riüje. Sag es, "
5602,DE-RAR,338,48,"Saitenſpiel, Raveli. ſ. Geige. "
5604,DE-RAR,338,48,"Saite. Tejaca, "
5606,DE-RAR,338,48,Salat. Tichinäca. ſ. Kraut. 
5608,DE-RAR,338,48,"Salben. Tfchurfcha. Geſalbt, "
5609,DE-RAR,338,48,Tichutfcheliameke. 
5611,DE-RAR,338,48,Salbung. Tlchutlchelila. 
5613,DE-RAR,338,48,Salz Honaca. 5 
5615,DE-RAR,338,48,Saamen. Taliki. 
5617,DE-RAR,338,48,Sammeln. Napabũ. Man muß 
5618,DE-RAR,338,48,"ſammeln, napabünela. "
5620,DE-RAR,338,48,"Sammt. Napa, nape. "
5622,DE-RAR,338,48,"Sand, Saaté. "
5625,DE-RAR,338,48,eee eee 
5628,DE-RAR,338,48,U NNN\ 
5629,DE-RAR,339,49,r 
5630,DE-RAR,339,49,. 3 Er * 8 
5633,DE-RAR,339,49,Deutſch Tarahumar'ſches 
5636,DE-RAR,339,49,"Sandig, Sıateameke. "
5638,DE-RAR,339,49,"Sanft, das Rebenwort. Re- "
5639,DE-RAR,339,49,liki. 7 
5641,DE-RAR,339,49,Satan. Ssriamehe. 
5643,DE-RAR,339,49,Sattel. Peraca. f. Packſattel. 
5644,DE-RAR,339,49,und Reutzeug⸗ f 
5646,DE-RAR,339,49,"Eatieln. Peıe, "
5648,DE-RAR,339,49,Sau Coticht. 
5650,DE-RAR,339,49,"Saufer; Pahismeke, "
5652,DE-RAR,339,49,Saugen. Tichitfeht. 
5654,DE-RAR,339,49,Säugling. Tichivichiameke. 
5656,DE-RAR,339,49,"Schaben, Schuch. a "
5658,DE-RAR,339,49,Schaden. Cocörufe. 
5660,DE-RAR,339,49,Schaf Pouguacs ſ. Lamm. 
5662,DE-RAR,339,49,Schafhirt. Pouguä naſſçameke. 
5664,DE-RAR,339,49,"Schafpelz. a guitichfia, "
5666,DE-RAR,339,49,Schaffen. Nala. 
5668,DE-RAR,339,49,"Schale, Rinde. Kachsla. "
5669,DE-RAR,339,49,Trinkſchale ſ. Becher. 
5671,DE-RAR,339,49,"SOSE Tiei, "
5673,DE-RAR,339,49,Scharf. Tfchutärugameke. 
5675,DE-RAR,339,49,Schärfen. Tichuta. 
5677,DE-RAR,339,49,"Schaͤtzen, ehren, Noine. "
5679,DE-RAR,339,49,Scheuen Nine. Retegud. 
5681,DE-RAR,339,49,Schedel. Mooln. 
5683,DE-RAR,339,49,Scheere. Nifsila. 
5686,DE-RAR,339,49,"Scheffel, f. Getreidemanß. "
5689,DE-RAR,339,49,Scheibe. Tiehitula. 
5691,DE-RAR,339,49,Scheinen. RachelEe Es ſchel⸗ 
5692,DE-RAR,339,49,"net mir, ich halte dafür. "
5693,DE-RAR,339,49,Majè. 
5695,DE-RAR,339,49,Schelle. Tamule. 
5697,DE-RAR,339,49,"Scherben, zerbrochenes Ge⸗ "
5698,DE-RAR,339,49,ſchirr. Cafſiniki. Gaſſirüga- 
5701,DE-RAR,339,49,meke. 
5704,DE-RAR,339,49,Schermaus. Tepd. 
5707,DE-RAR,339,49,Schermeſſer. Tepigaca. x 
5708,DE-RAR,339,49,Scherzen. Teeik. Scherzend/ 
5709,DE-RAR,339,49,"im Scherz, te eja. "
5711,DE-RAR,339,49,Scherzhaft. Teeja. 
5713,DE-RAR,339,49,Scheuen. Ikitsiki. 
5715,DE-RAR,339,49,Schicken. Hula. 
5717,DE-RAR,339,49,Schienbein. Tabeläca. 
5719,DE-RAR,339,49,"Schilf, Gua. "
5721,DE-RAR,339,49,Schimmeln. Muja. Es ſchim⸗ 
5723,DE-RAR,339,49,"melt ſchon, mujabs. "
5724,DE-RAR,339,49,Schim⸗ 
5727,DE-RAR,339,49,3 
5730,DE-RAR,339,49,n 
5733,DE-RAR,339,49,Woͤrterbuch. 
5736,DE-RAR,339,49,ee Repägameke. 
5737,DE-RAR,339,49,"chimlich, Mujaſameke. 8 "
5738,DE-RAR,339,49,ichlachten. Mea. Geſchlachtet. 
5739,DE-RAR,339,49,Melirügameke. Es ift ger 
5740,DE-RAR,339,49,"ſchlachtet, melirüc. "
5741,DE-RAR,339,49,schlaf. Cottchisi. 
5744,DE-RAR,339,49,"schlafen, Corfchime. Schla⸗ "
5747,DE-RAR,339,49,"fend, cotfchiimeameke, Sich "
5748,DE-RAR,339,49,"grade aus, nach der Laͤnge "
5749,DE-RAR,339,49,"ſchlafen legen, born. "
5750,DE-RAR,339,49,"ſchlaͤfrig. Cotichlameke, "
5751,DE-RAR,339,49,schlagen. Guechpifgeo. 
5752,DE-RAR,339,49,"schlangen. Schino, oder Schi- "
5753,DE-RAR,339,49,noco. In Amerifa giebt 
5754,DE-RAR,339,49,es verſchiedene Schlangen⸗ 
5757,DE-RAR,339,49,arten. Hier folgen einige 
5760,DE-RAR,339,49,Benennungen derſelben. 
5761,DE-RAR,339,49,Bacala:fchi iſt eine Art lan⸗ 
5764,DE-RAR,339,49,"ger und dicker Schlangen, "
5767,DE-RAR,339,49,davon es ſehr viele Bat: 
5768,DE-RAR,339,49,tungen in jenem Gebirge 
5769,DE-RAR,339,49,giebt. Sie verſchlingen 
5770,DE-RAR,339,49,mit Haut und Haaren ganze 
5771,DE-RAR,339,49,"Koͤnigshaſen, wie einer aus "
5774,DE-RAR,339,49,dem Bauche einer ſolchen 
5777,DE-RAR,339,49,Schlange vor meinen Au⸗ 
5778,DE-RAR,339,49,"gen, aber ganz gequetſcht, "
5779,DE-RAR,339,49,herausgeſchnitten worden 
5780,DE-RAR,339,49,iſt. Die allergroͤßten 
5781,DE-RAR,339,49,"Schlangen, die ſchrecklich "
5782,DE-RAR,339,49,"anzuſehen ſind, verlaſſen "
5783,DE-RAR,339,49,"ihre Hoͤhlen nicht, ſondern "
5784,DE-RAR,339,49,"kriechen nur heraus, und "
5787,DE-RAR,339,49,rollen ſich ſchneckenfoͤrmig 
5790,DE-RAR,339,49,an der Sonne. Was ihre 
5791,DE-RAR,339,49,"Nahrung ſey, kann man "
5794,DE-RAR,339,49,Er leicht errathen. Man 
5797,DE-RAR,340,50,"agte mir, daß fie, wenn "
5798,DE-RAR,340,50,ein Haſe oder Kaninchen 
5799,DE-RAR,340,50,"in ihre Gegend geräth, fie "
5800,DE-RAR,340,50,mit der Zunge und ihren 
5801,DE-RAR,340,50,Yusdünftungen fo lange 
5802,DE-RAR,340,50,"fpiele, bis das Thierchen "
5803,DE-RAR,340,50,"davon betäubt wird, ſich "
5804,DE-RAR,340,50,"hebt, und anſtatt ſich zu "
5805,DE-RAR,340,50,"keiten, in den Rachen "
5808,DE-RAR,340,50,239 
5811,DE-RAR,340,50,ſpringt. Bahumali iſt eine 
5812,DE-RAR,340,50,andere Gattung der Schlan⸗ 
5813,DE-RAR,340,50,gen mit ſchwarzen und gold⸗ 
5814,DE-RAR,340,50,"farbigen Flecken, ſehr groß, "
5815,DE-RAR,340,50,die aber dem Menſchen nicht 
5816,DE-RAR,340,50,ſchadet. Guaichipo iſt eine 
5817,DE-RAR,340,50,Schlange mit einem ro⸗ 
5818,DE-RAR,340,50,then Schwanze. Es giebt 
5819,DE-RAR,340,50,"auch Klapperſchlangen, die, "
5820,DE-RAR,340,50,"weſi ſie ſchleichen, ein ſchel⸗ "
5821,DE-RAR,340,50,"lendes Getös machen Dies, "
5822,DE-RAR,340,50,ſes Getos entſteht aus 
5823,DE-RAR,340,50,"einer ſchuppigten Klapper, "
5824,DE-RAR,340,50,die fie am Schwanze haben. 
5825,DE-RAR,340,50,"Man hoͤrt den Schall, und "
5826,DE-RAR,340,50,kann ihr ausweichen. Die 
5827,DE-RAR,340,50,"Tarähumaren jagen, daß "
5828,DE-RAR,340,50,ſie eben ſo viele Jahre 
5829,DE-RAR,340,50,"‚zähle, als fie dergleichen "
5830,DE-RAR,340,50,dürre Schuppenglieder an 
5831,DE-RAR,340,50,ihrem Schwanze hat. 2 
5832,DE-RAR,340,50,"chleifen. Tichua, "
5833,DE-RAR,340,50,"Schleunig, Gualineke. Beſago. "
5834,DE-RAR,340,50,"Schließen Ecke, Geſchloſſen, "
5835,DE-RAR,340,50,"- eruke, J 65 "
5836,DE-RAR,340,50,"Schlimm. Tfei, Schlimmer, "
5837,DE-RAR,340,50,"\ Tieuibe, N 5 "
5838,DE-RAR,340,50,"Schlinge. Büile, ſ. Strick. "
5839,DE-RAR,340,50,Schlingen. Guagua. 
5840,DE-RAR,340,50,Schluͤſſel Epuläcc. 6 
5841,DE-RAR,340,50,Schmackhaft. Ieue ga. _ 
5842,DE-RAR,340,50,Schrauben Tab Tiehutlchü: . 
5845,DE-RAR,340,50,"Schmerz. Teſſiguala, "
5848,DE-RAR,340,50,"Schmieren. Tichutſcha, "
5849,DE-RAR,340,50,Schnee. Kepalili. 
5850,DE-RAR,340,50,Schneiden. Tepulä. 
5851,DE-RAR,340,50,"Sich ſchneiden, guäkı. "
5852,DE-RAR,340,50,"chnell. Guslineke, "
5855,DE-RAR,340,50,"Schneyen. Es ſchneyet, Kepä; "
5856,DE-RAR,340,50,"Schön. Gala. 1 , "
5859,DE-RAR,340,50,Schooß. Röpäla. 
5861,DE-RAR,340,50,Schoͤpfen. Pabahi. 
5863,DE-RAR,340,50,Schöpfer; Nerejameke. 
5865,DE-RAR,340,50,Schon. Ba. Iſt ein Anhangs⸗ 
5866,DE-RAR,340,50,"wort, und wird den Zeitz "
5869,DE-RAR,340,50,woͤrtern beygefuͤgt. Als; 
5870,DE-RAR,340,50,"Y 2 tim, "
5873,DE-RAR,340,50,r 
5876,DE-RAR,340,50,. ͤ — en ng * . 
5877,DE-RAR,340,50,7 e Nr 7 
5880,DE-RAR,340,50,340 
5883,DE-RAR,340,50,"ſimi, gehen, simiba, er, "
5884,DE-RAR,340,50,aber es gehet ſchon. In 
5885,DE-RAR,340,50,der vergangenen Zeit aber 
5886,DE-RAR,340,50,wird das ö in pa veraͤn⸗ 
5887,DE-RAR,340,50,"dert, als: fimilepa, er, "
5888,DE-RAR,340,50,"oder, es iſt ſchon gegangen. "
5889,DE-RAR,340,50,Schoͤps. ougua pitichabura- 
5890,DE-RAR,340,50,meh e. N 15 
5891,DE-RAR,340,50,"Schrecken, das Zeitwort. Ma- "
5892,DE-RAR,340,50,häruje. ö 
5893,DE-RAR,340,50,Schreiben. Hoſſeis. 
5894,DE-RAR,340,50,Schreiten. Hoje Simi. 
5895,DE-RAR,340,50,"Schreyen. sin, "
5896,DE-RAR,340,50,Schrift. Hollellki. 
5897,DE-RAR,340,50,"Schuh. Kocac, Dieſer be⸗ "
5898,DE-RAR,340,50,ſteht nur aus einer Sohle. 
5899,DE-RAR,340,50,ſ. Sohle. | 
5900,DE-RAR,340,50,Schuld. Tfainajoliki. 
5901,DE-RAR,340,50,Schuͤler. Matichirujegameke: 
5902,DE-RAR,340,50,Schuͤrze. Guisms. f 
5903,DE-RAR,340,50,Schuͤſſel! Bechtoleke; 
5904,DE-RAR,340,50,Schwalbe. Souguepali.- 
5905,DE-RAR,340,50,Schwamm. Solaca. Caſſd. 
5906,DE-RAR,340,50,Schwanger. Potichiruügameke: 
5907,DE-RAR,340,50,Schwarz. Tlehocgmebe. 
5908,DE-RAR,340,50,Schweif. Calirfchrki. 
5909,DE-RAR,340,50,Schweigen. Mutſcna. 
5910,DE-RAR,340,50,Schwein. Cotſehl.. 
5911,DE-RAR,340,50,Schwermuͤthig. Teſſigusja⸗ 
5912,DE-RAR,340,50,meke. Tel-iv usti. 
5913,DE-RAR,340,50,Schwert. Malagala: 
5914,DE-RAR,340,50,Schweſter. Boni. h 
5915,DE-RAR,340,50,"Schwimmen, ſ. Baden. "
5916,DE-RAR,340,50,Schwitzen. Pauguina. 
5919,DE-RAR,340,50,"Schwißzſtube, Te nalcali. ſ. "
5922,DE-RAR,340,50,Badſtube⸗ . 
5923,DE-RAR,340,50,Schwoͤren. Das eigene Wort 
5924,DE-RAR,340,50,"mangelt, wenn ſie aber "
5925,DE-RAR,340,50,1 heben ſie die Hand 
5926,DE-RAR,340,50,Aa | 
5927,DE-RAR,340,50,"über dem Zeigefinger, und "
5928,DE-RAR,340,50,"ſprechen gueva Dion guitsje, "
5929,DE-RAR,340,50,oder Santa Crucitaje. ° 
5930,DE-RAR,340,50,"Schwungfeder. Mashaca, "
5931,DE-RAR,340,50,"Sechs, Pulaniki. "
5932,DE-RAR,340,50,Sechsmal. Pulaniſſa. 
5935,DE-RAR,340,50,legen den Daumen 
5938,DE-RAR,340,50,Deutſch Tarahumariſches 
5941,DE-RAR,340,50,Sechſter. Pufaniaje. 
5943,DE-RAR,340,50,Sechzehn. Macöck 
5944,DE-RAR,340,50,ſanik. a 1 
5946,DE-RAR,340,50,See. Pauguim mila. Paugui- 
5948,DE-RAR,340,50,man kt. 
5950,DE-RAR,340,50,"Seele. Halsguala, wird im "
5951,DE-RAR,340,50,Mangel eines andern Wor⸗ 
5952,DE-RAR,340,50,tes uneigentlich gefagt. 
5954,DE-RAR,340,50,Sehen. Nene. Retegud. Mat- 
5956,DE-RAR,340,50,"chi. Bloͤd, oder übel ſe⸗ "
5957,DE-RAR,340,50,"hen, tane ga matſchi, oder "
5960,DE-RAR,340,50,a mobs pu- 
5963,DE-RAR,340,50,"ne 8 td ga mätichi. Sieh, "
5964,DE-RAR,340,50,iq. wa | 
5965,DE-RAR,340,50,Sehe. Igue. 
5966,DE-RAR,340,50,"Seidenzeug. Tichiri, So "
5969,DE-RAR,340,50,"heißt überhanpt alles, was "
5970,DE-RAR,340,50,gewebt iſt. ſ. Gewebe. 
5971,DE-RAR,340,50,Seil. ufla. ſ. Strick. 
5974,DE-RAR,340,50,Secitenſtechen. Volsiga. Der 
5977,DE-RAR,340,50,"Tarahumar, welcher das "
5978,DE-RAR,340,50,"Seitenſtechen hat, druͤckt "
5979,DE-RAR,340,50,ſich in ſeiner Sprache alſo 
5980,DE-RAR,340,50,aus: Volsi gatlchiene oco- 
5981,DE-RAR,340,50,"lä, ich bin krank an Sei⸗ "
5982,DE-RAR,340,50,tenſtechen. Sie werden 
5983,DE-RAR,341,51,von dieſer Krankheit ge— 
5984,DE-RAR,341,51,meiniglich am Ende des 
5985,DE-RAR,341,51,"Herbſtes überfallen, wei "
5986,DE-RAR,341,51,fie das kalte Waſſer hinein: 
5987,DE-RAR,341,51,trinken. Gleich am Anfan⸗ 
5988,DE-RAR,341,51,ge hat man den meiſten zu 
5989,DE-RAR,341,51,ihrer Geneſung alſo gebol: 
5990,DE-RAR,341,51,fen: man nahm einen Vier⸗ 
5991,DE-RAR,341,51,"tel Bogen Papier, durch⸗ "
5992,DE-RAR,341,51,loͤcherte ihn mit der Spitze 
5993,DE-RAR,341,51,"einer Scheere, und beſtrich "
5994,DE-RAR,341,51,"es auf jener Seite, wo es "
5995,DE-RAR,341,51,"durch geſtochen worden, mit "
5996,DE-RAR,341,51,alten ungeſalznem Schmeer. 
5997,DE-RAR,341,51,Sodann wurde dieſes Pfla⸗ 
5998,DE-RAR,341,51,"ſter, (welches freylich et⸗ "
5999,DE-RAR,341,51,"was anderes, als ein euro: "
6000,DE-RAR,341,51,"paͤiſcher Umſchlag iſt), über "
6001,DE-RAR,341,51,"die Gluth gehalten, und "
6002,DE-RAR,341,51,nachdem man den Kranken 
6003,DE-RAR,341,51,befragt 
6006,DE-RAR,341,51,Woͤrterbuch. 
6009,DE-RAR,341,51,"befragt hatte, wo er die "
6010,DE-RAR,341,51,"Schmerzen empfinde, ſo "
6011,DE-RAR,341,51,"heiß, als er es erdulden "
6012,DE-RAR,341,51,"konnte, aufgebunden, In. "
6015,DE-RAR,341,51,kurzer Zeit hat ſich der 
6018,DE-RAR,341,51,Schmerz dieſer Orte verlo: 
6019,DE-RAR,341,51,ren und anderswo ange: 
6020,DE-RAR,341,51,meldet: aber mit wiederhol⸗ 
6021,DE-RAR,341,51,ten Erwarmen u. Auflegen 
6022,DE-RAR,341,51,des beſtrichenen Papieres 
6023,DE-RAR,341,51,verfolgſe man den Anſatz 
6024,DE-RAR,341,51,"des Seitenſtechens ſo lange, "
6025,DE-RAR,341,51,bis ſich die boͤſe Materie 
6026,DE-RAR,341,51,zertheilet und der Patient 
6027,DE-RAR,341,51,uͤber nichts mehr geklagt 
6028,DE-RAR,341,51,hat. Gleich am Anfange 
6029,DE-RAR,341,51,der Krankheit habe ich die⸗ 
6030,DE-RAR,341,51,ſes Mittel faſt allezeit be⸗ 
6032,DE-RAR,341,51,währt befunden. Wenn 
6035,DE-RAR,341,51,— 
6038,DE-RAR,341,51,aber eine ſchon innerliche 
6039,DE-RAR,341,51,"Faͤulung vorhanden iſt, der "
6042,DE-RAR,341,51,Kranke einen blutigen 
6043,DE-RAR,341,51,"Schleim aus wirft, und die "
6046,DE-RAR,341,51,"Lefzen ausgedorrt ſind, ſo "
6049,DE-RAR,341,51,iſt dieſes fonft fo heilfame 
6051,DE-RAR,341,51,"Mittel, nicht mehr zur Ret⸗ "
6052,DE-RAR,341,51,tung des Lebens hinlaͤnglich. 
6053,DE-RAR,341,51,"Breit. Er, dieſer ſelbſt. Igör- "
6054,DE-RAR,341,51,\ 1c1a. 
6055,DE-RAR,341,51,"Selig, Ganeliameke, "
6056,DE-RAR,341,51,"Seligkeit, Ganileliki. "
6057,DE-RAR,341,51,"Seligmachen, Ganileräje. "
6058,DE-RAR,341,51,"Senden, Hula. "
6059,DE-RAR,341,51,"Seyn, Hücu. Galäki oder gatiki, "
6060,DE-RAR,341,51,"wenn der Ort einer Perſon, "
6061,DE-RAR,341,51,"wo ſie iſt, ſich befindet, oder "
6064,DE-RAR,341,51,"wohnt, anzudeuten iſt. Wo "
6067,DE-RAR,341,51,"ein afuͤßiges Thier iſt, heiſt "
6068,DE-RAR,341,51,"es tlehuch, bey einer flieſ⸗ "
6069,DE-RAR,341,51,"ſenden Materie aber mani, "
6070,DE-RAR,341,51,"Sieben, Kitfaöco, "
6071,DE-RAR,341,51,"Siebenmal, Kitſaöſſa. "
6072,DE-RAR,341,51,"Siebenter, Kitlaöaje. "
6073,DE-RAR,341,51,"Siebenzehn, Macötk amoba "
6074,DE-RAR,341,51,Kkittséco. 
6075,DE-RAR,341,51,"Siebenzig, Kitſaöſſa macöck, "
6078,DE-RAR,341,51,N 
6081,DE-RAR,341,51,om 
6084,DE-RAR,341,51,341 
6087,DE-RAR,341,51,"Sieh, Cocojameke. "
6088,DE-RAR,341,51,"Sieden, Baflü. Siedend, baf- "
6089,DE-RAR,341,51,"füjameke. Geſotten, baſſi⸗ "
6090,DE-RAR,341,51,"riujameke, Es fiedet, baffü- "
6091,DE-RAR,341,51,W 
6092,DE-RAR,341,51,"Silber, ſ. Metall. "
6093,DE-RAR,341,51,Singen Guicara. 
6094,DE-RAR,341,51,"Sitz, Jaſſala. i "
6095,DE-RAR,341,51,"Sitzen, Jafa. . "
6096,DE-RAR,341,51,"Skorpion, Guatfehiki. Dies "
6097,DE-RAR,341,51,fer iſt einer groͤßern Eidechſe 
6098,DE-RAR,341,51,"aͤnlich. Jene aber, die man "
6099,DE-RAR,341,51,hier zu Lande Skorpionen 
6100,DE-RAR,341,51,"nennt, und krebsänlich find, "
6101,DE-RAR,341,51,"heiſſen Alacranes, und find "
6102,DE-RAR,341,51,allda ſehr häufig. Der 
6103,DE-RAR,341,51,Skorpion ſoll das giftigſte 
6104,DE-RAR,341,51,Thier unter allem Ungezie⸗ 
6105,DE-RAR,341,51,fer in Amerika ſeyn. 
6106,DE-RAR,341,51,"o, alſo. ſ. Alſo. Eben ſo, "
6109,DE-RAR,341,51,eri. 
6112,DE-RAR,341,51,S U [A 
6113,DE-RAR,341,51,"mapu revega, mapu "
6114,DE-RAR,341,51,Colsi. 5 1 
6115,DE-RAR,341,51,"Sohle, Guaratfehs. Kacae, Sie "
6116,DE-RAR,341,51,iſt v. rohem Leder nach dem 
6117,DE-RAR,341,51,Fuße geſchnitten und daran 
6118,DE-RAR,342,52,angebunden; ſonſt pflegen 
6119,DE-RAR,342,52,ſie keine Schuhe zu gebrau⸗ 
6120,DE-RAR,342,52,"chen, die ſie uͤberhaupt nicht "
6121,DE-RAR,342,52,gern tragen: deſſen Urſache 
6122,DE-RAR,342,52,"mir zu ſeyn ſcheint, weil ſie "
6123,DE-RAR,342,52,lieber zu Fuß als zu Pferde 
6124,DE-RAR,342,52,"reiſen, und da man in jenen "
6125,DE-RAR,342,52,Gebirgen oͤfters Fluͤſſe 
6126,DE-RAR,342,52,"durchwaten muß,, find fie "
6127,DE-RAR,342,52,"gern der Muͤhe uͤberhoben, "
6128,DE-RAR,342,52,die Schuhe aus- u. anzuzie⸗ 
6129,DE-RAR,342,52,hen. Die Weiber gehen 
6130,DE-RAR,342,52,allezeit mit ganz bloßen Fuͤ⸗ 
6131,DE-RAR,342,52,"ßen, woran man ſie auch "
6132,DE-RAR,342,52,"erkennt, da in der uͤbrigen "
6133,DE-RAR,342,52,"Leibesbedeckung, die eine "
6134,DE-RAR,342,52,"Kotze iſt, zwiſchen Männern "
6135,DE-RAR,342,52,und Weibern kein Unter: 
6136,DE-RAR,342,52,ſchied iſt. 
6137,DE-RAR,342,52,"Sohn, Nola. Der drittge⸗ "
6138,DE-RAR,342,52,"borne Sohn, polls "
6140,DE-RAR,342,52,"Sollen, "
6143,DE-RAR,342,52,Wr 
6146,DE-RAR,342,52,> LS TE - 
6147,DE-RAR,342,52,"wo, DEE er co SZ IIT TE "
6148,DE-RAR,342,52,N . A DEE EN IRINA 
6151,DE-RAR,342,52,342 
6154,DE-RAR,342,52,"Sollen, Mela, bod, poäf. "
6157,DE-RAR,342,52,A Muͤſſen 
6158,DE-RAR,342,52,"Sommer, Cuvelli. "
6159,DE-RAR,342,52,"Sonne, Taica. a "
6160,DE-RAR,342,52,"Sonſt, von der Zeit, Kia, kia. "
6161,DE-RAR,342,52,"ca, naja, "
6162,DE-RAR,342,52,"Sonſt, anderft, Segui. "
6163,DE-RAR,342,52,"Sorglos, Nalslameke. "
6164,DE-RAR,342,52,"Spalten, Närigue. "
6165,DE-RAR,342,52,"Spaͤt, Cugus "
6166,DE-RAR,342,52,"Spatzieren, Beſſel. "
6167,DE-RAR,342,52,"Speichel, Acaca. "
6168,DE-RAR,342,52,"Speiſe, Cosjameke. Gute, "
6169,DE-RAR,342,52,"ſchmackhafte Speiſe, coieua- "
6170,DE-RAR,342,52,"la. Patéma, tft eine in der "
6171,DE-RAR,342,52,Erde gebratene Speiſe. So 
6172,DE-RAR,342,52,machen ſie es auch mit den 
6173,DE-RAR,342,52,"Ochſenkoͤpfen, und nennen "
6174,DE-RAR,342,52,"dieſen Braten barbacda, der "
6175,DE-RAR,342,52,nicht unſchmackhaft iſt. Die 
6176,DE-RAR,342,52,"Art in der Erde zu braten, "
6177,DE-RAR,342,52,ſ. bey Aloe. i 
6178,DE-RAR,342,52,"Sperren, éke. Geſperrt, Eruke, "
6179,DE-RAR,342,52,"Speyen, Acatsi. "
6180,DE-RAR,342,52,Spiel. Eines der vornehm⸗ 
6181,DE-RAR,342,52,ſten Tarahumariſchen Spies 
6182,DE-RAR,342,52,"le ift Ualshipoa, welches mit "
6183,DE-RAR,342,52,"ihrem Namen Tarahumari, "
6184,DE-RAR,342,52,oder Taishumali gar wohl 
6185,DE-RAR,342,52,übereinfommt. Denn tala 
6186,DE-RAR,342,52,"Suß, und huma laufen, ma⸗ "
6187,DE-RAR,342,52,"chen das Wort Talahüwali, "
6188,DE-RAR,342,52,FKußlauler aus. Dieſes 
6189,DE-RAR,342,52,Wettſpiel im Rennen wird 
6190,DE-RAR,342,52,von 2Partheyen alſo gehal⸗ 
6193,DE-RAR,342,52,ten. Die Läufer ftellen ſich 
6196,DE-RAR,342,52,"in 2 Reihen, in deren Mitte "
6197,DE-RAR,342,52,die dazu gewaͤhlten Auf⸗ 
6200,DE-RAR,342,52,ſeher oder Schiedsmaͤnner 
6203,DE-RAR,342,52,ſtehen. Die Gewinnfaͤtze 
6204,DE-RAR,342,52,"werden zuſammengelegt, die "
6205,DE-RAR,342,52,oft nur in wenigen Pfeilen 
6206,DE-RAR,342,52,"beſtehen. Das Ziel, wohin "
6207,DE-RAR,342,52,"ſie laufen, und ven dannen "
6210,DE-RAR,342,52,bis auf den Kampfplatz wie⸗ 
6213,DE-RAR,342,52,"der zuruck ketzren ſollen, "
6216,DE-RAR,342,52,— NN 
6219,DE-RAR,342,52,Deutſch⸗Tarahumariſches 
6222,DE-RAR,342,52,"wird beſtimmt, welches of "
6223,DE-RAR,342,52,eine ſtarke Meile ausmacht 
6226,DE-RAR,342,52,Alsdann wird das Zeiche 
6229,DE-RAR,342,52,zum Rennen gegeben. Bo 
6230,DE-RAR,342,52,jeder Parthey liegt bey de 
6231,DE-RAR,342,52,Süßen eine von Holz ge 
6232,DE-RAR,342,52,chnittene Kugel. Sobal 
6235,DE-RAR,342,52,das Zeichen gegeben wird 
6238,DE-RAR,342,52,fangen ſie an zu rennen 
6239,DE-RAR,342,52,faſſen die Kugel mit de 
6240,DE-RAR,342,52,obern Flache des Fußes un 
6243,DE-RAR,342,52,werfen ſie ſtets laufend vor 
6246,DE-RAR,342,52,warts. Welche Parthe 
6247,DE-RAR,342,52,nun ehender mit der Kug⸗ 
6248,DE-RAR,342,52,in den Kampfplatz zuruͤch 
6249,DE-RAR,342,52,"koͤmmt, dieſe erhält den Sie "
6250,DE-RAR,342,52,und den Preiß. Wird abe 
6251,DE-RAR,342,52,die Kugel mit der Hand bi 
6252,DE-RAR,342,52,"rührt, ſoliſt das Spiel vet "
6253,DE-RAR,342,52,loren. Setzt ſich einer vo 
6254,DE-RAR,342,52,"den Mitlaͤufern nieder, | "
6255,DE-RAR,342,52,darf er nicht mehr mitiaı 
6256,DE-RAR,342,52,fen. Das ſind ihre Spie 
6257,DE-RAR,342,52,geſetze. Die Wettlaͤufe 
6258,DE-RAR,342,52,werden mit reutenden G. 
6259,DE-RAR,342,52,"fährden begleitet, aber d "
6262,DE-RAR,342,52,Pferde halten nicht aus. E 
6265,DE-RAR,343,53,"iſt zu bewundern, daß die "
6266,DE-RAR,343,53,"Laufer, ob fie. gleich von "
6267,DE-RAR,343,53,Kopf bis an die Fuͤße vo 
6268,DE-RAR,343,53,"Schweiſſe traͤufen, (den "
6269,DE-RAR,343,53,hiebey ſind ſie ganz ne 
6270,DE-RAR,343,53,"ckend,) ſich nachher bey e "
6273,DE-RAR,343,53,nem Bache das kalte Wag 
6276,DE-RAR,343,53,fer über den Kopf ſchuͤtten 
6277,DE-RAR,343,53,und doch keinen Schade 
6278,DE-RAR,343,53,leiden Allein den Tag da 
6279,DE-RAR,343,53,nach ſchwellen ihnen d 
6280,DE-RAR,343,53,Fuͤße ſehr an und werde 
6283,DE-RAR,343,53,kohlſchwarz. Dann nehme 
6286,DE-RAR,343,53,fie einen geſpitzten Kryſtgl 
6287,DE-RAR,343,53,und ſchroͤpfen ſich die We 
6288,DE-RAR,343,53,"den, wornach es wieder ge "
6289,DE-RAR,343,53,wird. Eben ſo ſchroͤpfenf 
6290,DE-RAR,343,53,"ſich auch die Stirne, wen "
6291,DE-RAR,343,53,"ſie Kopfweh haben, 8 "
6292,DE-RAR,343,53,f ö and. 
6295,DE-RAR,343,53,VPDuooͤrtebuch. 
6298,DE-RAR,343,53,"anderes Spiel, ſ. unten "
6299,DE-RAR,343,53,Sgielplatz. Patolle iſt ein 
6302,DE-RAR,343,53,"N einfältiges Weiberſpiel, wo⸗ "
6305,DE-RAR,343,53,bey ſie. ſich mit kleinen ein⸗ 
6306,DE-RAR,343,53,geſchnittenen und gezeichne⸗ 
6309,DE-RAR,343,53,ten Hoͤlzlein unterhalten. 
6312,DE-RAR,343,53,Dieſe werden entweder aus 
6313,DE-RAR,343,53,einem in der Luft hangen⸗ 
6316,DE-RAR,343,53,den Hut von unten auf mit 
6319,DE-RAR,343,53,"der Fauſt herausgeſtoßen, "
6320,DE-RAR,343,53,oder es ſitzen beyde Par⸗ 
6321,DE-RAR,343,53,theyen auf der Erde gegen 
6322,DE-RAR,343,53,"einander, machen zwiſchen "
6323,DE-RAR,343,53,"ihnen einen kleinen Zaun, "
6324,DE-RAR,343,53,"auch von kleinen Hoͤlzlein, "
6325,DE-RAR,343,53,und treiben ihre gezeichnete 
6326,DE-RAR,343,53,Hoͤlzlein mit einer Peitſche 
6327,DE-RAR,343,53,aus der linken Hand uͤber 
6328,DE-RAR,343,53,den Zaun. Wo nun die 
6329,DE-RAR,343,53,"Hoͤlzlein niederfallen, und "
6330,DE-RAR,343,53,die eingeſchnittenen Strich⸗ 
6331,DE-RAR,343,53,"lein darzeigen, ſo wird eben "
6334,DE-RAR,343,53,"ſo, wie bey dem Wuͤrfel⸗ "
6337,DE-RAR,343,53,"ſpiele, der Gewinn oder "
6338,DE-RAR,343,53,Berluſt angerechnet. 
6339,DE-RAR,343,53,"Spielplatz, lame. So heißt "
6340,DE-RAR,343,53,der vornehmſte tarahuma⸗ 
6342,DE-RAR,343,53,"riſche Spielplatz, allwo mit "
6345,DE-RAR,343,53,dem Ball (UlE) geſpielet 
6348,DE-RAR,343,53,wird. Es iſt ein langes 
6349,DE-RAR,343,53,"Viereck, vom Raſen gut ge⸗ "
6350,DE-RAR,343,53,"reinigt, und ſo eben, wie "
6351,DE-RAR,343,53,eine Billardtafel. Die 
6352,DE-RAR,343,53,"Spieler find faſt nackend, "
6353,DE-RAR,343,53,"nur um die Schaam bedeckt, "
6354,DE-RAR,343,53,und haben auf dem hintern 
6355,DE-RAR,343,53,Theile ein Stuͤck rohes Le⸗ 
6356,DE-RAR,343,53,"der angebunden, damit, "
6357,DE-RAR,343,53,wenn ſie ſich gewaltig auf 
6358,DE-RAR,343,53,"dem Boden hinſchleudern, "
6359,DE-RAR,343,53,um den Ball von der Erde 
6360,DE-RAR,343,53,"in die Hoͤhe zu treiben, ſie "
6362,DE-RAR,343,53,ſich nicht verletzen. Der 
6364,DE-RAR,343,53,"Ball iſt ſchwarz, ſchwer u. "
6366,DE-RAR,343,53,von elaſtiſchem Gummi Er 
6367,DE-RAR,343,53,"darf nicht mit der Hand, ſon⸗ "
6370,DE-RAR,343,53,"Spruch, Neogala. "
6373,DE-RAR,343,53,55 
6376,DE-RAR,343,53,343 
6377,DE-RAR,343,53,"dern nur mit der Huͤſte, dem "
6378,DE-RAR,343,53,"Schulterbeine, oder dem "
6381,DE-RAR,343,53,Knie aufgetrieben werden. 
6382,DE-RAR,343,53,Hat er einen weichern Theil 
6383,DE-RAR,343,53,"des Leibes, als ben Bauch "
6384,DE-RAR,343,53,"und die Waden beruͤhret, "
6385,DE-RAR,343,53,oder wird er aus dem Spiel⸗ 
6386,DE-RAR,343,53,"platz herausgeſtoßen, ſo iſt "
6387,DE-RAR,343,53,das Spiel verloren. Es iſt 
6388,DE-RAR,343,53,ein ſehr muͤhſames u. wahr⸗ 
6389,DE-RAR,343,53,"haft barbariſches Spiel, "
6390,DE-RAR,343,53,ganz geſchickt Arme und 
6391,DE-RAR,343,53,Beine zu brechen. 
6392,DE-RAR,343,53,"Spindel, Malecate. ft vom "
6393,DE-RAR,343,53,Spaniſchen entlehnt. 
6395,DE-RAR,343,53,"Spitze, Cuvala. "
6398,DE-RAR,343,53,"Sprachlos, Tä necka. 15 "
6401,DE-RAR,343,53,"Sprechen, Neoka, rüge, tfani. "
6404,DE-RAR,343,53,"Staar, Tiehacheäca. Dieſes "
6405,DE-RAR,343,53,"find Vogel, die mit ünſern "
6406,DE-RAR,343,53,Staaren vieles gemein ha⸗ 
6407,DE-RAR,343,53,haben. Es ſind ihrer ver⸗ 
6408,DE-RAR,343,53,ſchiedene ſchoͤne Gattungen. 
6409,DE-RAR,343,53,"Einige ſind wachsgelb, mit "
6410,DE-RAR,343,53,"ſchwarzen, andere ſchwarz "
6411,DE-RAR,343,53,mit rothen oder weiß aus⸗ 
6412,DE-RAR,343,53,"geſchlagenen Fluͤgeln, andre "
6414,DE-RAR,344,54,wiederum ganz ſchwarz oder 
6416,DE-RAR,344,54,ganz grau. Sie fliegen im 
6417,DE-RAR,344,54,Herbſt und Winter Schaa⸗ 
6418,DE-RAR,344,54,"teniveife, und machen Mit⸗ "
6419,DE-RAR,344,54,tags und Abends ein Ge⸗ 
6420,DE-RAR,344,54,"ſchnatter, wie die Stagre. "
6421,DE-RAR,344,54,Bey den Mexikanern heiſ⸗ 
6422,DE-RAR,344,54,"fen fie Chanate, bey denen "
6424,DE-RAR,344,54,"Spaniern Tordos, "
6426,DE-RAR,344,54,"Stab, Cusiki. "
6428,DE-RAR,344,54,"Stachel, Cuväla. | | "
6430,DE-RAR,344,54,"Stahl, zum Feuerſchlagen, "
6432,DE-RAR,344,54,„ v2... 
6434,DE-RAR,344,54,"Stande, ich bin nicht im Stan⸗ "
6436,DE-RAR,344,54,"de, Ta kené ga. N "
6438,DE-RAR,344,54,"Stange, Cusi guelü. "
6440,DE-RAR,344,54,"Stark, igueämeke. N "
6442,DE-RAR,344,54,"Staub, Nachpitdco. Tuſchiki. "
6444,DE-RAR,344,54,0 Staͤu⸗ 
6447,DE-RAR,344,54,— — 8 X 
6448,DE-RAR,344,54,/ rr 
6449,DE-RAR,344,54,5 n . 72 % 
6452,DE-RAR,344,54,344 
6455,DE-RAR,344,54,"Staͤupen, Guechpiſdeo. "
6457,DE-RAR,344,54,"Stecken, Cusiki _ "
6459,DE-RAR,344,54,"Stehen, dabey ftehen, ibe ne "
6460,DE-RAR,344,54,"gatiki. Stehen bleiben, üili. "
6462,DE-RAR,344,54,"Stehlen, Itichigua, "
6464,DE-RAR,344,54,"Steig, Poveke, "
6466,DE-RAR,344,54,"Stei ben; Tepang, oder tep "
6468,DE-RAR,344,54,m 5 
6471,DE-RAR,344,54,54 
6474,DE-RAR,344,54,"ne fimı, "
6477,DE-RAR,344,54,"Stein, Tecke, techteke. Stei- "
6478,DE-RAR,344,54,"nerne Saͤule, tele uliameke, "
6481,DE-RAR,344,54,"Zerſtoßener Stein, tecubi- "
6482,DE-RAR,344,54,ramexe. Bon den Steinen 
6483,DE-RAR,344,54,und Felſen des großen tara⸗ 
6484,DE-RAR,344,54,humarifchen Gebirges has 
6485,DE-RAR,344,54,ben die meiften Dörfer ihre 
6486,DE-RAR,344,54,"Benennungen, als; Teui- "
6487,DE-RAR,344,54,"litſchic, Tecuibrutichie, Te- "
6488,DE-RAR,344,54,"cavolätichie, d. i. rundſteinig. "
6489,DE-RAR,344,54,"Steineiche, Rohäca. ang "
6492,DE-RAR,344,54,"Stempel, zum Stoßen oder "
6495,DE-RAR,344,54,"Reiben, Mulikı, "
6497,DE-RAR,344,54,"Sterben, Muküku, Verſtor⸗ "
6498,DE-RAR,344,54,"hen, makameke, Der ſchon "
6499,DE-RAR,344,54,"terben ſollte, der zum Ster⸗ "
6500,DE-RAR,344,54,"ben war, Mukurejameke. "
6501,DE-RAR,344,54,"Mei ein Tarahumgre ftirbt, "
6502,DE-RAR,344,54,wird feine Hütte (ſ. bauen) 
6503,DE-RAR,344,54,ganz eingeriſſen u. von neu⸗ 
6505,DE-RAR,344,54,"en wieder aufgebauet, doch "
6506,DE-RAR,344,54,"fo, daß die innern Wände "
6507,DE-RAR,344,54,"hinaus, u, die äußern hinein "
6508,DE-RAR,344,54,gewendet werden. Es iſt Die: 
6509,DE-RAR,344,54,fer Gebrauch nicht ſowol ein 
6510,DE-RAR,344,54,"Aberglauben, als eine obwol "
6511,DE-RAR,344,54,unnuͤtze Sorgfalt fuͤr die 
6512,DE-RAR,344,54,"Geſundheit der Lebenden, "
6514,DE-RAR,344,54,"Sterblich, mukitati, oder mu- "
6515,DE-RAR,344,54,kilatlameke. Dieſes Wort 
6516,DE-RAR,344,54,wird auch gebraucht glles 
6517,DE-RAR,344,54,"andere zu bedeuten, was "
6518,DE-RAR,344,54,pergaͤnglich iſt. Wie guch 
6519,DE-RAR,344,54,bey unvergänglichen Dingen 
6520,DE-RAR,345,55,mit Vorſetzung des Woͤrt⸗ 
6521,DE-RAR,345,55,"leins a, ficht, nein, mel; "
6522,DE-RAR,345,55,%. weil die karghumari⸗ 
6524,DE-RAR,345,55,e Sprache keine zuſam⸗ 
6527,DE-RAR,345,55,Deutſch⸗ Tarahumariſches 
6530,DE-RAR,345,55,mengeſetzte Wörter (compo- 
6531,DE-RAR,345,55,"ſita hat, mit unferm deut⸗ "
6532,DE-RAR,345,55,"ſchen Un gleichbedeutend iſt, "
6533,DE-RAR,345,55,"z. B. ta mukilatiameke, uns "
6534,DE-RAR,345,55,vergaͤnglich immer dauernd. 
6535,DE-RAR,345,55,"Stern, Sopoli. "
6536,DE-RAR,345,55,"Stiefvater, Pileliga. "
6537,DE-RAR,345,55,"Stillhalten, Vik. na "
6538,DE-RAR,345,55,"Stinken, Tfehipt, Stinkend, "
6539,DE-RAR,345,55,Ichipugameke. 5 
6540,DE-RAR,345,55,"Stirn, Covars, "
6541,DE-RAR,345,55,"Stoͤßel, Muliki, 5 "
6542,DE-RAR,345,55,"Stoßen, Nachkibü, Tuſchi. "
6543,DE-RAR,345,55,Strafen. Sie haben kein ei⸗ 
6544,DE-RAR,345,55,gentliches Wort; wenn ſie 
6545,DE-RAR,345,55,"aber drohen wollen, ſagen "
6546,DE-RAR,345,55,"fie: Muhe nachteſa inıle, d. "
6547,DE-RAR,345,55,h. in einer freyen Ueberſe⸗ 
6548,DE-RAR,345,55,tzung: Du wirſt deinen Lohn 
6549,DE-RAR,345,55,"bekommen, und es wird dir "
6550,DE-RAR,345,55,nicht wohl ſeyn. 
6551,DE-RAR,345,55,"Strang, Buila, ſ. Strick. "
6552,DE-RAR,345,55,"Straße, Poveke. 0 "
6553,DE-RAR,345,55,"Streiten, Nacoſa. "
6554,DE-RAR,345,55,"Strick, Baila. Ihre Stricke "
6555,DE-RAR,345,55,werden in den gebirgigen 
6556,DE-RAR,345,55,Gegenden von geſponnenen 
6557,DE-RAR,345,55,"RPoßhaaren, oder von rohen "
6558,DE-RAR,345,55,"eingeweichten, und zu Rie⸗ "
6559,DE-RAR,345,55,mengeſchnittenen Leder zus 
6560,DE-RAR,345,55,"ſammengedrehet, Auf dem "
6561,DE-RAR,345,55,flachen Lande aber werden 
6562,DE-RAR,345,55,je von den groͤhſten Aloefaͤ⸗ 
6563,DE-RAR,345,55,den gemacht. Sie ſprechen 
6564,DE-RAR,345,55,"auch guila, denn, wenn ſie "
6565,DE-RAR,345,55,"einen Strick verlangen, um "
6566,DE-RAR,345,55,einen Ochſen oder Pferd zu 
6567,DE-RAR,345,55,"fangen, rufen ſie: eatö guila, "
6568,DE-RAR,345,55,"bring einen Strick her, "
6569,DE-RAR,345,55,"Stricklein, Talluviki. "
6570,DE-RAR,345,55,"Seh, ‚Paca, uneigentlich, ſ. "
6571,DE-RAR,345,55,vg 
6574,DE-RAR,345,55,"Stuhl, Jazla, "
6576,DE-RAR,345,55,"Süd, Rachpe. "
6578,DE-RAR,345,55,Stürzen 1 n ; 
6579,DE-RAR,345,55,"kürzen, Tele ne tiches; "
6580,DE-RAR,345,55,"Stute, "
6583,DE-RAR,345,55,Woͤrterbuch. 
6586,DE-RAR,345,55,345 
6589,DE-RAR,345,55,"Stute, Can mukla, f. Lamm. Tanzen, Jaugm. Gleichwie "
6592,DE-RAR,345,55,"Suchen, Amé. Man ſoll, oder "
6593,DE-RAR,345,55,"muß ſuchen, ämela. "
6594,DE-RAR,345,55,"Sünde, Tlani- oder Tlaini- "
6595,DE-RAR,345,55,Joliki. 
6596,DE-RAR,345,55,"Sünder, Tfani- oder Tfaini- "
6597,DE-RAR,345,55,"jolagameke. Tfetijolajameke, "
6598,DE-RAR,345,55,"Suͤndigen, Tfainijola, Tletijola. "
6599,DE-RAR,345,55,"Suppe, Tfchorike Pauguils. "
6600,DE-RAR,345,55,— Kioliki iſt eine gekochte 
6601,DE-RAR,345,55,duͤnne Suppe von tuͤrki⸗ 
6602,DE-RAR,345,55,ſchen Waizengries. Sie 
6605,DE-RAR,345,55,heißt auch noch anders 
6608,DE-RAR,345,55,es kiate. ſ. Gries. 
6609,DE-RAR,345,55,"Süß, Kachkagämeke. Es ift "
6611,DE-RAR,345,55,"füß, kachka. "
6612,DE-RAR,345,55,"Sumpfig, Pabahitfchie, "
6614,DE-RAR,345,55,"Ort, wo Moräfte find. "
6617,DE-RAR,345,55,T. 
6620,DE-RAR,345,55,"Taback, Uipaca. Es kann den "
6621,DE-RAR,345,55,Tarahumaren kein ange⸗ 
6622,DE-RAR,345,55,nehmeres Geſchenk gemacht 
6623,DE-RAR,345,55,"werden, als Rauchtaback, "
6624,DE-RAR,345,55,tuͤrkiſcher Waizen und ge⸗ 
6625,DE-RAR,345,55,doͤrrtes Fleiſch. Vom Ta⸗ 
6627,DE-RAR,345,55,backſchmauchen find fie gro: 
6628,DE-RAR,345,55,ße Liebhaber. Ste ſetzen ſich 
6629,DE-RAR,345,55,"rings um das Feuer, fuͤllen "
6630,DE-RAR,345,55,ein Rohr mit geriebenen Ta⸗ 
6632,DE-RAR,345,55,"back an, u. da geht es von "
6635,DE-RAR,345,55,ein 
6638,DE-RAR,345,55,"Mund zu Mund, bis nicht "
6641,DE-RAR,345,55,"nur d. Fuͤllung, ſondern auch "
6644,DE-RAR,345,55,das Rohr im Rauch aufgeht. 
6647,DE-RAR,345,55,"dag fel& oder veli, tielikis "
6648,DE-RAR,345,55,"Vor Tags, bea oder rad "
6649,DE-RAR,345,55,": tajenalago, "
6651,DE-RAR,345,55,"eca tele, Drey Tage, bai⸗ "
6654,DE-RAR,345,55,"Zwey Tage, "
6657,DE-RAR,345,55,"ea tlele, Vier Tage, navd- "
6658,DE-RAR,345,55,"co tlele. Es wird Tag, es "
6661,DE-RAR,345,55,"taget, tejena oder iajenaba. "
6662,DE-RAR,345,55,"Nach dem tagen, nachdem "
6665,DE-RAR,345,55,"188 0 dec tajenalago, "
6666,DE-RAR,345,55,; 
6669,DE-RAR,345,55,agli Jomäſtſeſe. | 
6670,DE-RAR,345,55,"Tanz, Jauguiis, Eine gewiſſe "
6673,DE-RAR,345,55,“Art des Tanzes heißt inarı 
6676,DE-RAR,345,55,die Tarahumaren einen be⸗ 
6677,DE-RAR,345,55,ſondern Hang zum Laufen 
6678,DE-RAR,345,55,"haben, ſo haben ſie auch ei⸗ "
6679,DE-RAR,345,55,ne nicht geringere Freude 
6680,DE-RAR,345,55,an Tanzen. Alle Feſttage 
6681,DE-RAR,345,55,werden mit Tanzen gehal⸗ 
6682,DE-RAR,345,55,"ten, wobey es nicht nur zu "
6683,DE-RAR,345,55,"bewundern iſt, daß die Taͤn⸗ "
6684,DE-RAR,345,55,zer zwey Tage und Naͤchte 
6685,DE-RAR,345,55,ohne lange Ausſetzung aus⸗ 
6686,DE-RAR,345,55,"halten, ſondern auch die "
6687,DE-RAR,345,55,geſchickteſten Kontratanze 
6688,DE-RAR,345,55,zu machen wiſſen. Zu die⸗ 
6689,DE-RAR,345,55,fen Tanzen wird keine 
6690,DE-RAR,345,55,Weibsperſon zugelaſſen. 
6693,DE-RAR,345,55,Sieben oder neun junge 
6696,DE-RAR,345,55,"Burſche, mit Schuhen und "
6699,DE-RAR,345,55,"rothen Struͤmpfen, mit ei⸗ "
6702,DE-RAR,345,55,"nem Schuͤrzlein, einem flie⸗ "
6703,DE-RAR,345,55,"genden Hemde, aufgebun⸗ "
6704,DE-RAR,345,55,"denem Haar, mit verſchie⸗ "
6705,DE-RAR,345,55,denen Baͤndern durchge⸗ 
6708,DE-RAR,345,55,"flochtenen Kraͤnzen, und ei⸗ "
6711,DE-RAR,345,55,nem großen Federbuſch auf 
6712,DE-RAR,345,55,"dem Kopfe, einen dreyecki⸗ "
6713,DE-RAR,346,56,gen Federbuſch in der rech⸗ 
6714,DE-RAR,346,56,"ten Hand, und in der lin⸗ "
6715,DE-RAR,346,56,ken einen ausgehoͤhlten 
6716,DE-RAR,346,56,kleinen Kuͤrbis an einem 
6717,DE-RAR,346,56,"kleinen Stabe oder Stiele, "
6718,DE-RAR,346,56,worinnen kleine Steinlein 
6721,DE-RAR,346,56,"ſind, mit Klappern an den "
6724,DE-RAR,346,56,"Kuͤßen, die aber nichts an⸗ "
6727,DE-RAR,346,56,"ders, als duͤrre Haſenklauen "
6730,DE-RAR,346,56,"find, ſtellen fie ſich in zwo "
6731,DE-RAR,346,56,"Reihen. Einer aus ihnen, "
6732,DE-RAR,346,56,welcher der Vortaͤnzer oder 
6735,DE-RAR,346,56,"Reihenführer iſt, ſtellet ſich "
6736,DE-RAR,346,56,an die Spitze. 
6739,DE-RAR,346,56,i Wenn nun 
6740,DE-RAR,346,56,die Spielleute mit einer 
6741,DE-RAR,346,56,kleinen Laute und Geige den 
6744,DE-RAR,346,56,erſten Takt vollendet has 
6747,DE-RAR,346,56,"ben, ſo faͤngt der Vortaͤn⸗ "
6750,DE-RAR,346,56,"zer an, und bey dem drit⸗ "
6753,DE-RAR,346,56,ten Takt kommen alle in 
6754,DE-RAR,346,56,Be⸗ 
6757,DE-RAR,346,56,unterhaltend. 
6760,DE-RAR,346,56,Thuͤre. Era. 
6763,DE-RAR,346,56,Bewegung. Da fangen ſie 
6764,DE-RAR,346,56,"an, mit ihrem Kuͤrbis ge⸗ "
6765,DE-RAR,346,56,rade nach dem Takt ein Ge⸗ 
6768,DE-RAR,346,56,"klapper zu machen, und "
6771,DE-RAR,346,56,machen zugleich bey ihren 
6772,DE-RAR,346,56,künſtlichen Durchdrehungen 
6773,DE-RAR,346,56,mit dem Lederbuſche in der 
6776,DE-RAR,346,56,rechten Hand ganz gleiche 
6779,DE-RAR,346,56,"Schwenkungen, bald uͤber "
6780,DE-RAR,346,56,"den Kopf, bald um die Er⸗ "
6781,DE-RAR,346,56,"de, ohse daß fie in eine "
6782,DE-RAR,346,56,Unordnung gerathen. Ih⸗ 
6783,DE-RAR,346,56,"nen zuzuſehen, iſt gewiß "
6784,DE-RAR,346,56,| Bey dieſen 
6785,DE-RAR,346,56,Taͤnzen finden ſich auch alle⸗ 
6786,DE-RAR,346,56,zeit zwey vermummte Alte 
6787,DE-RAR,346,56,"ein, mit grauen Baͤrten, "
6788,DE-RAR,346,56,einem großen Hoͤcker auf 
6789,DE-RAR,346,56,"dem Nuͤcken, und einem "
6790,DE-RAR,346,56,"Plumpſacke in der Hand, "
6791,DE-RAR,346,56,die um die Tanzenden her⸗ 
6792,DE-RAR,346,56,"umſpringen, etwas dazu "
6793,DE-RAR,346,56,"brummen, und, wenn ſie "
6794,DE-RAR,346,56,einem Tänzer einen Streich 
6795,DE-RAR,346,56,"verſetzen, etwas lächerliz "
6796,DE-RAR,346,56,ches daher ſagen: Sunt huic 
6797,DE-RAR,346,56,quoque gaudia genti. 
6800,DE-RAR,346,56,"Taͤnzer, Jaugnirmeke, "
6803,DE-RAR,346,56,"Taub. Nacheatule, "
6806,DE-RAR,346,56,Taufe. Pauvoliki. 
6809,DE-RAR,346,56,"Taufen. Pagota. Getauft, pa- "
6812,DE-RAR,346,56,700 
6815,DE-RAR,346,56,"gotugameke, oder auch ipa- "
6818,DE-RAR,346,56,gatügameke. 
6819,DE-RAR,346,56,Teppich. Kemäca. Peräca. ſ. 
6820,DE-RAR,346,56,Decke. 
6823,DE-RAR,346,56,Teufel. Aitaruc. Gemeiniglich 
6826,DE-RAR,346,56,aber fagen fie: telegauga- 
6827,DE-RAR,346,56,"m ke, der unten iſt. "
6828,DE-RAR,346,56,That. Jolali i. 
6830,DE-RAR,346,56,Thier. Buco. Iſt der allge: 
6831,DE-RAR,346,56,gemeine Name aller vier⸗ 
6832,DE-RAR,346,56,füßigen Thiere 
6833,DE-RAR,346,56,"Thun. Jol Thuend, jolaja- "
6834,DE-RAR,346,56,"""mike Gethan, Jolarüga: "
6836,DE-RAR,346,56,"meke, Es iſt gethan, Jolärupa. "
6839,DE-RAR,346,56,346 Deutſch⸗Tarahumariſches 
6842,DE-RAR,346,56,"Tief. Es iſi tief, rocheo. "
6843,DE-RAR,346,56,Toben. Logur. i 
6844,DE-RAR,346,56,"Tochter. Malala. Aguila, "
6845,DE-RAR,346,56,"Todt, der, Mukikı. 5 "
6846,DE-RAR,346,56,"Todtſeyn, Muküameke, fchu "
6847,DE-RAR,346,56,gulameke. 
6848,DE-RAR,346,56,"Toͤdten. Mea. Getoͤdtet, me "
6849,DE-RAR,346,56,hrüe oder melirügameke. 
6850,DE-RAR,346,56,Todtenkopf. Moorapera. 
6851,DE-RAR,346,56,Topf. Pichicolxki. 
6852,DE-RAR,346,56,Trächtig. Potlchirügameke. 
6853,DE-RAR,346,56,Trag. Nalstameke. 
6854,DE-RAR,346,56,"Tragen, hertragen, td. Hin: "
6855,DE-RAR,346,56,"wegtragen, pas. g "
6856,DE-RAR,346,56,"Trank, f. Getraͤnke. "
6857,DE-RAR,346,56,"Trauren, Tefigua. "
6858,DE-RAR,346,56,"Traurig, Telsiguati, "
6859,DE-RAR,346,56,"Traurigkeit, Tefliguala. "
6860,DE-RAR,346,56,"Trinken, Phi. "
6861,DE-RAR,346,56,"Le Pahiameke, "
6862,DE-RAR,346,56,"Trinkgeſchier, ſ. Becher. "
6863,DE-RAR,346,56,Treten Es iſt 
6864,DE-RAR,346,56,"trocken, ſakiba. | "
6865,DE-RAR,346,56,Trocknen. Saktruje. Es trock⸗ 
6866,DE-RAR,346,56,"net qus, vskitsi. "
6867,DE-RAR,346,56,"Truͤb. Es wird trüb, nole, "
6868,DE-RAR,346,56,Trunk Pahila. 
6869,DE-RAR,346,56,"Trunken, Teculüameke. "
6872,DE-RAR,346,56,"Uebel, Tleti. Ka "
6873,DE-RAR,346,56,"Uebelthat, Tlainijolkk i. "
6874,DE-RAR,346,56,Uiebelth aer Tlainijolzjameke. 
6875,DE-RAR,346,56,"Uebelthun, Tlainzjola. tletijola, "
6876,DE-RAR,346,56,"Ueber, Moba, amoba. "
6877,DE-RAR,346,56,"Ueberaus, Igus. "
6878,DE-RAR,346,56,"Uebergeben, Kia. "
6879,DE-RAR,346,56,"Ueberläufer, Huméameke. "
6880,DE-RAR,346,56,"Uebermorgen, Ocärteleraje. "
6881,DE-RAR,346,56,"Ueberwinden, Jumäbara, "
6882,DE-RAR,346,56,"Umarmen, Corilücu. "
6883,DE-RAR,346,56,"Umdringen, Mea. "
6884,DE-RAR,346,56,"Umdrehen, Nöliruje. "
6885,DE-RAR,346,56,"Umgehen, Nölire. "
6886,DE-RAR,347,57,"Umgekehrt, Renana, "
6887,DE-RAR,347,57,"Umkreis, Tichitüla, "
6890,DE-RAR,347,57,a 
6893,DE-RAR,347,57,Um: 
6896,DE-RAR,347,57,0 Wörterbuch m 
6899,DE-RAR,347,57,"Umruͤhren, Hologua, - "
6900,DE-RAR,347,57,"Umſonſt, Kirföpi. Nagotle. "
6903,DE-RAR,347,57,"Unablaͤßlich, Sinevi oder sinivz. "
6906,DE-RAR,347,57,"Unbeweglich, Ta nokifati. "
6907,DE-RAR,347,57,"Unbeweibt, Tatlo upeameke. "
6908,DE-RAR,347,57,"Und, Purfe. 0 "
6910,DE-RAR,347,57,"Unendlich, Ta fchuguiameke, "
6911,DE-RAR,347,57,"f Unermeßlich, Ta nanaguälati, "
6912,DE-RAR,347,57,"Unerſchrocken, Ta mahsjameke. "
6913,DE-RAR,347,57,"Ungeackert, Ta boſſarue. "
6914,DE-RAR,347,57,"Ungebahnt, Ta poviruk. "
6915,DE-RAR,347,57,"Ungekocht, Tatfö baflirük, "
6916,DE-RAR,347,57,"Ungern Ta eläjo, "
6917,DE-RAR,347,57,"Ungewaſchen, Ta pagdtuga- "
6918,DE-RAR,347,57,meke. „ 105 f 
6919,DE-RAR,347,57,"Ungleich. Das zu bedeuten, "
6920,DE-RAR,347,57,9275 de ’ ta leva u rei⸗ 
6921,DE-RAR,347,57,| et pder langet nicht. 
6922,DE-RAR,347,57,"Unglücklich, 1 Ae a l "
6923,DE-RAR,347,57,"Unkundig, Ta matſchigameke. "
6924,DE-RAR,347,57,"Unlängst, Hipela, "
6925,DE-RAR,347,57,"Unmoͤglich. Es iſt unmöglich, "
6926,DE-RAR,347,57,ta jekitsti hücen. 
6927,DE-RAR,347,57,"Unrecht, Tier. i "
6928,DE-RAR,347,57,"Unſinnig, Logulameke, "
6929,DE-RAR,347,57,"Unſterblich, Ta mukifati, oder "
6930,DE-RAR,347,57,mukilatfameke. An 
6931,DE-RAR,347,57,"Unten, Neis, "
6932,DE-RAR,347,57,"Unterlaſſen, kegus,  sregue. "
6933,DE-RAR,347,57,"Ohn Unterlaß,Sinevs, sinivi, "
6934,DE-RAR,347,57,"Unterricht, Maclebirujelila. "
6935,DE-RAR,347,57,"Unterrichten, Natlchtruje, "
6936,DE-RAR,347,57,"Unter ſuchen, Igwa. "
6937,DE-RAR,347,57,"Uaverdorrt, Teils nakirüe. "
6938,DE-RAR,347,57,"Unverehlicht, Tail upéameke. "
6939,DE-RAR,347,57,"Un verletzt, Jumartgaıneke. "
6940,DE-RAR,347,57,Unvermögend. Ich bin un: 
6941,DE-RAR,347,57,"vermögend, nicht im Stan⸗ "
6942,DE-RAR,347,57,"de, Ta kene ga. "
6943,DE-RAR,347,57,Unverſehens. Ta matlchiga. 
6944,DE-RAR,347,57,"Unverſehrt, Jumerbgam ehe. "
6945,DE-RAR,347,57,"Unverzagt, Ta mahajämeke, "
6946,DE-RAR,347,57,"Unverzuͤglich, Hipela. "
6947,DE-RAR,347,57,"Unwegſam, Ta povirük, "
6948,DE-RAR,347,57,"Unwillig ſeyn, werden. Ajo- "
6949,DE-RAR,347,57,"ngo, "
6952,DE-RAR,347,57,„. 
6955,DE-RAR,347,57,342 
6958,DE-RAR,347,57,"Unwiſſend, Tä matfchigsmeke, "
6959,DE-RAR,347,57,"Unzahlbar, Ta taralarl. © "
6960,DE-RAR,347,57,"Unzeitig, La baſsigameke. "
6961,DE-RAR,347,57,"Urbar, das ſich pfluͤgen läßt, "
6963,DE-RAR,347,57,Ballatfameke. 5 A 
6964,DE-RAR,347,57,"Urtheilen, Maje.. "
6967,DE-RAR,347,57,G. 
6970,DE-RAR,347,57,"Vater, Nonc Mit dieſem Na⸗ "
6971,DE-RAR,347,57,men werden auch die Wälg 
6972,DE-RAR,347,57,der von indianiſchen Feigen⸗ 
6973,DE-RAR,347,57,"haͤumen benafit, ſ. Feige. "
6974,DE-RAR,347,57,"Perabſcheuen, Ikitsiki. "
6975,DE-RAR,347,57,"Verbergen, Itichina. "
6976,DE-RAR,347,57,"Verbieten, Suli. Es iſt vers "
6977,DE-RAR,347,57,"boten, .iuleliruc. "
6978,DE-RAR,347,57,"Verbunden, Bula. "
6979,DE-RAR,347,57,"Verbittern, erzuͤrnen, Aig⸗ "
6980,DE-RAR,348,58,ruje. 
6981,DE-RAR,348,58,"Verbleiben, Jafa. "
6982,DE-RAR,348,58,"Verbot, Sulelila. 6 "
6983,DE-RAR,348,58,"Verbrechen, Tiainzjoliki. "
6984,DE-RAR,348,58,"Verbrecher, Tieijolgmeke, "
6985,DE-RAR,348,58,"Berehligen. ſ.  Heyrathen, "
6986,DE-RAR,348,58,"Verehren, Noins. 5 "
6987,DE-RAR,348,58,"Derfault, Mujameke. "
6988,DE-RAR,348,58,"Verfertigen, Cajena, "
6989,DE-RAR,348,58,"Verfeſtigen, Igueruje, "
6990,DE-RAR,348,58,"Verfolgen, Nahöta. "
6993,DE-RAR,348,58,"Bergänglih,  Mukifati. f. "
6994,DE-RAR,348,58,ſterbuch. i 
6997,DE-RAR,348,58,"Vergeben, Tieliguei, "
6998,DE-RAR,348,58,"Vergebens, Nag tile. "
6999,DE-RAR,348,58,"Vergelten, Nachtétuje. "
7002,DE-RAR,348,58,"Vergeltung, Naregui. "
7005,DE-RAR,348,58,"Vergraben, es iſt vergraben, "
7006,DE-RAR,348,58,ITuke. j NEN Ne al 
7007,DE-RAR,348,58,"Vergrößern, Guelube jola. "
7008,DE-RAR,348,58,"Verhaͤrtet, Peguameke. "
7009,DE-RAR,348,58,Verheyrathet. Eine Manns⸗ 
7010,DE-RAR,348,58,"perſon, upeameke Eine "
7011,DE-RAR,348,58,"Weibsperſon, cunsemeke. "
7012,DE-RAR,348,58,"Verhexen. VBerhext, Gpituc. "
7013,DE-RAR,348,58,Was immer Gelehrte ſo⸗ 
7014,DE-RAR,348,58,"wohl, als Pedanten und "
7015,DE-RAR,348,58,N \ Aber 
7018,DE-RAR,348,58,r 
7021,DE-RAR,348,58,— — — n H . 3 
7022,DE-RAR,348,58,7 1 ⁵ ⁵— „ — —äͤ q — — 
7023,DE-RAR,348,58,ar NEE EEE EN 
7026,DE-RAR,348,58,348 
7029,DE-RAR,348,58,Aberwitzige von Hexereyen 
7030,DE-RAR,348,58,denken ua ſbraben moͤ⸗ 
7031,DE-RAR,348,58,fehr laſſe ich dahin geſtellt 
7032,DE-RAR,348,58,"eyn. Genug, daß unſere "
7033,DE-RAR,348,58,Indianer der Hexerey er⸗ 
7034,DE-RAR,348,58,"geben waren, und noch "
7035,DE-RAR,348,58,"ſind, wodurch ſie andern "
7036,DE-RAR,348,58,an der Geſundheit Schaden 
7037,DE-RAR,348,58,zufuͤgen koͤnnen. Es iſt 
7038,DE-RAR,348,58,"nicht ſo leicht, einem rau⸗ "
7039,DE-RAR,348,58,"hen Volke, welches durch "
7040,DE-RAR,348,58,ſo viele Jahrhunderte im 
7041,DE-RAR,348,58,Irrthum und Blindheit 
7042,DE-RAR,348,58,"war, den Wahn zu beneh⸗ "
7043,DE-RAR,348,58,"men, an den ſie ſo lange "
7044,DE-RAR,348,58,Zeit gewoͤhnt ſind. Ich habe 
7045,DE-RAR,348,58,dort verſchiedenes davon er⸗ 
7046,DE-RAR,348,58,fahren. 
7048,DE-RAR,348,58,"Verhuͤllen, Pole. "
7050,DE-RAR,348,58,"Verlaufen, Tali. "
7052,DE-RAR,348,58,"Verkuͤndigen, Nagueflä, "
7054,DE-RAR,348,58,"Verkoͤſten, Nurütuje. "
7056,DE-RAR,348,58,Bienen een ee e 
7057,DE-RAR,348,58,N 
7060,DE-RAR,348,58,"Verlaſſen, Ropa. Dieß wird "
7061,DE-RAR,348,58,"geſagt, wenn die Rede von "
7062,DE-RAR,348,58,der Verlaßung einer Perſon 
7063,DE-RAR,348,58,iſt Sonſt heißt es regus. 
7064,DE-RAR,348,58,"Verlegen, ſich, Tapani. "
7065,DE-RAR,348,58,"Verlieren, Ami "
7066,DE-RAR,348,58,"Berlobt, zur Ehe, Tfeuapiboli. "
7067,DE-RAR,348,58,"Vermehren, Napabü. "
7068,DE-RAR,348,58,"Vermeinen, Maje. "
7069,DE-RAR,348,58,"Vermengen, vermiſchen, Ho- "
7070,DE-RAR,348,58,log ua. IR 
7071,DE-RAR,348,58,"Vernehmen, hören, Kake, "
7072,DE-RAR,348,58,"Verrichten, Cejenaruge. "
7073,DE-RAR,348,58,"Verriegeln, eke. "
7074,DE-RAR,348,58,"Verſammeln, Nspabu. "
7075,DE-RAR,348,58,"Verſammlung, Tiarölle "
7076,DE-RAR,348,58,"Verſcharrt, Töruke, "
7077,DE-RAR,348,58,"Verſchlieſſen, eke. Verſchloſ⸗ "
7078,DE-RAR,348,58,"ſen, Etuke. | "
7081,DE-RAR,348,58,"Verſchlingen, Gusgua. "
7084,DE-RAR,348,58,| Deutſch⸗Tarahumariſches 
7087,DE-RAR,348,58,"Verſchneiden, bitſeha. Ver⸗ "
7088,DE-RAR,348,58,"ſchnittene!l Bock, Hahn x. "
7089,DE-RAR,348,58,Pitichabürameke. 
7091,DE-RAR,348,58,"Verſperren, &ke. "
7093,DE-RAR,348,58,"Verſtaͤndig, Matfchigameke, "
7095,DE-RAR,348,58,"Verſtecken, Itichina. "
7097,DE-RAR,348,58,"Verſtorben, Muküameke. "
7098,DE-RAR,348,58,"Schuguiameke, "
7100,DE-RAR,348,58,"Verſuchen, Satuſe. "
7103,DE-RAR,348,58,"Perſucher, Satiameke "
7106,DE-RAR,348,58,"Vertheilen, Natfümela. "
7107,DE-RAR,348,58,"Verungluͤckt, Tefsiguan. "
7108,DE-RAR,348,58,"Verwandter, Tehima. Tehi- "
7109,DE-RAR,348,58,meameke. 
7110,DE-RAR,348,58,"Verweilen, Puguk. "
7111,DE-RAR,348,58,"Verwerfen, Tichaa. "
7112,DE-RAR,348,58,"Verwiſchen, Nabom l. "
7113,DE-RAR,348,58,"Verwunden, Tapani. 1 "
7114,DE-RAR,348,58,"Verzehren, Schugua. Ver⸗ "
7115,DE-RAR,348,58,"zehrt, lehugniameke, das "
7116,DE-RAR,348,58,"heißt: es iſt ausgegangen, "
7117,DE-RAR,348,58,hat abgenommen. So pfle⸗ 
7118,DE-RAR,348,58,"gen ſie auch zu ſagen, wenn "
7119,DE-RAR,348,58,ſie einen Berſtorbenen nen⸗ 
7120,DE-RAR,348,58,nen. Aa 
7121,DE-RAR,348,58,"Verzeihen, Tfeliguei. "
7122,DE-RAR,348,58,"Verziehen, warten, Pugus. "
7123,DE-RAR,348,58,"Vieh, Buch. ſ. Thier. "
7124,DE-RAR,348,58,"Viehiſch, Buchameke. "
7127,DE-RAR,349,59,"Viel, Vuechea. Mehr, vuech- "
7130,DE-RAR,349,59,cabe. Wie viel? ekipu? 
7131,DE-RAR,349,59,wie viel habe ich? mane eki 
7132,DE-RAR,349,59,"naligue? So viel, eki. "
7133,DE-RAR,349,59,"Noch ſo viel, eben ſo viel. "
7134,DE-RAR,349,59,"ekitfchigo. Nicht viel, ek! "
7135,DE-RAR,349,59,"pi. Gar nicht viel, «kitichi- "
7136,DE-RAR,349,59,pi Wie vielmal? ekila? 
7137,DE-RAR,349,59,Wie viel Jahr? ekipu pa- 
7138,DE-RAR,349,59,"mips? Vielmal, guellä. "
7139,DE-RAR,349,59,"So vielmal, ekila, ſ. oft, "
7142,DE-RAR,349,59,ſo oft. 
7143,DE-RAR,349,59,"Vielleicht, Gualeke. "
7144,DE-RAR,349,59,"Bier, Naguoco, Vier Tage, "
7145,DE-RAR,349,59,"Na:us tele, Vier Jahre, "
7146,DE-RAR,349,59, naguo Pamivalıkı. 
7147,DE-RAR,349,59,"Vierfach, Naguoflaeki "
7150,DE-RAR,349,59,Vier⸗ 
7153,DE-RAR,349,59,Woͤrterbuch. 1 
7156,DE-RAR,349,59,"Viermal, Neguoſſs. "
7158,DE-RAR,349,59,"Vierteljaͤhrig, Baica maitfäca. "
7159,DE-RAR,349,59,"Vierter, Navoaje. Nagudläni. "
7160,DE-RAR,349,59,"Vierzehn, . Macotek ämoba, "
7163,DE-RAR,349,59,"oder glemina naguöco, "
7164,DE-RAR,349,59,Wenn fie 5 und ge⸗ 
7165,DE-RAR,349,59,fragt werden: wie viel 
7168,DE-RAR,349,59,haſt du gezählt? ek ipu mu 
7169,DE-RAR,349,59,taraca? jo antworten fie 
7170,DE-RAR,349,59,"nach ihrem Gebrauche, z. B, "
7171,DE-RAR,349,59,"dreyzehn, macoek guaminä "
7172,DE-RAR,349,59,naguö ta sıga. 
7173,DE-RAR,349,59,"Vierzehnmal, Macotefla ämo- "
7174,DE-RAR,349,59,ba naguoco. 
7177,DE-RAR,349,59,"Vierzig, Navofla macöck. "
7179,DE-RAR,349,59,"Viper, Schino. TUN "
7181,DE-RAR,349,59,"Vogel, Tichulugui. Einige "
7182,DE-RAR,349,59,Gattungen der Voͤgel Ga- 
7183,DE-RAR,349,59,"landria, iſt ein mit einem "
7185,DE-RAR,349,59,"ſchwarzen Kopfe, Fluͤgeln, "
7186,DE-RAR,349,59,und Schweife hochgelb ſchöoͤ⸗ 
7188,DE-RAR,349,59,"ner Vogel, ſo groß wie ei⸗ "
7189,DE-RAR,349,59,ne Amfel. Guacamaja eine 
7190,DE-RAR,349,59,Papagey⸗Art. Uilü iſt fo 
7191,DE-RAR,349,59,groß als ein indianiſches 
7192,DE-RAR,349,59,"Huhn und ſchwarz, frißt "
7194,DE-RAR,349,59,"kodtes Aas, wuͤrget aber "
7195,DE-RAR,349,59,ſelbſt nichts. Papıizoli iſt 
7196,DE-RAR,349,59,"weiß. ſ. ferner: Kukuk, "
7199,DE-RAR,349,59,"Papagey, Staar. a "
7200,DE-RAR,349,59,"Boll. Es iſt ſchon voll, put⸗ "
7201,DE-RAR,349,59,ichaba. Potichirue. Sich 
7204,DE-RAR,349,59,voll trinken. Naguäbahi. 
7205,DE-RAR,349,59,"Vollenden. Cajena. Man ſoll, "
7206,DE-RAR,349,59,oder muß die Sache vollen⸗ 
7207,DE-RAR,349,59,"den, cajenamels, Es iſt "
7208,DE-RAR,349,59,"ſchon vollendet, canapa. "
7209,DE-RAR,349,59,"Von, Sie haben dieſes ſo⸗ "
7210,DE-RAR,349,59,"wohl, als andere Vorwoͤr⸗ "
7211,DE-RAR,349,59,ter nicht. Man erſetzt fie 
7212,DE-RAR,349,59,durch raje oder aje; wie 
7213,DE-RAR,349,59,ſie aber gebraucht werden 
7214,DE-RAR,349,59,"ſollen, gehoͤrt zu den "
7215,DE-RAR,349,59,Sprachregeln. | 
7216,DE-RAR,349,59,"Bor, batta. Vor mir in mei: "
7219,DE-RAR,349,59,"ner Gegenwart, ne; batani: "
7222,DE-RAR,349,59,‚349 
7225,DE-RAR,349,59,"Er ift vor der Thuͤre, Era- "
7226,DE-RAR,349,59,tlchie atiki. Er hat es vor 
7227,DE-RAR,349,59,reude gethan: Dieß er⸗ 
7228,DE-RAR,349,59,laren fie durch das Vertre⸗ 
7229,DE-RAR,349,59,"tungswort, ganileja (gau- "
7230,DE-RAR,349,59,de nao) joldea. 
7231,DE-RAR,349,59,"Vorangehen, Batlä ne fimi. "
7232,DE-RAR,349,59,"Voraus, Batla. Mehr vor⸗ "
7233,DE-RAR,349,59,"wärts, batlabe. ü "
7234,DE-RAR,349,59,"Vorderer, Mapü batſabe. "
7235,DE-RAR,349,59,"Vorgeſtern, Guanogui, "
7236,DE-RAR,349,59,"Vorkommen, Batla ne nagua, "
7237,DE-RAR,349,59,"Norlängft, Kiaca, Colek. "
7238,DE-RAR,349,59,"Vorſchicken, Batta ne hula. "
7241,DE-RAR,349,59,"Vortragen, Batlä ne ı0, "
7244,DE-RAR,349,59,W. 
7245,DE-RAR,349,59,"Wachen, Nells. "
7246,DE-RAR,349,59,"Wächter, Nellsameke. "
7249,DE-RAR,349,59,"Wachtel, Teile 6li. Sie find "
7252,DE-RAR,349,59,"den Wachtelkoͤnigen gleich, "
7253,DE-RAR,349,59,und halten ſich gemeiniglich 
7254,DE-RAR,349,59,in Waͤldern auf. 
7255,DE-RAR,349,59,"Wahnfinnig. Logulsmeke, "
7256,DE-RAR,349,59,"Wahnſinnig ſeyn, Logui. "
7259,DE-RAR,349,59,"Wahrhaftig, Guéva. Iſt "
7260,DE-RAR,350,60,"ſehr betheuernd, | "
7261,DE-RAR,350,60,"Wahrheit, Pitfehiguali. Es "
7264,DE-RAR,350,60,"iſt wahr, pitlchliguali hüccu. "
7267,DE-RAR,350,60,"Fuͤr wahr halten, pitlehi⸗ "
7270,DE-RAR,350,60,1 5 
7272,DE-RAR,350,60,"Wald, Cauguiki⸗ "
7274,DE-RAR,350,60,"Wandern, Simi. 1 "
7275,DE-RAR,350,60,"Wann, das Fragwort. Eko? "
7276,DE-RAR,350,60,bcabü? Wird nach Ver⸗ 
7277,DE-RAR,350,60,ſchiedenheit der Perſonen 
7278,DE-RAR,350,60,gefuͤgt. Wenn ich? heca⸗ 
7279,DE-RAR,350,60,ne? wann du? hecamü? 
7280,DE-RAR,350,60,wann er? hecabü? wann 
7281,DE-RAR,350,60,wir? hecamehie ? wann ihr? 
7282,DE-RAR,350,60,hecatmi? wann fig? heca- 
7283,DE-RAR,350,60,b . 
7284,DE-RAR,350,60,"Wann, wann, das Winde⸗ "
7285,DE-RAR,350,60,wort. ſ. Da. a 
7288,DE-RAR,350,60,Warm 
7291,DE-RAR,350,60,75 e S pr 
7294,DE-RAR,350,60,RETTEN 
7297,DE-RAR,350,60,350 
7300,DE-RAR,350,60,"Warm, Rachtägameke. Warm "
7301,DE-RAR,350,60,"ſeyn, rochtz. Es ſoll, oder "
7302,DE-RAR,350,60,"muß gewärmet werden, "
7303,DE-RAR,350,60,Rachtabarlaboa. 
7305,DE-RAR,350,60,"Warten, Uili. "
7306,DE-RAR,350,60,tend vuruesmeke; 
7308,DE-RAR,350,60,Warum Tichikla? tfchimi- 
7309,DE-RAR,350,60,"Ida, tichipikia Warum re⸗ "
7310,DE-RAR,350,60,deſt du nicht? tlchikia ta 
7312,DE-RAR,350,60,mu neòea? 
7314,DE-RAR,350,60,Was? Piri? Was denn? pi- 
7315,DE-RAR,350,60,sico? Was für ein? Atſchi- 
7317,DE-RAR,350,60,bu? Jérubũ. 
7319,DE-RAR,350,60,"Waſchen, Pagdta. Die Waͤ⸗ "
7320,DE-RAR,350,60,"ſche waſchen Viligo, Guit⸗ "
7323,DE-RAR,350,60,tna. 
7324,DE-RAR,350,60,"Waſſer, Pauguiki. Waſſer "
7325,DE-RAR,350,60,"ziehen, Pabahi. "
7328,DE-RAR,350,60,"Waͤſſerig, Pauguirugameke, "
7330,DE-RAR,350,60,Weben; Kemaräje ſ. Decke. 
7332,DE-RAR,350,60,"Wecken, vom Schlafe. Bulla. "
7334,DE-RAR,350,60,"Weder, Ke tehigd. "
7336,DE-RAR,350,60,"Weg, Poveke. "
7338,DE-RAR,350,60,"Wegen, Täje, täje, kitaje, "
7339,DE-RAR,350,60,guitaje. Dieſe Woͤrtchen 
7340,DE-RAR,350,60,"werden allezeit nachgeſetzt, "
7341,DE-RAR,350,60,"z. B. wegen dieſem, oder "
7342,DE-RAR,350,60,"deſſentwegen, ichetaje, elä- "
7343,DE-RAR,350,60,taje. etléèguitaje. 
7345,DE-RAR,350,60,"Wegnehmen, Tichapi, Itfchi- "
7347,DE-RAR,350,60,g d. 
7349,DE-RAR,350,60,"Weich ſeyn, Lomiki. Es wird "
7351,DE-RAR,350,60,"weich, lomiſimi. "
7353,DE-RAR,350,60,Wehe thun. Es thut mir 
7354,DE-RAR,350,60,"weh, ich leide Schmerzen. "
7355,DE-RAR,350,60,Teiligud. 
7357,DE-RAR,350,60,"Weib, Mull. Eheweib, upi, "
7358,DE-RAR,350,60,"Ledige Weibsperſon, mukı "
7359,DE-RAR,350,60,"guguske. Altes Weib, "
7360,DE-RAR,350,60,"guelameke, "
7362,DE-RAR,350,60,"Weihrauch, Molé, moléke. "
7364,DE-RAR,350,60,"Weil, Meapüguitaje, "
7366,DE-RAR,350,60,"Weinen, Nalaga. "
7368,DE-RAR,350,60,"Weiß, Roläcamske, "
7369,DE-RAR,350,60,wie 
7372,DE-RAR,350,60,toſaca- 
7375,DE-RAR,350,60,— EZ — 
7378,DE-RAR,351,61,pugué. War⸗ 
7381,DE-RAR,351,61,eee eee n RE 
7384,DE-RAR,351,61,Deutſch Tarahumariſches 
7387,DE-RAR,351,61,"Weit, Meches. Wenn men "
7388,DE-RAR,351,61,auf der Reiſe einen Tara⸗ 
7389,DE-RAR,351,61,"humaren fragt: ob der Ort, "
7390,DE-RAR,351,61,"wohin man komen will, noch "
7391,DE-RAR,351,61,weit entfernt ſey? und er 
7392,DE-RAR,351,61,"in der Antwort mechea, die "
7393,DE-RAR,351,61,letzte Silbe ſehr lang aus⸗ 
7394,DE-RAR,351,61,"dehnt, ſo bedeutet es, daß "
7395,DE-RAR,351,61,"dieſer Ort weit entlegen, "
7396,DE-RAR,351,61,und eine Tagereiſe noͤthig 
7398,DE-RAR,351,61,"ſey, dahin zu gelangen. "
7399,DE-RAR,351,61,Eben dieſes antworten ſie 
7400,DE-RAR,351,61,auch mit dem Worte guemi. 
7402,DE-RAR,351,61,"Weiter, Gusmina. "
7404,DE-RAR,351,61,"Waizen, tuͤrkiſcher, Schunü⸗ "
7406,DE-RAR,351,61,"„eu, oder unnd Zr. "
7408,DE-RAR,351,61,"Die Frucht noch am Stamme, 2 "
7410,DE-RAR,351,61,patchiki. 
7412,DE-RAR,351,61,"Nach abgeloͤſten Koͤrnern, ho- "
7413,DE-RAR,351,61,lirügameh e. 
7415,DE-RAR,351,61,Noch nicht abgekörnt hong. 
7416,DE-RAR,351,61,make. Geröftet und zu Mehl 
7417,DE-RAR,351,61,"gemacht, cuvirufi, Gemah⸗ "
7418,DE-RAR,351,61,"len und nicht geröstet, lak iki: "
7419,DE-RAR,351,61,"Gekocht, wie eine Suppe, "
7420,DE-RAR,351,61,"kioliki, welches in Mexiko "
7421,DE-RAR,351,61,atoll» Heißt: Geroͤſtet und 
7422,DE-RAR,351,61,mit Waſſer angemacht heißt 
7423,DE-RAR,351,61,es bey einigen eskiate. Zu 
7424,DE-RAR,351,61,einem Teig gemacht: ilter⸗ 
7425,DE-RAR,351,61,nil. Gekocht wie ein Bretz 
7426,DE-RAR,351,61,tlchorike. 
7428,DE-RAR,351,61,Welcher? jerubu? 
7430,DE-RAR,351,61,"Wenig, Tachpe, rächpe. Ekfi- "
7431,DE-RAR,351,61,"pi, ekitlchfpi. "
7433,DE-RAR,351,61,"Wenn, ſ. Wann. ö "
7435,DE-RAR,351,61,Wer? Kepu? Weſſen? kuẽ-· 
7436,DE-RAR,351,61,puls? Mit wem ? r 7 
7437,DE-RAR,351,61,jujega? N N 
7439,DE-RAR,351,61,"Werfen, Teehas. "
7441,DE-RAR,351,61,"Wettlauf, f. Spiel. N "
7443,DE-RAR,351,61,"Widder, Pouguaca jumaruga⸗ "
7444,DE-RAR,351,61,mike. 4 a 
7446,DE-RAR,351,61,"Wie, das Vergleichungswork b "
7447,DE-RAR,351,61,"Mapü ieri; mapu reca, map "
7450,DE-RAR,351,61,révegs. 
7451,DE-RAR,351,61,Wie? 
7454,DE-RAR,351,61,Woͤrterbuch. 351 
7457,DE-RAR,351,61,"die“, das Fragwort. Atſchi. Wolle, og "
7460,DE-RAR,351,61,bu? (Sie drucken es noch! 
7461,DE-RAR,351,61,"anders aus, als z. B. wie "
7462,DE-RAR,351,61,ſoll ich es thun? Tichune 
7463,DE-RAR,351,61,jolälm ela? N 
7464,DE-RAR,351,61,"Bie immer, Lala. "
7465,DE-RAR,351,61,"Biederholen, Huli ne jola. "
7466,DE-RAR,351,61,Wiederum? Huli tfchigö oder 
7467,DE-RAR,351,61,tichigöco. Sinépi putle 
7468,DE-RAR,351,61,"Willen, fell. Wider Wil: "
7469,DE-RAR,351,61,"len, ta elajo. "
7470,DE-RAR,351,61,"Wind, Heicala. "
7471,DE-RAR,351,61,6500 Tlchicctſchi. 
7472,DE-RAR,351,61,"iſſen, Matlehi. Wiſſend, mat- "
7473,DE-RAR,351,61,"ſchigameke. Ich weiß nicht, "
7474,DE-RAR,351,61," Kuepüclela, od. kepütichela. "
7475,DE-RAR,351,61,"Do, Cabü ° "
7476,DE-RAR,351,61,"15 her, Talariki. "
7477,DE-RAR,351,61,"odurch, Cabiına; "
7478,DE-RAR,351,61,EA Cabüna. 
7479,DE-RAR,351,61,"zohl, Ga. gane. galals. "
7480,DE-RAR,351,61,"zohlan, Hia, ng hitze. "
7481,DE-RAR,351,61,. hidſi. 
7484,DE-RAR,351,61,"Wohlauf ſeyn, Gahinife, "
7486,DE-RAR,351,61,"Wohnen, Bechte. Motlchi. "
7487,DE-RAR,351,61,"Gatiki f. Sein, "
7489,DE-RAR,351,61,"Wohnung, B B:chteke. "
7491,DE-RAR,351,61,"wolkig, Es wird wolkig, "
7492,DE-RAR,351,61,N 
7495,DE-RAR,351,61,"Wolf, Neligoll. Di jeſe Raub: "
7496,DE-RAR,351,61,"thiere ſind ſo haufig, daß "
7497,DE-RAR,351,61,"""fiestwie die Hunde in einer "
7498,DE-RAR,351,61,"1 f den Heiden, "
7499,DE-RAR,351,61,"! Anden ande, und dl: "
7500,DE-RAR,351,61,ale ſich ſehen laͤſ⸗ 
7501,DE-RAR,351,61,"ſen, und viel Schaden an⸗ "
7502,DE-RAR,351,61,kichten. Es iſt dort zu ei⸗ 
7503,DE-RAR,351,61,nem Spruͤchworte gewor⸗ 
7504,DE-RAR,351,61,"den', daß, wenn dieſe und "
7505,DE-RAR,351,61,andere dergleichen Raub⸗ 
7506,DE-RAR,351,61,"thiere, ſo viel Vieh nicht "
7507,DE-RAR,351,61,"aufgefreſſen, und die Apa⸗ "
7508,DE-RAR,351,61,then uche; weggetrieben 
7509,DE-RAR,351,61,"hätten, das Vieh in Ame⸗ "
7512,DE-RAR,351,61,rika faſt keinen Platz mehr ! 
7515,DE-RAR,351,61,Br ke⸗ 
7518,DE-RAR,351,61,"Wort, Neogäla. "
7519,DE-RAR,351,61,"Wozu, Cabü uns; "
7522,DE-RAR,351,61,"Wuͤrfel, ſ. "
7523,DE-RAR,351,61,Mi Guäca; 
7526,DE-RAR,351,61,"Wollen, Ela, jela, nach- "
7527,DE-RAR,351,61,ki. Wenn ſie glattweg 
7528,DE-RAR,351,61,"etwas wollen, ſagen ſie "
7529,DE-RAR,351,61,nur: elne. Wird aber 
7530,DE-RAR,351,61,der Gegenſtand des Wol⸗ 
7531,DE-RAR,351,61,"lens angedeutet, ſo ſetzen "
7532,DE-RAR,351,61,"fir nale hinzu, z. B. ich will "
7533,DE-RAR,351,61,"gehen, tminale, ich will "
7534,DE-RAR,351,61,"5 eſſen, coänale. "
7537,DE-RAR,352,62,"oder nicht wollen, als: ich "
7538,DE-RAR,352,62,"will nicht | kene nachki, oder "
7541,DE-RAR,352,62,tane ela. Ich will nicht übel 
7544,DE-RAR,352,62,"thun, täde rieri jola riale, "
7547,DE-RAR,352,62,wo das Verneinungswort 
7548,DE-RAR,352,62,"ke oder ia voran, und nals "
7551,DE-RAR,352,62,nachgeſetzt wird. 
7554,DE-RAR,352,62,"Wunde, Tichaca. "
7557,DE-RAR,352,62,". Wuͤnſchen, El Ela, nachki. Wollte "
7560,DE-RAR,352,62,Gott! 1 
7561,DE-RAR,352,62,"Spiel, Patolle, "
7564,DE-RAR,352,62,"Wurm, Saiki. "
7565,DE-RAR,352,62,"Wurzel, "
7566,DE-RAR,352,62,"Wurzel, ſo ſchoͤn gelb färbt. "
7567,DE-RAR,352,62,"Wuͤrzen, Coigus. "
7568,DE-RAR,352,62,"Wuͤſte, Caugulla, cauguiki; "
7569,DE-RAR,352,62,"Wuͤten, Logui, "
7570,DE-RAR,352,62,"Wuͤthig, Loguismeks. "
7573,DE-RAR,352,62,2 . 
7576,DE-RAR,352,62,"Zahl, Taralıki. "
7579,DE-RAR,352,62,"Zahlbar, Tarafati. "
7581,DE-RAR,352,62,"Zählen, Tara. Zählend, sah: "
7582,DE-RAR,352,62,"fer, taragameke. Man fol "
7583,DE-RAR,352,62,"oder muß zählen, taradmela; "
7585,DE-RAR,352,62,de Nate 
7587,DE-RAR,352,62,"Zahm, Veniameke. "
7588,DE-RAR,352,62,"machen, veniruje. "
7590,DE-RAR,352,62,"Zahn, Remela, ternela, ra- "
7591,DE-RAR,352,62,"mels, "
7593,DE-RAR,352,62,"‚Zange, ""Nafsita, "
7595,DE-RAR,352,62,"Zaum, "
7598,DE-RAR,352,62,— — N 
7599,DE-RAR,352,62,TE FETTE TEE TEEN 
7602,DE-RAR,352,62,So iſt es 
7603,DE-RAR,352,62,"auch bey der Verneinung, "
7606,DE-RAR,352,62,Cojshera iſt eine 
7609,DE-RAR,352,62,Zahm 
7612,DE-RAR,352,62,e r 5 
7615,DE-RAR,352,62,352 
7618,DE-RAR,352,62,"Zaum, Tenibätfala. f "
7619,DE-RAR,352,62,"Zehn, Macöek. 10 Gebote, Ma- "
7620,DE-RAR,352,62,"cöek nulalils. 10 Jahre, ma- "
7621,DE-RAR,352,62,"cöck pam, oder pauuvaliki. "
7622,DE-RAR,352,62,"Zehnmal, Macbeélſla. | "
7623,DE-RAR,352,62,"Zehner, Macöpi. "
7624,DE-RAR,352,62,"Zeigen, Matichiruje. "
7625,DE-RAR,352,62,"Zeit, vor Zeiten, Kiaca, cofe, "
7626,DE-RAR,352,62,".colee, "
7627,DE-RAR,352,62,Zeitig. Bafsiameke. f. reif. 
7628,DE-RAR,352,62,Zeitlich. Du biſt zeitlich ge: 
7629,DE-RAR,352,62,"kommen, bea mu naguäca, "
7630,DE-RAR,352,62,oder belago mü naguäca. 
7631,DE-RAR,352,62,"Zerbrechen, Cafsinale, Zer⸗ "
7634,DE-RAR,352,62,"brochenes Geſchirr, Calli "
7637,DE-RAR,352,62,niki. 5 
7638,DE-RAR,352,62,"Zerhauen, Sika. Zerhaue⸗ "
7639,DE-RAR,352,62,"nes, Irkirügameke, "
7640,DE-RAR,352,62,"Zerquetſchen, Tufchi. "
7641,DE-RAR,352,62,"Zerreiben, Tulchi. Zerrie⸗ "
7642,DE-RAR,352,62,"rieben, tufchirügaineke, "
7643,DE-RAR,352,62,"Zerreiſſen, Tepuna. "
7644,DE-RAR,352,62,"Zerſchneiden, Sika. "
7645,DE-RAR,352,62,"Zerſtoßen, Tuichi. "
7646,DE-RAR,352,62,"zeitheilen, Narigue. "
7647,DE-RAR,352,62,"Zeugen, gebaͤhren, Tana. Ge: "
7648,DE-RAR,352,62,"zeugt, tanarugameke. "
7649,DE-RAR,352,62,"Ziege, Camoalätſchi mukila. "
7650,DE-RAR,352,62,ſ. Geiſe. 5 
7651,DE-RAR,352,62,"Ziegel, Schupänali, ſ. Leim. "
7652,DE-RAR,352,62,"Zlegelerde, Vuollaguaca ſ. "
7653,DE-RAR,352,62,Moͤrtel. N 
7654,DE-RAR,352,62,"Ziehen, Mänifücu., "
7655,DE-RAR,352,62,"Ziemlich, Lala. "
7656,DE-RAR,352,62,"Zimmer, Santscale. So wird "
7657,DE-RAR,352,62,"das Zimmerchen genannt, "
7658,DE-RAR,352,62,welches jeder mexikaniſcher 
7659,DE-RAR,352,62,Indianer neben ſeinemHau⸗ 
7660,DE-RAR,352,62,"je hat, das er mit Buldern "
7661,DE-RAR,352,62,"und Blumen ausziert, "
7662,DE-RAR,352,62,"und jedem, der ihn bei "
7663,DE-RAR,352,62,"ſucht, zeigt. Pat "
7664,DE-RAR,352,62,"Zinn, Guenomi; f. Metall "
7665,DE-RAR,352,62,"Zinnen, Cuvala "
7666,DE-RAR,352,62,"Zirkel, Tiehitüla, "
7667,DE-RAR,352,62,"Zoͤrnen, Ajondco, "
7670,DE-RAR,352,62,Deutſch⸗Tarahumariſches 
7673,DE-RAR,352,62,"Zornig, Ajdnameke, Zornig "
7674,DE-RAR,352,62,"machen, 2joruje - | "
7675,DE-RAR,352,62,Zu. Dieſes Wort mangelt 
7676,DE-RAR,352,62,ihnen auch. Wenn fie alſo 
7677,DE-RAR,352,62,"ſagen wollen, z. B. gehe "
7678,DE-RAR,352,62,"zum Peter, ſo ſagen ſi "
7679,DE-RAR,352,62,"Jimi, mapu Pedro bechték. "
7680,DE-RAR,352,62,wo der Vater wohnt. 
7681,DE-RAR,352,62,"udecken, Pole "
7682,DE-RAR,352,62,"ugegen, Ibe. Hena ibe. "
7683,DE-RAR,353,63,Zugehoͤren. Das muß anders 
7684,DE-RAR,353,63,ausgedruckt werden. Man 
7685,DE-RAR,353,63,fragt nicht: wem gehoͤrt 
7686,DE-RAR,353,63,dieſes zu? ſondern: weſſen 
7687,DE-RAR,353,63,"ift es, kucpu iche? Wiſ⸗ "
7688,DE-RAR,353,63,"fen fie es nicht, fo ſagen fie: "
7689,DE-RAR,353,63,kueputiela. ſ. Wiſſen. Wiſ⸗ 
7690,DE-RAR,353,63,"ſen ſie es aber, ſo zeigen "
7691,DE-RAR,353,63,"‚fie es an, und ſagen: ichs. "
7692,DE-RAR,353,63,Zuͤgen. In Zuͤgen liegen. 
7693,DE-RAR,353,63,"Simiba, "
7696,DE-RAR,353,63,"Zugleich, Napa. nape. Juje- "
7699,DE-RAR,353,63,ga. 2 
7700,DE-RAR,353,63,"Zumachen, ſchließen. Eke. "
7701,DE-RAR,353,63,"Zunamen, Reguala, "
7702,DE-RAR,353,63,"Zunder, Gafid. Solaca, ei⸗ "
7703,DE-RAR,353,63,gentlich der Brennſchwam̃. j 
7706,DE-RAR,353,63,"Zunge, Tenila N "
7708,DE-RAR,353,63,"Zuruͤck, Becu. Wird bey als "
7709,DE-RAR,353,63,len zuſammengeſetzten Woͤr⸗ 
7710,DE-RAR,353,63,"tern gebraucht, als: zus "
7711,DE-RAR,353,63,"ruͤckgehen, becu ne ſimi, "
7712,DE-RAR,353,63,"zuruͤckkommen, beeu ne na "
7713,DE-RAR,353,63,"gus: zuruͤckbringen, becn "
7714,DE-RAR,353,63,ne t. 
7716,DE-RAR,353,63,"Zuſammen, Napa, nspe. "
7717,DE-RAR,353,63,"Zuſammenfallen, Guechtfchi- "
7718,DE-RAR,353,63,Kl. f 
7719,DE-RAR,353,63,"Zuſammengefuͤgt, Napéameke. "
7721,DE-RAR,353,63,"Zuſammenhauen, Sika. "
7722,DE-RAR,353,63,"Zuſammengekoppelt, Napea- "
7723,DE-RAR,353,63,meke. „ 5 
7724,DE-RAR,353,63,"Zuſammenkunft, Tlatolle. "
7725,DE-RAR,353,63,"Zuſammennaͤhen, Schula. _ "
7726,DE-RAR,353,63,"Zufammentotten, Hleregugui. "
7727,DE-RAR,353,63,"Zuſammenweben, * "
7730,DE-RAR,353,63,Woͤrterbuch. 
7733,DE-RAR,353,63,"Bufätichen, 'Eke.- Zugeſchloſ⸗ "
7736,DE-RAR,353,63,"fen, eiuke. "
7739,DE-RAR,353,63,"Butragen, Es trägt ſich ju, "
7742,DE-RAR,353,63,"Naa, Oſfa macöek, "
7743,DE-RAR,353,63,"3wanzigmal, Olla macöeffa. "
7744,DE-RAR,353,63,Be Oea oder guoca. Zwey 
7745,DE-RAR,353,63,"und zwey, oſſanica, Buol⸗ "
7746,DE-RAR,353,63,"lanıca, \ "
7749,DE-RAR,353,63,353 
7752,DE-RAR,353,63,e SE Oſſa ekt. ' 
7753,DE-RAR,353,63,"Ztweymal, Olla, guoſſa. "
7754,DE-RAR,353,63,"Zweyter, Offanavoje. "
7757,DE-RAR,353,63,"Zwillinge, Maratſt. "
7758,DE-RAR,353,63,"Zwirn, Sosd. Wird von der "
7759,DE-RAR,353,63,Aloe gemacht. 
7762,DE-RAR,353,63,"Zwoͤlfmal, Macöck Suamin "
7763,DE-RAR,353,63,"oder amoba ofla, _ "
7774,RAR-DE,353,63,"Äbe, dort. un? u "
7776,RAR-DE,353,63,"Abiti oder Apiti, einp kleines "
7777,RAR-DE,353,63,Kind. Hier ſieht man gleich 
7778,RAR-DE,353,63,"die Buchſtabenverweche lung, "
7780,RAR-DE,353,63,wovon ich in der Vorrede 
7781,RAR-DE,353,63,geſagt habe Diefe Verwechs⸗ 
7782,RAR-DE,353,63,lung wird in dem gegen waͤr⸗ 
7783,RAR-DE,353,63,tigen Woͤrterbuche zum dͤf⸗ 
7784,RAR-DE,353,63,tern wahrgenommen. 
7786,RAR-DE,353,63,"Aeabilague, Einwickeln. "
7788,RAR-DE,353,63,"Acaca, Speichel. "
7790,RAR-DE,353,63,"Acatsi, Ausſpeyen, ausſpritzen. "
7792,RAR-DE,353,63,"Aguila, Tochter. "
7794,RAR-DE,353,63,"Ajönameke, ein Zorniger. "
7796,RAR-DE,353,63,"Ayönoco, zoͤrnen⸗ "
7798,RAR-DE,353,63,"Ajcruje, zornig machen. Be⸗ "
7799,RAR-DE,353,63,"Idee Rlije, iſt ein Huͤlfs⸗ "
7800,RAR-DE,353,63,"wort wirkender Bedeutung, "
7801,RAR-DE,353,63,und einem andern Zeitworte 
7803,RAR-DE,353,63,"angehängt, bedeutet es dass "
7806,RAR-DE,353,63,"80% Thungtoder Machen, "
7809,RAR-DE,353,63,as das Zeitworn ſelbſt aus 
7811,RAR-DE,354,64,drücket. 
7813,RAR-DE,354,64,"Aita, oder caitär, nein, nicht. "
7815,RAR-DE,354,64,"Aitarue, Teufel. Gemeiniglich "
7817,RAR-DE,354,64,aber wird er Telegatigameke 
7818,RAR-DE,354,64,"Oer unten iſt genannt. Tele, "
7821,RAR-DE,354,64,"unten echt, Em die "
7822,RAR-DE,354,64,Endſylben ameke bezeichnen 
7824,RAR-DE,354,64,das Mittelwort gegenwärti⸗ 
7826,RAR-DE,354,64,ger Zeit wirkender Bedeu⸗ 
7827,RAR-DE,354,64,tung. Die Tarahumaren 
7828,RAR-DE,354,64,verſchlingen zwar in der Aus⸗ 
7830,RAR-DE,354,64,ſprache meiſtentheils die laste 
7831,RAR-DE,354,64,"Sylbe ke, ich habe ſie aber "
7832,RAR-DE,354,64,doch allen dergleichen Woͤr⸗ 
7833,RAR-DE,354,64,tern zugeſchrieben. 
7836,RAR-DE,354,64,"Al. oder ar, Aber, ſ. abiti, "
7839,RAR-DE,354,64,"Alicante, f. in dem deutſch⸗ ta⸗ "
7842,RAR-DE,354,64,1 rahumariſchen eee 
7845,RAR-DE,354,64,Natter. 
7847,RAR-DE,354,64,"Ame, Suchen. "
7849,RAR-DE,354,64,"Amela, Man fol o oder muß ſu⸗ "
7850,RAR-DE,354,64,chen. Mela ein Huͤlfswort 
7851,RAR-DE,354,64,"wirkender Bedeutung, einem "
7852,RAR-DE,354,64,audern mit Verwerfung deſ⸗ 
7853,RAR-DE,354,64,"ſen letzter Sylbe angehängt, "
7854,RAR-DE,354,64,"bedeutet, daß man dieſes thun "
7855,RAR-DE,354,64,"ſolle, was das Zeitwort aus⸗ "
7856,RAR-DE,354,64,"druͤckt, f. muͤſſen. "
7858,RAR-DE,354,64,A1 verlieren. 
7860,RAR-DE,354,64,"""Amoba, M ehr. Dorüber, "
7862,RAR-DE,354,64,"Amulipi, Nahe. Nicht weik. "
7864,RAR-DE,354,64,"Aparècho, f Packſattel. "
7867,RAR-DE,354,64,3 . Apat- 
7870,RAR-DE,354,64,"Bala, "
7873,RAR-DE,354,64,354 
7876,RAR-DE,354,64,"Apatſche, ſ. Apatſchen. "
7878,RAR-DE,354,64,"Ari, ein Anruf, mit welchem "
7879,RAR-DE,354,64,man die belaſteten Maulthie⸗ 
7880,RAR-DE,354,64,re antreibt. 
7882,RAR-DE,354,64,"Arjero, Eſeltreiber. Iſt ein "
7883,RAR-DE,354,64,ſpaniſches Wort. N 
7886,RAR-DE,354,64,"Bogen f, Armbruſt. "
7887,RAR-DE,354,64,"Atſchi, Lachen. "
7888,RAR-DE,354,64,Atſchibü? Wie? 
7890,RAR-DE,354,64,Weiſe ? N 
7891,RAR-DE,354,64,"Atſehilélila, das Lachen, Se. "
7893,RAR-DE,354,64,laͤchter. i 
7894,RAR-DE,354,64,"Auguaca, Horn. "
7897,RAR-DE,354,64,auf was 
7900,RAR-DE,354,64,TB ee 
7901,RAR-DE,354,64,"Ba, Schon ſ. Schon. "
7904,RAR-DE,354,64,"Babahr, Waſſer ziehen, ſchoͤ⸗ "
7905,RAR-DE,354,64,pfen. \ 
7908,RAR-DE,354,64,"Bacagudca, Blatt, "
7911,RAR-DE,354,64,"Bacalätfchi. Eine Schlangen, "
7912,RAR-DE,354,64,"art, ſ. Schlange. "
7914,RAR-DE,354,64,"Bahumali, Eine andere Schlan, "
7915,RAR-DE,354,64,genart. 
7917,RAR-DE,354,64,"Baica, Dr. "
7919,RAR-DE,354,64,"Baicätaje, der Dritte, "
7921,RAR-DE,354,64,"Boicarügameke, dreyfach. "
7923,RAR-DE,354,64,"Bsje, Nufen. * "
7925,RAR-DE,354,64,"Baiesmeke, der Rufende. "
7928,RAR-DE,354,64,"Bajeınels, Rufen tollen, oder. "
7931,RAR-DE,354,64,"muͤſſen, ſ. Amela. "
7932,RAR-DE,354,64,Baifla. dreymal. 
7933,RAR-DE,354,64,"Beladen, "
7936,RAR-DE,354,64,aufladen. 
7937,RAR-DE,354,64,"Baläliruc, Was beladen; liſt "
7938,RAR-DE,354,64,"worden, Rue iſt ein Hüͤlfs⸗ "
7939,RAR-DE,354,64,wort der leidenden Bedeu; 
7942,RAR-DE,354,64,"tung, gleichwie das ruje der "
7945,RAR-DE,354,64,"beschweren, "
7948,RAR-DE,354,64,Tarahumariſch-Deutſches 
7951,RAR-DE,354,64,"Baffaräboa, es muß geackert "
7952,RAR-DE,354,64,werden. Boa iſt das Huͤlfs⸗ 
7953,RAR-DE,354,64,wort der leidenden Bedeu⸗ 
7954,RAR-DE,354,64,"tung, wie mela müffın, ſollen "
7955,RAR-DE,354,64,"der „ ft, ſ. müſſen. "
7957,RAR-DE,354,64,"Bafloräicke, Pfiug, f Plug. "
7960,RAR-DE,354,64,"Atäcı oder hatüea. Armbruſt, Bäfls:Tamese. Urbar, was ge⸗ "
7961,RAR-DE,354,64,pPflügt merden kann. 
7964,RAR-DE,354,64,Baſſelo. Spazieren. . 
7965,RAR-DE,354,64,"Bals f, Reif, zeitig ſeyn. "
7966,RAR-DE,354,64,Befsba oder balsiſimi. Es 
7967,RAR-DE,354,64,"reift ſchon, es wird ſchon "
7968,RAR-DE,354,64,"zeitig, f. Schon. Simi heißt "
7969,RAR-DE,354,64,ſonſt gehen: als ein Une 
7970,RAR-DE,354,64,hangswott aber das Zuneh⸗ 
7971,RAR-DE,354,64,"men, Wachsthum, oder "
7972,RAR-DE,354,64,"Gang einer Sache, . Lernen. "
7973,RAR-DE,354,64,"Baſſicügameke, Gekochtes. "
7974,RAR-DE,354,64,"Hier find zwey Mittelmörter, "
7975,RAR-DE,354,64,"rue der leidenden, ameke der "
7976,RAR-DE,354,64,wirkenden Bedeutung. Sie 
7977,RAR-DE,354,64,"werden zuſammengeſetzt, "
7978,RAR-DE,354,64,"wenn zu dem, was geſche⸗ "
7979,RAR-DE,354,64,"hen ift, eine wirkende Bey⸗ "
7980,RAR-DE,354,64,huͤlfe vonndthen war. In 
7981,RAR-DE,354,64,"der Zuſammenſetzung, balfü, "
7982,RAR-DE,354,64,"rue, ameke wird in rue das "
7983,RAR-DE,354,64,e in g verwandelt. 1 
7984,RAR-DE,354,64,"Beſſu, Kochen. Sieden. * "
7985,RAR-DE,354,64,. Batani. In Gegenwart z. B. 
7986,RAR-DE,355,65,"ne batani, vor mir, in mei? "
7987,RAR-DE,355,65,ner Gegenwart. 
7988,RAR-DE,355,65,"Batfa; Vorher, voraus. "
7989,RAR-DE,355,65,"Batfabe, Mehr vorwärts: Be, "
7990,RAR-DE,355,65,eine An hangsſylbe deutet die 
7991,RAR-DE,355,65,zweyt⸗ Vergleichungsſtaffel 
7992,RAR-DE,355,65,"1 5 z. B. gala, gut, galabé, "
7993,RAR-DE,355,65,"beſſer. Guelü, groß, gue · "
7994,RAR-DE,355,65,"late, größer. "
7997,RAR-DE,355,65,"wit kenden iſt. Einem Zeit⸗ Barfchi, Bruder. a "
7998,RAR-DE,355,65,"worte angehängt, bedeutet Bei, Früh, Morgens, ati» "
7999,RAR-DE,355,65,"es, daß daſſelbe gemacht Besliki, Morgen: n "
8000,RAR-DE,355,65,"worden, was das Zeitwort Beck, Zurück. 5 "
8001,RAR-DE,355,65,"bedeutet. 5 Bechte, Wohnen. * "
8002,RAR-DE,355,65,"Balla, Acker, Feld. Bechteke. Wohnung, Hauk. "
8003,RAR-DE,355,65,"Ballen Ackern, pfluͤgen. "
8006,RAR-DE,355,65,3 n hurtig. 
8007,RAR-DE,355,65,"Bos, "
8010,RAR-DE,355,65,"Wire, "
8013,RAR-DE,355,65,"Boa, ſ. baffarähoa, "
8014,RAR-DE,355,65,Boni; Schweſter. 
8015,RAR-DE,355,65,"Bongje, Ich ſelbſt. "
8016,RAR-DE,355,65,"1 e aufbinden, "
8019,RAR-DE,355,65,losma 
8020,RAR-DE,355,65,1 Von hinten. Rick. 
8023,RAR-DE,355,65,"Bucligus; Rücken, Buckel. "
8024,RAR-DE,355,65,"Buch, iſt der allgemeine Name "
8025,RAR-DE,355,65,aller vierfußigen zahmen 
8028,RAR-DE,355,65,Thiere. 
8029,RAR-DE,355,65,"ole Strick, Strang, f "
8030,RAR-DE,355,65,trick. 
8033,RAR-DE,355,65,"Buke r aben, b be, "
8034,RAR-DE,355,65,"58. H eſiten, |. e⸗ "
8037,RAR-DE,355,65,Coda. Eſſen. 
8038,RAR-DE,355,65,"Coajameke, das Eſſen. Speiſe. "
8041,RAR-DE,355,65,"Bula, Binden. | "
8043,RAR-DE,355,65,"Büliruc, es iſt gebunden. "
8044,RAR-DE,355,65,"Bulirügimeke, Gebundenes. "
8045,RAR-DE,355,65,"Büra, Hirſch. "
8047,RAR-DE,355,65,"Bae, vom m Scl wecken. "
8050,RAR-DE,355,65,. 
8051,RAR-DE,355,65,"Ca, oder Kugel, Daher. Her da; "
8054,RAR-DE,355,65,Cob? Wo? in welchem Orte? 
8055,RAR-DE,355,65,"wohin, "
8058,RAR-DE,355,65,"eu: Wodurch, "
8059,RAR-DE,355,65,"Cid n Papagey, f. Papa⸗ "
8062,RAR-DE,355,65,ae. 
8063,RAR-DE,355,65,"Cajena, Vollenden, "
8064,RAR-DE,355,65,"gen, ausmachen "
8065,RAR-DE,355,65,"ca Sjenkirireli Man ſoll, oder "
8066,RAR-DE,355,65,muß die Sache vollenden. 
8067,RAR-DE,355,65,"Cajenapa, Es iſt ſchon vollen⸗ "
8068,RAR-DE,355,65,"det, vollbracht. Es iſt aus: "
8069,RAR-DE,355,65,"Caitd, Nein, nicht, ſ. Nein. "
8070,RAR-DE,355,65,"Cajatichi, Pferd, Roß. "
8071,RAR-DE,355,65,"Caliki, Haͤuschen, Hütte "
8072,RAR-DE,355,65,"Calfruje, Bauen, ſ. Bauen. "
8073,RAR-DE,355,65,"Calitichiki, Schweif. "
8074,RAR-DE,355,65,"Coambelatſchi, oder e "
8075,RAR-DE,355,65,"latſchi, Bock. - "
8076,RAR-DE,355,65,Comö? Wo du? oder. Wohin 
8077,RAR-DE,355,65,du? 
8078,RAR-DE,355,65,"Caisinale, Zerbrechen. "
8079,RAR-DE,355,65,"Caſſiniki, "
8080,RAR-DE,355,65,chenes Geſchicr. 
8083,RAR-DE,355,65,verferti⸗ 
8086,RAR-DE,355,65,N x 
8089,RAR-DE,355,65,— — 
8092,RAR-DE,355,65,"' Cocoruje,, "
8095,RAR-DE,355,65,"Scherben, zerbro⸗ "
8098,RAR-DE,355,65,355 
8099,RAR-DE,355,65,Catl6. 
8102,RAR-DE,355,65,ognater⸗ 
8103,RAR-DE,355,65,"Cal, are "
8104,RAR-DE,355,65,"Caugulkt, u "
8107,RAR-DE,355,65,"Cauguila, Wuͤſte Eindde. "
8110,RAR-DE,355,65,"Cavölameke, oder cavorameke, "
8113,RAR-DE,355,65,Yugeltörmig. Rund. 
8115,RAR-DE,355,65,"Cavoli, Kugel, "
8117,RAR-DE,355,65,"Co oder gö, iſt tine Nubaugs⸗ "
8118,RAR-DE,355,65,"ſylbe, welche der Bedeutung "
8119,RAR-DE,355,65,"des Wortes, dem ſie beyge⸗ "
8120,RAR-DE,355,65,"ſetzt iſt, einen Nachdruck "
8121,RAR-DE,355,65,"giebt, . Bi Simigo, fo geh "
8122,RAR-DE,355,65,doch. Jolago; mache doch. 
8124,RAR-DE,355,65,"Hipeèco, itzt gleich. "
8127,RAR-DE,355,65,"Cocolä, Rranf ſeyn. "
8129,RAR-DE,355,65,"Cocoli, tuͤrkiſcher Pfeffer, 4 "
8130,RAR-DE,355,65,Pfeffer. 
8132,RAR-DE,355,65,Schaden. Ein Ue⸗ 
8133,RAR-DE,355,65,bel zufügen. i 
8135,RAR-DE,355,65,Cocot chi. Hund 
8137,RAR-DE,355,65,"Cojahéta, Eine Wurzel, die "
8138,RAR-DE,355,65,"fchön gelb färbt, "
8140,RAR-DE,356,66,"Cojatfchi, Hut. "
8142,RAR-DE,356,66,"Coigua, Wuͤrzen⸗ "
8144,RAR-DE,356,66,"Coiguala, gute ſchmackhafte "
8145,RAR-DE,356,66,Speise. 
8147,RAR-DE,356,66,"Colaguitaje, Daher, deswegen, "
8148,RAR-DE,356,66,"damit darum, f. damit. "
8151,RAR-DE,356,66,"Colätichi, der Rabe. "
8152,RAR-DE,356,66,"Col, Kranich |. Kranich. "
8153,RAR-DE,356,66,"Cologuäca, f. Glaskorallen. "
8154,RAR-DE,356,66,See Ein gewiſſer Vogel. 
8155,RAR-DE,356,66,.. Kukuk 0 
8156,RAR-DE,356,66,"Torilücu, Umarmen. "
8157,RAR-DE,356,66,"Cole, colse; coleke. "
8158,RAR-DE,356,66,"lange, vor Zeiten. "
8159,RAR-DE,356,66,"Cosiki, Baumwolle. "
8160,RAR-DE,356,66,"Cofsi, Alſo. # "
8161,RAR-DE,356,66,"Cotlcht, & Schwein. "
8164,RAR-DE,356,66,Schon i 
8167,RAR-DE,356,66,"Cotlchiki, Schlaf. "
8168,RAR-DE,356,66,"Cotlſchimé&, Schlafen. "
8171,RAR-DE,356,66,"Cotiehimeameke, Ein Schla⸗ "
8174,RAR-DE,356,66,e 1 1% 
8177,RAR-DE,356,66,38 2 Cova 
8180,RAR-DE,356,66,356 
8183,RAR-DE,356,66,"Cavara, Stirne. "
8185,RAR-DE,356,66,"Cucutlebigus, Kinder, es md "
8186,RAR-DE,356,66,gen Soͤhne oder Töchter feyn. 
8188,RAR-DE,356,66,"Cugue, Epät, Nacht. "
8190,RAR-DE,356,66,"Cug i, Helfen. "
8192,RAR-DE,356,66,"Cuguſemeke, Helfer. "
8194,RAR-DE,356,66,"Cuguila, Hülfe, ſ. Gruͤßen. "
8196,RAR-DE,356,66,"Culüsmeh e, dick, fett, leibig, "
8197,RAR-DE,356,66,Schmeerbauch. 
8199,RAR-DE,356,66,"Cuna , Ehemann. "
8201,RAR-DE,356,66,"Funds amelie, Verheurathete "
8202,RAR-DE,356,66,Meibeperfon. 
8204,RAR-DE,356,66,"Culeameke, Ein Ort, oder Ge⸗ "
8205,RAR-DE,356,66,"gend, wo es Holz oder Baͤu⸗ "
8206,RAR-DE,356,66,me giebt. 
8208,RAR-DE,356,66,"Cusigueameke, Der einen "
8209,RAR-DE,356,66,"Stab oder Stecken hat, f. "
8210,RAR-DE,356,66,Des frichter. 
8212,RAR-DE,356,66,"Cusiki, Holz, Stab, Stecken, "
8213,RAR-DE,356,66,Pruͤgel. 
8215,RAR-DE,356,66,"Cü, oder bẽch, Zuruͤck. "
8217,RAR-DE,356,66,"Cutsi, Kurz. b "
8219,RAR-DE,356,66,"Cürfehigua, Kind. "
8221,RAR-DE,356,66,"Cutlchiki, Baum. \ "
8223,RAR-DE,356,66,"Cuvala, Gipfel, Spitze. "
8225,RAR-DE,356,66,"Cuvèſali, Sommer. "
8227,RAR-DE,356,66,"Cuviruſi, ſ. Gries- "
8229,RAR-DE,356,66,„% M 
8231,RAR-DE,356,66,Dieſer Buchſtabe iſt in keinem 
8232,RAR-DE,356,66,einzigen Tarabumariſchen 
8233,RAR-DE,356,66,"Worte anzutreffen, wie ich "
8236,RAR-DE,356,66,ſchon in der Vorrede erinnert 
8237,RAR-DE,356,66,habe. | 
8238,RAR-DE,356,66,E. 
8240,RAR-DE,356,66,"Echtfcha, Saen. "
8241,RAR-DE,356,66,"Echrfämels, Saen ſollen, oder "
8242,RAR-DE,356,66,"miſſen, ſ. amela. . "
8243,RAR-DE,356,66,"Echtlebirue, Geſaͤetes, was bes "
8245,RAR-DE,356,66,"ſaͤet iſt wo den f. bal&iruc, "
8246,RAR-DE,356,66,"Eke, Zumachen, ſperren, G "
8247,RAR-DE,356,66,/ chneß 125 
8249,RAR-DE,356,66,E D SS viel. 5 
8250,RAR-DE,356,66,"10 5 Nicht viel. Nur, neuig "
8253,RAR-DE,356,66,"3 Brlhocuafa, "
8254,RAR-DE,356,66,"Erlchägudemeke, "
8257,RAR-DE,356,66,"‚Erle‘, "
8258,RAR-DE,356,66,„E Ale! Es iſt u 1520 ve. 
8261,RAR-DE,356,66,Tarahumariſch⸗Deutſches 
8264,RAR-DE,356,66,. Wie viel? „ 33% 
8265,RAR-DE,356,66,Ekifa? Wie vielmals? 
8266,RAR-DE,356,66,"Ekitfchipi, Sehr wenig. "
8267,RAR-DE,356,66,Ekö? Wann g 
8268,RAR-DE,356,66,"Ela, Verlagen, begehren. "
8269,RAR-DE,356,66,"Elabi, Rur das. 441 "
8270,RAR-DE,356,66,"Elaca, Menſchenblut. Sonſt "
8271,RAR-DE,356,66,"heißt es nur laca, wenn von "
8272,RAR-DE,356,66,anderm u die Rede iſt. 
8273,RAR-DE,356,66,"klagulelfa. Deawegen, dar⸗ "
8274,RAR-DE,356,66,"um, ſ. damit. "
8277,RAR-DE,356,66,"Epüsje, oder epuje, alle "
8280,RAR-DE,356,66,chen Sail. 
8281,RAR-DE,356,66,Epuläca „Schlüſſel. Y | 
8282,RAR-DE,356,66,"Era, gbü % RN | ee 7 "
8285,RAR-DE,356,66,"Erü, Ja, "
8288,RAR-DE,356,66,Ja. 
8289,RAR-DE,356,66,"Eskiate, Iſt eine vom bürki⸗ "
8290,RAR-DE,357,67,ſchen Waizengries duͤnn ein⸗ 
8291,RAR-DE,357,67,gekochte Suppe. 1105 * 
8292,RAR-DE,357,67,Bart. 
8293,RAR-DE,357,67,Der einen 
8294,RAR-DE,357,67,"Bart bat, ſ. Baͤrnng. ö "
8295,RAR-DE,357,67,"Frichahit, So groß. "
8296,RAR-DE,357,67,Dieſer dieſes. 
8299,RAR-DE,357,67,ſchloſſen. 1 
8300,RAR-DE,357,67,F. 
8303,RAR-DE,357,67,"Dieg iſt der zwey SBuchſabe, "
8304,RAR-DE,357,67,den die Tarahumaren in ih⸗ 
8305,RAR-DE,357,67,"rer Sprache nicht haben, "
8306,RAR-DE,357,67,und den ſie nicht einmal 
8307,RAR-DE,357,67,ansſpreechen koͤnnen. s“ die 
8308,RAR-DE,357,67,Vorrede. | } 
8311,RAR-DE,357,67,+ 
8312,RAR-DE,357,67,"Ga, Gut, wohl. "
8313,RAR-DE,357,67,"Gable, Lieben. | "
8314,RAR-DE,357,67,"Gala, Gut. \ "
8315,RAR-DE,357,67,"Galabé, Beſſer, ſ. batlabs⸗ 5 "
8316,RAR-DE,357,67,"Gala la imege, Eo gut, daß "
8319,RAR-DE,357,67,ev bvicht befler ſeyn kann. 
8320,RAR-DE,357,67,"Galändria, l. Vogel. "
8323,RAR-DE,357,67,"Gang, "
8326,RAR-DE,357,67,Woͤrterbuch. 
8329,RAR-DE,357,67,"Cane, Recht gut. "
8331,RAR-DE,357,67,"Ganeba, Es iſt ſchon gut. "
8333,RAR-DE,357,67,"Ganeliameke, Der geſund iſt, "
8334,RAR-DE,357,67,dem es gut gent. 
8336,RAR-DE,357,67,"Ganileliki, Glückſeligkeit. "
8338,RAR-DE,357,67,"Ganileruje, Gluckſelig machen. "
8340,RAR-DE,357,67,"Ganilile, Geſund, wohlauf ſeyn. "
8342,RAR-DE,357,67,"Caſſinf, oder re, Zer⸗ "
8343,RAR-DE,357,67,brechen. 
8345,RAR-DE,357,67,Gaſſiuiki. Huſten. 1 
8347,RAR-DE,357,67,"N Zerbrochenes, "
8349,RAR-DE,357,67,cherben. 
8351,RAR-DE,357,67,"Gef, Brennſchwamm. { "
8353,RAR-DE,357,67,"Gatiki, oder gatiki, Wohnen, "
8354,RAR-DE,357,67,"ſich wo befinden, ſeyn, ſ. "
8357,RAR-DE,357,67,Seyn. n 
8358,RAR-DE,357,67,"60 iſt eine Zuſatzſylbe, welche "
8360,RAR-DE,357,67,der Bedeutung einen Nach 
8361,RAR-DE,357,67,"druck giebt, ſ. co. "
8363,RAR-DE,357,67,"Gua, Schilf, Rohr. "
8364,RAR-DE,357,67,"Guaca, Pfeil, . Pfeil. "
8365,RAR-DE,357,67,"Guagua, S Schlingen, ſchlucken. "
8366,RAR-DE,357,67,"Guaugue, Adler, ſ. Adler. "
8367,RAR-DE,357,67,"Guaugueke, gebratenes Fleiſch. "
8368,RAR-DE,357,67,"Guski, Sich ſchneiden. "
8369,RAR-DE,357,67,"Güskinä, Naͤher, beſſer her. "
8370,RAR-DE,357,67,"Guala, Dahn. „ "
8371,RAR-DE,357,67,"Guale , Aber. 1 "
8372,RAR-DE,357,67,"Gualeke, Vielleicht, Etwan. "
8374,RAR-DE,357,67,"Gualineke, Hurtig, ſchneller "
8375,RAR-DE,357,67,Laufer 
8376,RAR-DE,357,67,"SGuami, Dort, weit, ſ. Weit. "
8377,RAR-DE,357,67,"Guaminä , Weiter fort. "
8378,RAR-DE,357,67,"Guanaà, Von hier, von dannen. "
8379,RAR-DE,357,67,"Guanogui, Wornefeen, "
8380,RAR-DE,357,67,"Gusrätlche, Eine lederne Fuß⸗ "
8382,RAR-DE,357,67,"foble, . Sohle. h "
8383,RAR-DE,357,67,"Gdalehind, ſ. Schlange. "
8384,RAR-DE,357,67,"e eee Rechts, rechter "
8385,RAR-DE,357,67,"Arm, rechte Hand. "
8386,RAR-DE,357,67,"Gusttchiki, ſ. Skorpion. i "
8387,RAR-DE,357,67,"‚Guatichö, Eine Be fpas "
8389,RAR-DE,357,67,niſch: Garsa. * 
8390,RAR-DE,357,67,"Gut, Ede "
8391,RAR-DE,357,67,"Guechpiruc, "
8393,RAR-DE,357,67,geiſſelt. 
8396,RAR-DE,357,67,"Gepeitſcht, ge⸗ "
8399,RAR-DE,357,67,357 
8402,RAR-DE,357,67,"Guechpiſòco, Peitſchen, geiffeln. "
8403,RAR-DE,357,67,"Guechtlasa , Nähnadel. "
8404,RAR-DE,357,67,"Guechtſchic, Auf der Erde, ſ. "
8405,RAR-DE,357,67,"Tichic, ng "
8406,RAR-DE,357,67,"Guechtsiki, Fallen. +4 "
8407,RAR-DE,357,67,"Gueke, Koth, veim, f. Leim. "
8408,RAR-DE,357,67,"Guelameke, altes Weib, "
8411,RAR-DE,357,67,ve 
8414,RAR-DE,357,67,"Gueld, Dick fett. ga "
8415,RAR-DE,357,67,"Gueleruje, Maͤſten, fimäflen. "
8416,RAR-DE,357,67,"Gueſd Groß, lang. Rn "
8419,RAR-DE,357,67,"Guelube, ‚Größer, länger. "
8421,RAR-DE,357,67,"Guenomeèatſi, Beezwerk, 7 "
8422,RAR-DE,357,67,grube. 
8424,RAR-DE,357,67,"Guenomi, f. Metall. "
8426,RAR-DE,357,67,"Gucrachpeco, 8 "
8428,RAR-DE,357,67,"Guechpimela oder guechpümels, "
8429,RAR-DE,357,67,Die Glocke laͤuten ſollen. 
8431,RAR-DE,357,67,"Gueſſa, Welmal, oft. "
8433,RAR-DE,357,67,"Gel Fuͤt wahr, f. fürwahr. "
8435,RAR-DE,357,67,"Guicara, Singen. "
8437,RAR-DE,357,67,"Guiki, Annehmen. "
8439,RAR-DE,357,67,"Guilma, Leibgürtel. "
8441,RAR-DE,357,67,"Guitlchiki, Leder. "
8443,RAR-DE,358,68,"Guitichila, Haut. ö "
8445,RAR-DE,358,68,"Guitldco, Hernach, mad "
8447,RAR-DE,358,68,"Guitlöna, die Waͤſche, waſchen. "
8449,RAR-DE,358,68,"Guolliguäa Ziegelerde, f "
8451,RAR-DE,358,68,. Mörtel. 
8454,RAR-DE,358,68,i H. ee 
8457,RAR-DE,358,68,"Ha, f Fragen. | "
8458,RAR-DE,358,68,"Haa, Laben. "
8459,RAR-DE,358,68,"Haagameke, Belebt. "
8460,RAR-DE,358,68,"Halaguala, das Leben, f. Seele. "
8461,RAR-DE,358,68,"Halesi, wilder Kuͤrbis. "
8462,RAR-DE,358,68,"Halelöatichic, oder Hei nl "
8463,RAR-DE,358,68,"iſt der Name eines Dorfes, "
8464,RAR-DE,358,68,en viel dergleichen Kürbiſſe 
8465,RAR-DE,358,68,wachſen. Lautet alſo zu Deusich 
8466,RAR-DE,358,68,faſt allo: Bü bisdorf. 
8467,RAR-DE,358,68,Schier alle? Neduktionedörfer 
8468,RAR-DE,358,68,haben ihre Bener nungen von 
8469,RAR-DE,358,68,"jenen Dingen, welche dorten "
8470,RAR-DE,358,68,"haufig ind, als: Tecavörat- "
8471,RAR-DE,358,68,"Ichic Kunofiein, wo diele "
8474,RAR-DE,358,68,ert 
8477,RAR-DE,358,68,run 
8480,RAR-DE,358,68,ee 
8483,RAR-DE,358,68,"2 e 8 Bi, RER * "
8486,RAR-DE,358,68,358 
8489,RAR-DE,358,68,kunde Steine find. Hotfchila- 
8490,RAR-DE,358,68,"tlchie, Beindorf, wo viele "
8491,RAR-DE,358,68,Gebeine gefunden werden. 
8492,RAR-DE,358,68,ſ. Stein. 
8493,RAR-DE,358,68,"Hali, oder hari. Oder. ß ali. "
8494,RAR-DE,358,68,"Halirue, Maulthiertreiber, k "
8495,RAR-DE,358,68,Ariéro. n 
8498,RAR-DE,358,68,a Vom Tode aufſte⸗ 
8501,RAR-DE,358,68,W 1 Tode er 
8502,RAR-DE,358,68,"wecken, ſ. ajöruje, "
8503,RAR-DE,358,68,HE f. Araca. 
8506,RAR-DE,358,68,"atichirevega, oder hatſchite Hi "
8509,RAR-DE,358,68,"ca, oder mapu revega, oder "
8510,RAR-DE,358,68,"mapü reca, Gleichtwie. "
8511,RAR-DE,358,68,H. ca u? Wenn? 
8512,RAR-DE,358,68,"Heicala, Luft. Wind. "
8513,RAR-DE,358,68,"Hena ibe, Da. Hier. "
8514,RAR-DE,358,68,"Hereguguf, Zufgmmenroften. "
8515,RAR-DE,358,68,Hia iſt ein Zwiſchenwort zur 
8516,RAR-DE,358,68,"Aufmunterung, Wohlan! "
8517,RAR-DE,358,68,"Friſch, hurtig! "
8518,RAR-DE,358,68,"Hiaga, anſtatt hiago, Mache "
8519,RAR-DE,358,68,"geſchwind, mache doch. "
8522,RAR-DE,358,68,"Hiäfi, vielfach, wacher hurtig. "
8525,RAR-DE,358,68,"Hipe, Itzt. "
8526,RAR-DE,358,68,"Hipeba, Heute. "
8527,RAR-DE,358,68,Ai Alſogleich. Von itzt 
8530,RAR-DE,358,68,e Deswegen. 
8532,RAR-DE,358,68,"Hipehoinela, Von heute, von "
8534,RAR-DE,358,68,nun an. 
8536,RAR-DE,358,68,"Hipela, ze gleich, dieſen Au⸗ "
8537,RAR-DE,358,68,genblick 
8539,RAR-DE,358,68,"Hoca, Oreſchen. "
8541,RAR-DE,358,68,"Hochcoco, ſ. Baum. "
8543,RAR-DE,358,68,"H0:o, Graben. er "
8545,RAR-DE,358,68,"Hogueräns, Links, linker Hand, "
8547,RAR-DE,358,68,linker Arm. 
8549,RAR-DE,358,68,"Hoguila, Maͤnuchen. Wird "
8551,RAR-DE,358,68,"den Namen der Thiere bey, "
8552,RAR-DE,358,68,"geſetzt, um das maͤnnliche "
8555,RAR-DE,358,68,"Geſchlecht anzudeuten, als: "
8558,RAR-DE,358,68,"Cambalätlchi hogpila,. ein "
8559,RAR-DE,358,68,Ziegenbock. Pouguäca ho- 
8560,RAR-DE,358,68,"guila, Hammel. "
8563,RAR-DE,358,68,er 
8566,RAR-DE,358,68,Tarahumariſch⸗Deutſches 
8569,RAR-DE,358,68,"Hoje, Fortſchreiten, W "
8571,RAR-DE,359,69,Holog ‚ Mifchen. Umruͤhren. 
8573,RAR-DE,359,69,Ra Eine Grube wachen 
8574,RAR-DE,359,69,n. 
8577,RAR-DE,359,69,. Salz. 
8580,RAR-DE,359,69,"ö Hoflele, Schreiben, "
8583,RAR-DE,359,69,"Hoſſeliki, Pappier. Buch a 7c. "
8584,RAR-DE,359,69,ſ. Pappier. 
8586,RAR-DE,359,69,"Hotfchila, Hein. "
8588,RAR-DE,359,69,"7 ""Hohl, Leer. Ausge⸗ "
8589,RAR-DE,359,69,höbiet 
8592,RAR-DE,359,69,"Hougui, Dänen, 1 hoguila, "
8595,RAR-DE,359,69,"u, g. 82 "
8596,RAR-DE,359,69,"Hula, Schicken, ſenden. "
8597,RAR-DE,359,69,"Hüli, , Ja. "
8600,RAR-DE,359,69,"Huli, Ein anderer anderes. "
8602,RAR-DE,359,69,"Hulugu!, Eidechs. "
8604,RAR-DE,359,69,"Huma, Laufen, fliehen, ſi ich "
8605,RAR-DE,359,69,flüchten 
8607,RAR-DE,359,69,"Humeameke, Blächtling, Ue⸗ "
8608,RAR-DE,359,69,berlaͤufer. 
8611,RAR-DE,359,69,"Hune, 05 \ "
8614,RAR-DE,359,69,"Hürfine, "
8617,RAR-DE,359,69,ſ. Ja. 
8618,RAR-DE,359,69,. 
8619,RAR-DE,359,69,"Vine, Raſe, auch b hans | "
8622,RAR-DE,359,69,"pl, Sitzen. "
8624,RAR-DE,359,69,"Jaſlala, Sitz, Stuhl, Baul. "
8625,RAR-DE,359,69,"augui, Tanzen, ſ. Tanzen. "
8627,RAR-DE,359,69,"Jaugulla, Tanz. a "
8629,RAR-DE,359,69,"Abe, Da. Hier. Zugegen. "
8631,RAR-DE,359,69,"Ibe hainela, Von hier bis dort⸗ "
8632,RAR-DE,359,69,hin. * 
8634,RAR-DE,359,69,"Iché, Dieſer. "
8636,RAR-DE,359,69,"ichépuna, Eben dieſer, dieses "
8638,RAR-DE,359,69,"Icheraje, deſſentwegen „ hujus "
8640,RAR-DE,359,69,"> gaufa, \ "
8642,RAR-DE,359,69,"Ichetie, Nut dieſer, dieſes. "
8644,RAR-DE,359,69,"Igöbe, wird öfters gebraucht, "
8645,RAR-DE,359,69,die zweyte Vergleichungeſtaf 
8646,RAR-DE,359,69,fel anzudeuten. 
8648,RAR-DE,359,69,"Igotſela, Dieſer ſelbſt. "
8650,RAR-DE,359,69,"Jeje, Mut ter. "
8652,RAR-DE,359,69,"Jeiega, Zügen, Ä "
8655,RAR-DE,359,69,"Dr ga, "
8658,RAR-DE,359,69,| Wörterbuch. 
8661,RAR-DE,359,69,jr Det 
8662,RAR-DE,359,69,"ejela, ſ. Mutter. | "
8663,RAR-DE,359,69,derts Es ereignet ſich. Es s ge. 
8664,RAR-DE,359,69,Ja Wollen. 
8666,RAR-DE,359,69,"elairki > Mille, r "
8667,RAR-DE,359,69,Jerubu ? Welcher? as für 
8670,RAR-DE,359,69,einer? 
8672,RAR-DE,359,69,"1801lela, Eben dieſer. 5 "
8674,RAR-DE,359,69,"Igud, Unterfuchen. "
8675,RAR-DE,359,69,hen 
8677,RAR-DE,359,69,"Izue, Sehr. "
8679,RAR-DE,359,69,"Igucameke, Ein Starker, der "
8680,RAR-DE,359,69,Krafte hat. f 
8682,RAR-DE,359,69,"Igucleke, Schmeer. "
8684,RAR-DE,359,69,"Igueruje, Feſt machen. Berfe "
8685,RAR-DE,359,69,"ſtigen. ſ. ajöruje, "
8687,RAR-DE,359,69,"Eki, Beißen. "
8689,RAR-DE,359,69,"Ikitsiki, Haffen, Verabſcheuen. "
8691,RAR-DE,359,69,"Amari, Eine Art zu tanzen. "
8693,RAR-DE,359,69,"Inoitſa, Arbeiten. "
8695,RAR-DE,359,69,"Inoitſamela, Man ſoll, oder "
8696,RAR-DE,359,69,muß arbeiten. 5 
8698,RAR-DE,359,69,"Inoitlanali, Arheit. "
8700,RAR-DE,359,69,"Jola, Machen. Thun. "
8702,RAR-DE,359,69,"Joie Der etwas macht, "
8705,RAR-DE,359,69,thut 
8706,RAR-DE,359,69,"jolarupa, Es iſt ſchon gethan, "
8709,RAR-DE,359,69,gemacht. 
8710,RAR-DE,359,69,"Jomribi, Feſttag, Fepertag. "
8713,RAR-DE,359,69,"ee Verlangen, Begierde "
8716,RAR-DE,359,69,haben. Nach elwas trach⸗ 
8717,RAR-DE,359,69,"ten, 85 * "
8718,RAR-DE,359,69,e Knieen. 
8721,RAR-DE,359,69,"* Stehlen. Euiftem, "
8724,RAR-DE,359,69,"Iefehiguäjamekey Dieb, "
8725,RAR-DE,359,69,"-Itichina, Verbergen. "
8726,RAR-DE,359,69,"Jaàjega, Mitſammen. Zugleich. "
8727,RAR-DE,359,69,"Jukf, Donnerſcvlag. . "
8728,RAR-DE,359,69,"Jus, Es regnet. "
8730,RAR-DE,359,69,"Jumä, oder Jom, Alles. "
8731,RAR-DE,359,69,"umabon, Uebetwinden. Be. "
8732,RAR-DE,359,69,"ſiegen., "
8734,RAR-DE,359,69,"‚Jummagua, Faſten. "
8736,RAR-DE,359,69,"Jumagaliki, Faſctag. "
8739,RAR-DE,360,70,Nachfor · 
8742,RAR-DE,360,70,"Jumajumajameke, Allmaͤchtig. "
8743,RAR-DE,360,70,"Juma guersi gatigameke, All⸗ "
8744,RAR-DE,360,70,gegenwaͤrtig. 
8745,RAR-DE,360,70,"Jumänamatiehigameke , Alwiſ⸗ "
8746,RAR-DE,360,70,ſend. Allſehend. 
8747,RAR-DE,360,70,"Jumarùgameke, Vollkommen. "
8748,RAR-DE,360,70,"Ganz, Unverletzt. A "
8751,RAR-DE,360,70,"Ka, Bisweilen, auch ga, Koͤn⸗ "
8752,RAR-DE,360,70,"nen, z. B. Ké nè ga, id) kann "
8753,RAR-DE,360,70,"nicht. Kekà, Es kann nicht "
8754,RAR-DE,360,70,"ſehn, es geht nicht. "
8756,RAR-DE,360,70,"Kachelä, Rinde, Schaale. 1 "
8758,RAR-DE,360,70,"Kacäc, . Schuh. g "
8760,RAR-DE,360,70,Kachkä. Es iſt ſuͤß. * 
8762,RAR-DE,360,70,"Kachkagameke, Süß. : "
8764,RAR-DE,360,70,"Rake, Hören. _ "
8766,RAR-DE,360,70,"Kambalätichi „oder ""G ann "
8767,RAR-DE,360,70,"lätlchi, Bock. "
8769,RAR-DE,360,70,Nes Ey. 
8771,RAR-DE,360,70,85 . Nein. 
8773,RAR-DE,360,70,256 Nein. 
8775,RAR-DE,360,70,"Keke, ſ. Nein. "
8777,RAR-DE,360,70,"Keliki, Sachte. Langſam. "
8779,RAR-DE,360,70,. ſ. Decke i 
8781,RAR-DE,360,70,N Weben. f 
8783,RAR-DE,360,70,"ne gi, Ich kann nicht. "
8785,RAR-DE,360,70,Peu Es a 13 
8787,RAR-DE,360,70,"Kepaliki, Schuke. "
8789,RAR-DE,360,70,"Kepuna, Jenes. * "
8791,RAR-DE,360,70,"Keta, oder Kecota.] f. Nein. "
8793,RAR-DE,360,70,"Katlö, Noch nicht. f "
8795,RAR-DE,360,70,"Khura, Klein. "
8797,RAR-DE,360,70,"Khutabè, Kleiner. "
8798,RAR-DE,360,70,"Khuragala, Obſt. 5 "
8799,RAR-DE,360,70,"Khurala, Hals. . "
8801,RAR-DE,360,70,"Kia, Geben. 19 5 "
8803,RAR-DE,360,70,"Kia, Sonſt. "
8805,RAR-DE,360,70,"Riaca, Vor Zeiten. Laͤngſt. Je⸗ "
8808,RAR-DE,360,70,mals. 
8809,RAR-DE,360,70,"Kibelaguitaje, Datum, De "
8810,RAR-DE,360,70,wegen. i 
8811,RAR-DE,360,70,"Kılivaca, ſ. Kraut. "
8812,RAR-DE,360,70,"Kimacock, Neune. "
8815,RAR-DE,360,70,NZ 
8818,RAR-DE,360,70,Kima - 
8821,RAR-DE,360,70,| 6 
8822,RAR-DE,360,70,360 Tarahumariſch⸗Deutſches 
8823,RAR-DE,360,70,"Kimacöeffa, Neunmal. , Mahagua, Fürchten. 4 "
8824,RAR-DE,360,70,"Kin, oder yakina, Daher. Mahaguiki, Furcht. "
8825,RAR-DE,360,70,"Kinabe, Näber daher. Mahajameke, Furchtſam. "
8826,RAR-DE,360,70,"Kioliki, Gekochte duͤnne Sup⸗ Maharuje, Schrecken. Furcht "
8827,RAR-DE,360,70,pe von kürkiſchem Welzeg: ſam machen. 
8828,RAR-DE,360,70,"gries. Maje, Urtbeilen, : Meynen. "
8829,RAR-DE,360,70,"Ki: te q oo, Sieben. i 2 halten. A "
8830,RAR-DE,360,70,"Kittaöffa, GSiebenmal, 'Maitfäea , Mond, "
8831,RAR-DE,360,70,"Kit õpi, Umionſt Makürſchiguala, Finger. "
8832,RAR-DE,360,70,"Rue pa Wer denn? Wer iſt Malacäte, Spindel. "
8833,RAR-DE,360,70,"e852 Malagala, Degen. Schwert. "
8834,RAR-DE,360,70,"Kut pula? Velten? Malala, Tochter. "
8835,RAR-DE,360,70,"Kurpütfela, oder Kepütfchela. Malt, oder malikij, fünf. "
8836,RAR-DE,360,70,"Ich weiß es nicht. Mamatsiki, Beten. "
8837,RAR-DE,360,70,"Kubiruſi, oder e fe Mamei, Iſt eine lehr koſtliche "
8838,RAR-DE,360,70,Gries. Frucht in der Große einer 
8839,RAR-DE,360,70,"Kuku, Brennholz. fleinen Melone, und hat ei⸗ "
8840,RAR-DE,360,70,"Ana ne der Fichtenrinde ähnliche, "
8841,RAR-DE,360,70,12 nicht gar dicke Schaale. In⸗ 
8842,RAR-DE,360,70,f 95 wendlg iſt ein karmoſiaro⸗ 
8843,RAR-DE,360,70,"La, Dahiu. en i khes zartes Fleiſch, welches "
8844,RAR-DE,360,70,"Laca Blut, ſ. Eläca, mit einem Loͤffel, wie But⸗ "
8845,RAR-DE,360,70,"Lala, = ziemlich. ter aus einem Gefäße her⸗ "
8846,RAR-DE,360,70,"Lavaca, f. Becher. ausgenommen wird, auch "
8847,RAR-DE,360,70,"Leisı, Ermatten, müde wer⸗ füß, lind und gar fehr 2% "
8848,RAR-DE,360,70,den. ſchmackvoll zu eſſen iſt. In 
8849,RAR-DE,360,70,"Le'siameke, Muͤde, matt. der Mitte liegt ein großer, "
8850,RAR-DE,360,70,"Lelsſbs, Er wird ſchon matt. faſt eben ſo langer und di⸗ "
8853,RAR-DE,360,70,"Leſsi im, Es, oder er verliert cker Kern, der ſehr hart iſt. "
8854,RAR-DE,360,70,"die 1 1 Von dem Bey Mani, der Ort, wo eine runs A "
8857,RAR-DE,360,70,"_ faße fimd, ſ. lernen. tigkeit iſt. Sumpf, "
8859,RAR-DE,360,70,"Lo ui Raſen, Wüthen. Mauifücu, Ziehen, Anziehen. "
8861,RAR-DE,360,70,"Loguismeke, Raſend. Mnfine Mapü , Gleichwie. Wird auch "
8863,RAR-DE,360,70,nig. für wo als das Nebenwort 
8865,RAR-DE,360,70,"L e, S oe e. "
8866,RAR-DE,360,70,"a „ B. map edro bechtek, "
8868,RAR-DE,360,70,"Lhinisi: ig Es wird weich, wo der Peter iſt/ wohnet, > "
8870,RAR-DE,360,70,". ſ. Loͤffel, ſein Haus hat. 5 "
8871,RAR-DE,360,70,"ö a j Mopuguntaje, Dieweil. N "
8873,RAR-DE,360,70,"M. Map rec, Gleichwie. Sowie, "
8874,RAR-DE,360,70,"5 k . Mapü rerega, Gleichwie. "
8876,RAR-DE,360,70,"; Mes, ele : Maraıf, Zwillinge. neh "
8877,RAR-DE,360,70,"Maga, Laufend. Im kaufen. Malchaco Feder. 5 "
8878,RAR-DE,360,70,"Msvali ſ. Leopard, Masifh, Hobeln. Glatt ma- "
8880,RAR-DE,360,70,aha a Bu henn J 
8881,RAR-DE,360,70,Ma „ kaufen. e e 
8882,RAR-DE,360,70,u * 5 
8883,RAR-DE,360,70,N 
8886,RAR-DE,360,70,8 A 
8887,RAR-DE,360,70,2 
8890,RAR-DE,360,70,Woͤrterbuch. 
8893,RAR-DE,360,70,"Maflisipos, e. muß gehobelt "
8894,RAR-DE,360,70,"""werden, "
8896,RAR-DE,360,70,"Mataca, elbfein, f. Reibſtein, "
8897,RAR-DE,360,70,"Brod, Gries. "
8899,RAR-DE,360,70,"Matſchi, Draußen. ’ "
8901,RAR-DE,361,71,"Matſchi, als ein Zeitwort: wiſ⸗ "
8903,RAR-DE,361,71,"ſen ſehen, erfahren, und der "
8906,RAR-DE,361,71,gleichen Bedeutungen mehr; 
8909,RAR-DE,361,71,"als: tane mopichf, ich ſehe, "
8910,RAR-DE,361,71,oder ich weiß es nicht. Ma» 
8911,RAR-DE,361,71,"tfchijena, es keimt, koͤmmt "
8912,RAR-DE,361,71,"hervor, waͤchſt. "
8914,RAR-DE,361,71,"wee Heraus jagen, wer: "
8916,RAR-DE,361,71,* N. 4 
8918,RAR-DE,361,71,"Matfchifimi , Lernen, ſ. Lernen. "
8920,RAR-DE,361,71,"Mea, Toͤdten. Umbringen. "
8922,RAR-DE,361,71,Mechcea. Weit entlegen. 
8925,RAR-DE,361,71,Weit 
8926,RAR-DE,361,71,"ae ""eine gewiſſe Pflanze. ſ. "
8927,RAR-DE,361,71,"| ela, Sollen. Müſſen . "
8930,RAR-DE,361,71,armela. 
8931,RAR-DE,361,71,"Melirügameße,; Geſchlachtet. "
8932,RAR-DE,361,71,e Es iſt Aale ge⸗ 
8933,RAR-DE,361,71,"ter, "
8934,RAR-DE,361,71,1 Ne en 
8936,RAR-DE,361,71,"„ NE Eat, "
8937,RAR-DE,361,71,vn An n 
8938,RAR-DE,361,71,"Möla, Oben. Ueber, Darüber "
8940,RAR-DE,361,71,Mehr. ; 
8941,RAR-DE,361,71,"Mole, Weihrauch, "
8942,RAR-DE,361,71,"Moleke, Weihrauch. "
8943,RAR-DE,361,71,"Moble, Haupt, Kopf. "
8944,RAR-DE,361,71,"Noorapera, Todienkopf, "
8945,RAR-DE,361,71,"Motladca, Ameiſe. 5 "
8946,RAR-DE,361,71,"Mötichi, Wohnen, "
8947,RAR-DE,361,71,"Mü, 2 Du U. T. "
8948,RAR-DE,361,71,"Muhe, muheli, Du. "
8949,RAR-DE,361,71,"Muja, Schimme ln, Faulen. "
8950,RAR-DE,361,71,"Mujaba, Es ſchimmelt, faule "
8952,RAR-DE,361,71,ſchon. # 
8954,RAR-DE,361,71,"uaca, det Hintere. "
8956,RAR-DE,361,71,"Nash, Sen e & "
8957,RAR-DE,361,71,| Fault. 8 
8958,RAR-DE,361,71,"Ma i, Weibsd ild. "
8961,RAR-DE,361,71,eh 
8964,RAR-DE,361,71,iR 
8967,RAR-DE,361,71,2 — 
8968,RAR-DE,361,71,— 
8971,RAR-DE,361,71,"| Muliki, "
8974,RAR-DE,361,71,r 
8975,RAR-DE,361,71,r 
8978,RAR-DE,361,71,\ 361 
8981,RAR-DE,361,71,"Muki, 0 N 1. Jungfrau. "
8982,RAR-DE,361,71,Lediges Weibsbild. 
8984,RAR-DE,361,71,"Mukiameke, oder beſſer upia- "
8985,RAR-DE,361,71,"meke. Ein, verheuratheter "
8987,RAR-DE,361,71,"| ann, 5 "
8989,RAR-DE,361,71,"Mukiki, Tod. "
8991,RAR-DE,361,71,"Mukiiati, Sterblich. Berge "
8992,RAR-DE,361,71,"lich, ſ. ſterblich. "
8994,RAR-DE,361,71,"Mukiistiameke, Sberblich. "
8995,RAR-DE,361,71,Vergänglich. 
8997,RAR-DE,361,71,"Mukuameke, Todt, Berflors "
8998,RAR-DE,361,71,"ben, et "
9000,RAR-DE,361,71,"Muküku, Sterben. "
9002,RAR-DE,361,71,"Mukur&jamek 8, Der ſchon ſtet⸗ "
9003,RAR-DE,361,71,"ben ſollte, zum Sterben war. "
9005,RAR-DE,361,71,"Stempel, Stoͤßel; "
9007,RAR-DE,361,71,"Mumugi, Weiber. Die viels "
9008,RAR-DE,361,71,fache Zahl wird gemetuiglich 
9009,RAR-DE,361,71,mit Verdopplung der: erſten 
9010,RAR-DE,361,71,Syibe gemacht. 3. B. te⸗ 
9011,RAR-DE,361,71,"pigaca, das Meſſek, tetepi- "
9012,RAR-DE,361,71,"gaca, die Meſſer. "
9014,RAR-DE,361,71,"Menſch, tetehoje, oder te: "
9016,RAR-DE,361,71,"f rehöje, Menſchen. "
9018,RAR-DE,361,71,"Nut, ſ. Huͤlſenfrucht. "
9020,RAR-DE,361,71,"Mäürs, Mauithier. "
9022,RAR-DE,361,71,"Müla, oder mila, Katze. "
9024,RAR-DE,361,71,"Eine Gattung Fiſche, "
9027,RAR-DE,361,71,Muri. Ä 
9028,RAR-DE,362,72,wie die Schleſhen. Dieſer 
9029,RAR-DE,362,72,"Sich hat; keine Schuppen, "
9032,RAR-DE,362,72,und iſt ſeht fhmadhaft. Die 
9033,RAR-DE,362,72,"nicht über eine Elle lang find, "
9034,RAR-DE,362,72,"werden mitten aufgemacht, "
9035,RAR-DE,362,72,"aber nicht ganz getheilet, "
9036,RAR-DE,362,72,"ausgeweidet, "
9037,RAR-DE,362,72,"au der Luft gedoͤrret, "
9038,RAR-DE,362,72,auch durch ein ganzes Jahr 
9039,RAR-DE,362,72,an einem trocknem Orte auf⸗ 
9040,RAR-DE,362,72,behalten. a | 
9043,RAR-DE,362,72,"Muticha, Schweigen. "
9046,RAR-DE,362,72,"Nachedla, Ohr. Gebe. | "
9047,RAR-DE,362,72,"""Nicheg: ule, Gehoͤrlos, Taub. "
9048,RAR-DE,362,72,"N Nachki, 2 "
9051,RAR-DE,362,72,Wollen. 
9052,RAR-DE,362,72,Nach- 
9055,RAR-DE,362,72,7 
9058,RAR-DE,362,72,8 
9059,RAR-DE,362,72,"rn N ®, "
9062,RAR-DE,362,72,EEE RE 
9065,RAR-DE,362,72,RL FEN LEE 
9068,RAR-DE,362,72,"Tehéje, "
9071,RAR-DE,362,72,"‚einzejuljen, ; "
9072,RAR-DE,362,72,und 
9075,RAR-DE,362,72,TER SEE 225 2 N 
9078,RAR-DE,362,72,362 
9081,RAR-DE,362,72,"Nachkibt, Stoßen. "
9082,RAR-DE,362,72,""" Nichpigua, Jaͤten. "
9085,RAR-DE,362,72,"Nachpigualeke, Haue. Grab; "
9086,RAR-DE,362,72,ſcheit. 8 
9087,RAR-DE,362,72,"Nachpiguamela, Man fol, "
9089,RAR-DE,362,72,muß jäten. 
9091,RAR-DE,362,72,"Nachpiföco, Aſche, Staub. "
9092,RAR-DE,362,72,"Nechieiuje, Erwiedern, Ver⸗ "
9093,RAR-DE,362,72,gelten. Belohnen. ar 
9094,RAR-DE,362,72,"Nacuguita „Gruͤgen, ſ. Gruͤßen. "
9095,RAR-DE,362,72,"Nagétſe, Umſoaſt. Vergebens. "
9097,RAR-DE,362,72,"Nagua, Kommen. "
9098,RAR-DE,362,72,"Naguabahı, Sich voll trinken. "
9101,RAR-DE,362,72,"Nag ueſſa, Verkündigen, an⸗ "
9102,RAR-DE,362,72,"deuten, predigen. "
9105,RAR-DE,362,72,"Nalifrape, Ringen. Kaͤmpfen. "
9106,RAR-DE,362,72,rn Aus lo chen. Aus⸗ 
9107,RAR-DE,362,72,reichen. Verwiſchen. 
9110,RAR-DE,362,72,"Nahéta, Nachfolgen. Nachge⸗ "
9113,RAR-DE,362,72,hen 
9114,RAR-DE,362,72,"ö ns, Laͤngſt. Sonſt. "
9115,RAR-DE,362,72,"Najafi, Gar ſehr lang. "
9116,RAR-DE,362,72,"Nag E, Anzünden. Feuer ma⸗ "
9117,RAR-DE,362,72,chen. 
9118,RAR-DE,362,72,"Näiruc, Es iſt angezündet. "
9119,RAR-DE,362,72,"Najujameke, Ein Kranfer. "
9120,RAR-DE,362,72,"Nejulũ, Krank ſehn. "
9121,RAR-DE,362,72,"N.kCijs, Streiten. "
9122,RAR-DE,362,72,Raufen. 
9123,RAR-DE,362,72,". Nalsga, Weinen, "
9124,RAR-DE,362,72,"- Nalagui, Heulen. Kirren, "
9125,RAR-DE,362,72,"Niligoli, Wolf, ſ. Wolf. "
9126,RAR-DE,362,72,"Naligue, Haben, beiten, "
9127,RAR-DE,362,72,"Nonäca, Von beyden Seiten. "
9128,RAR-DE,362,72,"Nansgua, Meſſen. "
9129,RAR-DE,362,72,Na Cache. Ding. 
9130,RAR-DE,362,72,"Napa, Beyſammen. Miteinan⸗ "
9131,RAR-DE,362,72,der. 
9132,RAR-DE,362,72,"N;pabü, Sammeln, anhäufen. "
9133,RAR-DE,362,72,"N p ‚bümela, Man in, oder "
9134,RAR-DE,362,72,"muß sammeln, "
9137,RAR-DE,362,72,Kriegen. 
9140,RAR-DE,362,72,"Napei, Nebetzeinander. "
9142,RAR-DE,362,72,"| N:peameke, Zuſammengekop⸗ "
9143,RAR-DE,362,72,p 
9145,RAR-DE,362,72,"Na us, Seis,eilen, Ent; "
9148,RAR-DE,362,72,zwe 120 
9151,RAR-DE,362,72,I * 
9154,RAR-DE,362,72,orapumarif- Deutſches 
9157,RAR-DE,362,72,"Näruje, Fragen. e le "
9158,RAR-DE,362,72,"Nafsihule, Binde. Gürtlein. N "
9159,RAR-DE,362,72,"Naisila, Scheere. Lichtputze. "
9162,RAR-DE,362,72,Zange. 
9163,RAR-DE,362,72,"Nalsinae, Trag ſeyn. Faulen⸗ "
9164,RAR-DE,362,72,! zen. — 
9165,RAR-DE,362,72,"Natsinsja, Faulenzend, Im "
9168,RAR-DE,362,72,Faulenzen begriffen ſeyn. 
9169,RAR-DE,362,72,"rt Hüfte, der denn "
9172,RAR-DE,362,72,heil. 
9173,RAR-DE,362,72,"Nalsipaſic, In = Mitte. "
9176,RAR-DE,362,72,"Nategul, Lohn. Vergeltung. "
9177,RAR-DE,362,72,"Natépa, Finden. "
9178,RAR-DE,362,72,"Natutuje, beſſer nachtütuje, "
9181,RAR-DE,362,72,Belohnen. Vergelten. a 
9182,RAR-DE,362,72,"Naguöco, Vier. "
9183,RAR-DE,362,72,"Navönje, Dierter. "
9185,RAR-DE,362,72,"Nsguölla, Viermal. "
9187,RAR-DE,362,72,"Naguofläni, Vierter. "
9189,RAR-DE,362,72,"Natlümela, Dertheilen,. "
9191,RAR-DE,362,72,"Ne, Ich. Nehe, negötle, ne- "
9193,RAR-DE,362,72,"; mezötle, ucheli, alles heiße "
9194,RAR-DE,362,72,Ich. 1 
9197,RAR-DE,362,72,J. 
9198,RAR-DE,362,72,"Neguale, Sich erinnern, "
9201,RAR-DE,362,72,Wel nerd Antworten. 
9204,RAR-DE,362,72,"Neheje, Nachfolgen, "
9206,RAR-DE,362,72,"Nemfki, Sich rächen. "
9208,RAR-DE,363,73,"Nené, Sehen. Schauen. "
9210,RAR-DE,363,73,"Nec Reden, Sprechen. "
9211,RAR-DE,363,73,"ga, Im 2 eden. a \ "
9213,RAR-DE,363,73,"Ri Wort, Rede. ER. "
9215,RAR-DE,363,73,"Neſiè, Bewahren. Huͤten. "
9217,RAR-DE,363,73,"Nefleameke, ‚Hüter. "
9219,RAR-DE,363,73,"Netejameke, S doͤpfer. "
9221,RAR-DE,363,73,"Netichi, Mir. "
9223,RAR-DE,363,73,"Netichitje, Meinetiwegen. | "
9225,RAR-DE,363,73,"Nini, Fleece gen. "
9227,RAR-DE,363,73,"Noine, Ehren, verehren. "
9229,RAR-DE,363,73,"Nojtſa, Arbeiten. RER "
9231,RAR-DE,363,73,"Norttfämcla ; Man. sol, * muß "
9233,RAR-DE,363,73,arbeiten. 
9235,RAR-DE,363,73,"Noitianalı , Arbeit. "
9237,RAR-DE,363,73,"Noki, Bewegen. . 5 "
9239,RAR-DE,363,73,"Nola, en "
9241,RAR-DE,363,73,"Nolé, Es überzieht ſich, wird "
9244,RAR-DE,363,73,"trüb, e "
9247,RAR-DE,363,73,{ Wörterbuch. 
9250,RAR-DE,363,73,"Noliki, Nebel, Dunſt. "
9252,RAR-DE,363,73,"Nolire , Umgehen, Einen Um: "
9253,RAR-DE,363,73,gang machen. 
9255,RAR-DE,363,73,"Noliruje, Herumdrehen. "
9257,RAR-DE,363,73,"Nond, Vater, ſ. Vater. Feige. "
9259,RAR-DE,363,73,"Nothépa, Kuͤſſen. "
9261,RAR-DE,363,73,"Notla, Anrühren. a "
9263,RAR-DE,363,73,"Nula, Befehlen. Gebieten. "
9265,RAR-DE,363,73,"Nulalilla, Befehl. Gebot. "
9267,RAR-DE,363,73,"Nölirue, Was befohlen, ge⸗ "
9268,RAR-DE,363,73,boten iſt. 
9270,RAR-DE,363,73,"Numgala,; Nahrung. Lebens⸗ "
9271,RAR-DE,363,73,mittel. 
9273,RAR-DE,363,73,"Nutütuje, Ernähren. Derkör "
9274,RAR-DE,363,73,"fen, | "
9277,RAR-DE,363,73,O. 
9280,RAR-DE,363,73,"Oes, oder guoca, Zwey. "
9282,RAR-DE,363,73,"Ocanica, Beyde. "
9284,RAR-DE,363,73,"Ozud, Screihlic, iur Gefund "
9285,RAR-DE,363,73,heit dienlich. 
9287,RAR-DE,363,73,"Oguenmeke 50 Arzney. Huͤlfs, "
9289,RAR-DE,363,73,mittel. 
9291,RAR-DE,363,73,"Opirue, Schaden zufügen, f. "
9292,RAR-DE,363,73,Verhext. 
9294,RAR-DE,363,73,"Oſſa oder guoſſa, Zweymal. "
9296,RAR-DE,363,73,"Olfänica , Sven unde, an). f "
9298,RAR-DE,363,73,"Ofanavoje, Der zweyte. "
9300,RAR-DE,363,73,"Öffanagudco, Acht. "
9302,RAR-DE,363,73,Oſſanagudameke. Der Achte. 
9304,RAR-DE,363,73,"Ollanagusſſa, Achtmal. "
9307,RAR-DE,363,73,"Ötlherameke, Ein alter "
9308,RAR-DE,363,73,Mann. 4 
9309,RAR-DE,363,73,* 
9311,RAR-DE,363,73,"Pa, f. ba. "
9314,RAR-DE,363,73,Pas Focttragen. 2 
9316,RAR-DE,363,73,"Pabhi, Schoͤpfen. Baffr hie, "
9317,RAR-DE,363,73,hen. 
9319,RAR-DE,363,73,"Pabahitfchie, Gegend „ too es "
9320,RAR-DE,363,73,viel en giebt. 
9322,RAR-DE,363,73,"Päca, j, Gra "
9324,RAR-DE,363,73,"Pag 299, abrufen Taufen. "
9327,RAR-DE,363,73,—— 
9330,RAR-DE,363,73,BA» — — — N 
9331,RAR-DE,363,73,7 o — 
9332,RAR-DE,363,73,eu. c 
9335,RAR-DE,363,73,363 
9338,RAR-DE,363,73,"' Pagotügameke', Ein Getaufter. "
9339,RAR-DE,363,73,Ein Chriſt. Sie ſagen auch 
9340,RAR-DE,363,73,Ipagatägameke. 
9343,RAR-DE,363,73,"N Pahl, Trinken. "
9346,RAR-DE,363,73,"Pahila, Trunk. "
9348,RAR-DE,363,73,"Pali, Prieſter. "
9350,RAR-DE,363,73,"Pamagucameke, Scan "
9352,RAR-DE,363,73,"Pamivali, Jahre. "
9354,RAR-DE,363,73,"Pamivaliki, Jahr. "
9356,RAR-DE,363,73,"Para, Duͤrſten. "
9358,RAR-DE,363,73,"Faramugũ, Durfti leiden. Uf. "
9359,RAR-DE,363,73,Duͤrſten. 
9361,RAR-DE,363,73,"Parüigemeke, sg "
9363,RAR-DE,363,73,"Paſſatſchi, Fuchs. "
9366,RAR-DE,363,73,"Paſſonaca, Eute. "
9369,RAR-DE,363,73,"Pataliki, = Getraͤnk. "
9371,RAR-DE,363,73,"Patolle, ſ. Spiel. "
9373,RAR-DE,363,73,"Pauguera, Mit Farben wat "
9374,RAR-DE,363,73,en.. 
9376,RAR-DE,363,73,"psugui, Fluß. "
9378,RAR-DE,363,73,"Pauguiki, Waſſer. "
9380,RAR-DE,363,73,"Pauguila, Suppe. "
9382,RAR-DE,363,73,"Pauguö, Jenſeits des dluſſts. "
9383,RAR-DE,363,73,"pavole, Melken. "
9386,RAR-DE,363,73,"Pauvoliki, Abwaſchung, Taufe. "
9389,RAR-DE,364,74,"Peguä, Es iſt hart. "
9392,RAR-DE,364,74,"\ Peguameke, Hartes. 195661 "
9395,RAR-DE,364,74,"Peigte, fe Kraut. "
9397,RAR-DE,364,74,"Bemole, Nebel. Dunfk "
9398,RAR-DE,364,74,"Pemoliki, Rauch. "
9400,RAR-DE,364,74,"Peraca, Decke. Sattel. "
9402,RAR-DE,364,74,"Perg, Satteln 5 laufbreiten, de⸗ "
9405,RAR-DE,364,74,cken 
9406,RAR-DE,364,74,95 955 An der Luft N 
9407,RAR-DE,364,74,tes Fleiſch. 
9408,RAR-DE,364,74,tsiki Auskehren. 
9409,RAR-DE,364,74,1 Beſen. 
9410,RAR-DE,364,74,"Petsimele, Man ah, wage aus "
9411,RAR-DE,364,74,kehren. 
9412,RAR-DE,364,74,"Pigudes, Milch. "
9413,RAR-DE,364,74,a 
9414,RAR-DE,364,74,"Pigne lila, Bekenntniß. Beichte. "
9415,RAR-DE,364,74,"Pil 65 „Einer, eines. 1 "
9416,RAR-DE,364,74,"Pileke, Einer. "
9417,RAR-DE,364,74,"Pillla, Nuß einer. "
9418,RAR-DE,364,74,"Pildöe, "
9421,RAR-DE,364,74,a7 
9422,RAR-DE,364,74,— a N N 
9425,RAR-DE,364,74,Bekennen. Beichten. 
9428,RAR-DE,364,74,N 
9431,RAR-DE,364,74,N 
9434,RAR-DE,364,74,WERITAEIT II 
9437,RAR-DE,364,74,— zu; 
9440,RAR-DE,364,74,364 
9443,RAR-DE,364,74,"Pileöe, erdter. "
9444,RAR-DE,364,74,"Pepi, Ener allein. "
9445,RAR-DE,364,74,"Picp fo, Ganz allein. "
9446,RAR-DE,364,74,"Pin eipi, „Alem. "
9447,RAR-DE,364,74,"Pipi:e, Ein jeder, "
9448,RAR-DE,364,74,Piri? Was; n 
9449,RAR-DE,364,74,Pirico? Was denn? 
9450,RAR-DE,364,74,doch? . g. 
9451,RAR-DE,364,74,"Pileliga, Stiefvater. "
9452,RAR-DE,364,74,"Pirss aja, . Papageg. "
9453,RAR-DE,364,74,"Pitala, Eme sehr ſchmackhafte "
9454,RAR-DE,364,74,emeriiund®e Frucht. 
9455,RAR-DE,364,74,"Pitſcha, Verſchneiden, kaſtti⸗ "
9456,RAR-DE,364,74,cen. 
9457,RAR-DE,364,74,"Pitichabürsmeke, Verſchnitten. "
9458,RAR-DE,364,74,xapaun. 
9459,RAR-DE,364,74,"3 Wahrheit, Glau⸗ "
9462,RAR-DE,364,74,"Pitichigs, "
9463,RAR-DE,364,74,halten. 
9464,RAR-DE,364,74,"Poa, f. boa. "
9465,RAR-DE,364,74,"Pole, Bedecken. "
9466,RAR-DE,364,74,"Pöliruc, Es iſt bedeckt. "
9467,RAR-DE,364,74,"Poichi, An fuͤllen. "
9470,RAR-DE,364,74,"Glauben, für wahr "
9473,RAR-DE,364,74,7 
9476,RAR-DE,364,74,"Potichirue, Es iſt voll, ange⸗ N "
9479,RAR-DE,364,74,fuͤllt. 
9481,RAR-DE,364,74,"Porichirügameke, Schwanger. "
9482,RAR-DE,364,74,Traͤchtig. 
9484,RAR-DE,364,74,"Pod, det drittgebohrne Sohn. "
9486,RAR-DE,364,74,"Pouguäca, Schaar, amm, "
9487,RAR-DE,364,74,"Schoͤps. Das, Geſclecht "
9488,RAR-DE,364,74,"wird durch hogufla, Wann⸗ "
9489,RAR-DE,364,74,"chen, und muk ila Weibchen "
9490,RAR-DE,364,74,unter jchleden. 
9492,RAR-DE,364,74,"Pougos iki, Wolle. "
9494,RAR-DE,364,74,"Povese, Steig, gebahnter Weg. "
9496,RAR-DE,364,74,"Poviruc, Ein guter gebahnier "
9498,RAR-DE,364,74,Weg. 
9500,RAR-DE,364,74,"Pü, puhe, Sein, das zueignen "
9501,RAR-DE,364,74,de Fütwott. 
9503,RAR-DE,364,74,"Pugue, Warten. "
9505,RAR-DE,364,74,"Pujaniki, DAefn "
9507,RAR-DE,364,74,"Pulse, . Geicank. "
9509,RAR-DE,364,74,"Pu a, Bom Schlafe wecken. "
9511,RAR-DE,364,74,"Pu anıkı, Sechs. "
9513,RAR-DE,364,74,"Pulauilla, Sechsmal. "
9516,RAR-DE,364,74,"Putſche, "
9519,RAR-DE,364,74,Tarahumariſch⸗Deutſches 
9522,RAR-DE,364,74,"Pusi, Sehen. "
9524,RAR-DE,364,74,"Pusiki, Auge. "
9525,RAR-DE,364,74,"Puricha, Aufüllen. "
9526,RAR-DE,364,74,Blaſen. 
9527,RAR-DE,365,75,"Putichila „Bruſt, uber. "
9528,RAR-DE,365,75,"Putié, Auch. Und. Mit. "
9531,RAR-DE,365,75,Q. 
9533,RAR-DE,365,75,"Alle Woͤrter, die von dieſem "
9534,RAR-DE,365,75,Buchſtaben anfangen koͤnn⸗ 
9535,RAR-DE,365,75,"ten, habe ich unter das C, "
9536,RAR-DE,365,75,"G, oder K gebracht, weil "
9537,RAR-DE,365,75,ſie bey den Tarahumaren 
9538,RAR-DE,365,75,"ganz gleichgültig lauten, ſie "
9539,RAR-DE,365,75,aber keine Buchſtabenichrift 
9540,RAR-DE,365,75,"haben, aus weicher orthogtra⸗ "
9541,RAR-DE,365,75,phiſche Regeln genommen 
9542,RAR-DE,365,75,werden köſuen. ſ. die Vortede. 
9545,RAR-DE,365,75,R 
9547,RAR-DE,365,75,"Racha, Es iſt heiß, es brennt, "
9548,RAR-DE,365,75,"Kachabs, Es iſt ſchon * "
9549,RAR-DE,365,75,es brennt ſchon. 
9550,RAR-DE,365,75,"Rache, Es flammet. "
9551,RAR-DE,365,75,"Rachel, Leuchten. "
9552,RAR-DE,365,75,"Racheliki, richt. Kerze. "
9553,RAR-DE,365,75,"Rachö, fine wilde Gans. "
9554,RAR-DE,365,75,"Rachpe oder techpe, Wenig. "
9556,RAR-DE,365,75,Nicht viel. 
9557,RAR-DE,365,75,"Rachpebi, Gar wenig. "
9558,RAR-DE,365,75,"Kachtävarlaboa, Es ſoll, muß "
9560,RAR-DE,365,75,twaͤrmt werden. 
9562,RAR-DE,365,75,"Ramela, Zahn. "
9563,RAR-DE,365,75,"Ra:a, Sevanren, "
9564,RAR-DE,365,75,"Raje, oder taje, ſ. colaguitaje, "
9565,RAR-DE,365,75,"Raven, Geige, ſ. Geige. "
9566,RAR-DE,365,75,"Raugueliki, Mittag. "
9567,RAR-DE,365,75,"Raugui, Habicht. Raubvogel. "
9568,RAR-DE,365,75,"Rnsra, Es donnert. "
9569,RAR-DE,365,75,"Rheneke, Hagel "
9570,RAR-DE,365,75,"R-gua, Heiſſen. Namen haben. "
9571,RAR-DE,365,75,"Reguäle, Namen. "
9574,RAR-DE,365,75,Regué over aregus. Aufhören. 
9575,RAR-DE,365,75,Sehn laſſen. 
9578,RAR-DE,365,75,"Reg ui, "
9581,RAR-DE,365,75,Abſtegen. 
9584,RAR-DE,365,75,Wörterbuch. 11 
9587,RAR-DE,365,75,"15 gui, Hinauf; EUREN, "
9589,RAR-DE,365,75,"I. guigufki, Anhöhe. Huͤgel. "
9591,RAR-DE,365,75,"Reinkla, Zahn. 100 "
9593,RAR-DE,365,75,"Runana, Umgekehrt. "
9594,RAR-DE,365,75,"aba, Es blitzt. 5 "
9596,RAR-DE,365,75,"R. pagamelce, das Blitzen } "
9597,RAR-DE,365,75,"epagatigameke, oder repaga- "
9598,RAR-DE,365,75,"8 Der oben iſt, f. "
9600,RAR-DE,365,75,Gott. 
9602,RAR-DE,365,75,"R tegud, Sehen, Schauen. "
9604,RAR-DE,365,75,"Retéguala, Bm: "
9606,RAR-DE,365,75,"Rohäca, Eiche. "
9608,RAR-DE,365,75,"Rochco, Es iſt tief. "
9610,RAR-DE,365,75,"Roco, Es mangelt, gebt ab. "
9611,RAR-DE,365,75,"Rogui, Kaninchen. Koͤnigshaſe. "
9612,RAR-DE,365,75,"Ropa, Verlaſſen. a "
9614,RAR-DE,365,75,"Rofacsmeke, oder toſacameke "
9617,RAR-DE,365,75,Weiß. 
9618,RAR-DE,365,75,"Rlije, Sprechen. Reden. "
9619,RAR-DE,365,75,ve RER Aa: her. 
9622,RAR-DE,365,75,m N. 
9625,RAR-DE,365,75,"Sagte, Sand. "
9627,RAR-DE,365,75,"Saatèameke, Sandig. "
9629,RAR-DE,365,75,"Sacatsı, ſ. Kiſch. "
9631,RAR-DE,365,75,"Sirki, Wurm. "
9633,RAR-DE,365,75,"Sac Es iſt feucht, 5 ma. "
9636,RAR-DE,365,75,"Samiameke, Feucht. Naß. "
9637,RAR-DE,365,75,"Sapaca, INI eiſch. : "
9638,RAR-DE,365,75,"Sapala, Körper. Leib. "
9639,RAR-DE,365,75,"N Anfechter. Verſu, "
9642,RAR-DE,365,75,chen. 
9643,RAR-DE,365,75,Ge. Anfechten. Berfuchen. 
9644,RAR-DE,365,75,Sauguera eichen. 
9645,RAR-DE,365,75,"Sauguikt, Kohle. f "
9646,RAR-DE,365,75,"a oder fehindeo, Schlan⸗ "
9649,RAR-DE,365,75,"Sciöjemeke, Bla. "
9651,RAR-DE,365,75,"Schugus, Verzehren. "
9653,RAR-DE,365,75,"Schugui, Abnehmen, wenig "
9654,RAR-DE,365,75,werden. 
9656,RAR-DE,365,75,Schuglameke. Es iſt ausgegan⸗ 
9657,RAR-DE,365,75,"gen, hat e Bu "
9660,RAR-DE,365,75,"Sell, Befehlen, "
9663,RAR-DE,365,75,Soiguala 1 
9666,RAR-DE,365,75,363 
9669,RAR-DE,365,75,pflegen ſie auch bon einem 
9672,RAR-DE,365,75,Verſtorbenen zu fagen- 
9673,RAR-DE,365,75,"Sehue wiki, .. Getraͤnk. "
9676,RAR-DE,365,75,"Schul, Maͤhen. "
9679,RAR-DE,365,75,Schupanalı 3 Eroziegel. 
9682,RAR-DE,365,75,Sc; Hand. 
9685,RAR-DE,365,75,"S. gu, Roſe. "
9686,RAR-DE,365,75,"Seguf, Auf eine andere Weiſe. "
9689,RAR-DE,365,75,"Hinweg, "
9690,RAR-DE,365,75,Die Gewalt 
9691,RAR-DE,365,75,zu ſchuffeu haben. 
9694,RAR-DE,365,75,"Sellameke, So nennen fie ihr "
9697,RAR-DE,365,75,ren Dorfrichter. 
9698,RAR-DE,366,76,"Send, Ein anderes. "
9699,RAR-DE,366,76,"Senüla, Noch ein anderes. "
9700,RAR-DE,366,76,"Sera, Gelangen. Kerkichen "
9701,RAR-DE,366,76,Wohin kommen. 
9704,RAR-DE,366,76,"Sevoli, Fliege. "
9707,RAR-DE,366,76,"Siguden, Eingeweide. "
9710,RAR-DE,366,76,"Sika, Hauen, zerſchneiden. "
9713,RAR-DE,366,76,"Sikirügameke, Zerhauenes. "
9715,RAR-DE,366,76,"Si i, Gehen. 5 "
9717,RAR-DE,366,76,Slinibs; Er oder es geht ſchon. 
9718,RAR-DE,366,76,"So ſagen ſie auch, wenn "
9719,RAR-DE,366,76,der Kranke in 
9720,RAR-DE,366,76,greift. 
9722,RAR-DE,366,76,"Simigo, So geh doch, ſ. cos "
9724,RAR-DE,366,76,"Stai. oder, Schine, Bisweilen. "
9726,RAR-DE,366,76,Si 
9729,RAR-DE,366,76,"inepi, Einmal. "
9730,RAR-DE,366,76,"Sinepi putie, Noch einmak "
9733,RAR-DE,366,76,"u Sinepitlo, Nur einmal. "
9736,RAR-DE,366,76,"Sinevi, oder linivi, "
9737,RAR-DE,366,76,8 allezeit. 5 
9738,RAR-DE,366,76,"Sisi, Harnen⸗ "
9740,RAR-DE,366,76,"Soro, Zwirn, von Aloe. "
9742,RAR-DE,366,76,"Soigua, Ausloöſchen. "
9744,RAR-DE,366,76,Dorn 
9745,RAR-DE,366,76,"Soläca, (Breunſchwamm. "
9746,RAR-DE,366,76,Somtbea! Wollte Gott! 
9748,RAR-DE,366,76,Sopeichi „ Fledermaus. 
9751,RAR-DE,366,76,"Immer, "
9754,RAR-DE,366,76,"Sapoli, Stern. "
9757,RAR-DE,366,76,"Souguspali, Schwalbe. "
9758,RAR-DE,366,76,"Suenku, Ktatzen. g "
9759,RAR-DE,366,76,"Suila, Großswier/ von Seiten "
9760,RAR-DE,366,76,det ns | 
9761,RAR-DE,366,76,"Suläla, "
9764,RAR-DE,366,76,— 8 
9767,RAR-DE,366,76,N 
9770,RAR-DE,366,76,die Zugen 
9773,RAR-DE,366,76,8 x 
9774,RAR-DE,366,76,TER RER 
9777,RAR-DE,366,76,DP 
9780,RAR-DE,366,76,— 
9781,RAR-DE,366,76,. 
9784,RAR-DE,366,76,366 Tarahumariſc Deutices 
9787,RAR-DE,366,76,"Sul ala, Herz. N "
9788,RAR-DE,366,76,"Zulatſehic, im Helen, tlehic. "
9789,RAR-DE,366,76,"Sulelila, Berb ot. "
9791,RAR-DE,366,76,"Sulclirue, Es iſt verboten. "
9792,RAR-DE,366,76,"Sulı, Verbleten. i "
9793,RAR-DE,366,76,"Sutüla, Nagel, Klaue. "
9796,RAR-DE,366,76,Di 
9799,RAR-DE,366,76,= „ 
9801,RAR-DE,366,76,"1 Nein. Nicht, f. Nein. "
9803,RAR-DE,366,76,"7795 Aufſpielen, Mat ma⸗ "
9804,RAR-DE,366,76,en. 
9807,RAR-DE,366,76,"Tabano, f. Fliege. "
9808,RAR-DE,366,76,"Tabelaca, Schienbein. "
9809,RAR-DE,366,76,"Tachpe, Wenig g. "
9812,RAR-DE,366,76,". Tschpebi, Nur was weniges. "
9815,RAR-DE,366,76,"Ta guetsi joma, Nirgends. "
9816,RAR-DE,366,76,"Taicä, Sonne. i "
9818,RAR-DE,366,76,"Taje, oder raje, f. colaguitaje. "
9819,RAR-DE,366,76,"Ten, Es klaͤret fi ſich, wird "
9822,RAR-DE,366,76,ag. 
9823,RAR-DE,366,76,1 Es wird ſchon Tag. 
9826,RAR-DE,366,76,Tajenaſago; Nachdem es Tag 
9827,RAR-DE,366,76,geworden. 
9829,RAR-DE,366,76,"Taitafe, Es giebt nichts, es "
9830,RAR-DE,366,76,"hat nicht te, "
9833,RAR-DE,366,76,"Taiteke, taiteki, Es iſt nicht "
9834,RAR-DE,366,76,f vorhanden. 
9836,RAR-DE,366,76,"Tala, Ful. "
9838,RAR-DE,366,76,"Talahipon, ſ. Spiel. "
9840,RAR-DE,366,76,"Talärik, Woche. "
9842,RAR-DE,366,76,"Talı, Verkaufen. "
9844,RAR-DE,366,76,"‚Taliki, Saamen; "
9845,RAR-DE,366,76,"Tamatelame, Dunkel, finſter. "
9846,RAR-DE,366,76,"Tame, Bir. "
9848,RAR-DE,366,76,". Tamegdtie, Wir ſelbſt⸗ "
9849,RAR-DE,366,76,"Tameké, Wir. "
9851,RAR-DE,366,76,"Tämule, Schelle, Klapper. "
9852,RAR-DE,366,76,Was ein Geraͤuſch macht. 
9853,RAR-DE,366,76,"Tana, oder rana, Gebähren: "
9855,RAR-DE,366,76,"Tanegue, Leihen. Borgen. "
9857,RAR-DE,366,76,"Tant, Begehen. Fordern. "
9859,RAR-DE,366,76,"Tepäco , Geſtern. "
9861,RAR-DE,366,76,"e Sich reiſſen, verle⸗ "
9862,RAR-DE,366,76,"tzen, verwunden. "
9865,RAR-DE,366,76,"Ta 1 Aufspielen, Muſi 1 * "
9868,RAR-DE,366,76,"Tara, Zaͤhlen. h "
9870,RAR-DE,366,76,"Taragameke, Zähler: Der im "
9871,RAR-DE,367,77,Zaͤhlen begriffen iſt. 
9873,RAR-DE,367,77,"Tar ""amela, Man fell, oder muß "
9874,RAR-DE,367,77,zaͤhlen. 
9877,RAR-DE,367,77,"Taraliki, Zahl. "
9880,RAR-DE,367,77,"Terälati, * 0 Was ra "
9881,RAR-DE,367,77,zählen läßt 
9883,RAR-DE,367,77,"Tafchine , Nirgenb. "
9885,RAR-DE,367,77,"Tasimega, Das ſagen fie, wenn "
9886,RAR-DE,367,77,"ſie andeuten wollen, daß et⸗ "
9887,RAR-DE,367,77,tas nicht beſſer ſeyn koͤnne. 
9888,RAR-DE,367,77,Es bedeutet alſo die 8 
9889,RAR-DE,367,77,Vergleichungsſtaffel. | 
9891,RAR-DE,367,77,"Taflegua, Huren. | "
9893,RAR-DE,367,77,"Tatéla, Großvater, von Ba: "
9895,RAR-DE,367,77,5 b Spelſe. 
9896,RAR-DE,367,77,atema 
9898,RAR-DE,367,77,"Taremela, Man ſoll in 14. "
9899,RAR-DE,367,77,Grube braten; d 
9901,RAR-DE,367,77,"Tatlé, Noch nicht. "
9903,RAR-DE,367,77,"Taugueke, Feuerſtein⸗ "
9906,RAR-DE,367,77,"‚Te, Lauf: "
9909,RAR-DE,367,77,"Tees, 1 Br "
9910,RAR-DE,367,77,Techteke in: 
9911,RAR-DE,367,77,Terulüameke}: Barano. 80 
9912,RAR-DE,367,77,=. ei 
9914,RAR-DE,367,77,ee eiſſen. 
9915,RAR-DE,367,77,nr Scherzend. 550 Shen 
9918,RAR-DE,367,77,"Taxe, Scherzen. "
9919,RAR-DE,367,77,"1 Spielen, Poſſen treis "
9922,RAR-DE,367,77,"Tegucke, Mädchen, f Miss, "
9925,RAR-DE,367,77,chen 
9926,RAR-DE,367,77,"Tehimä, Blutöfremmd: "
9927,RAR-DE,367,77,"Tehimäla, Mein Biutsfreund, "
9928,RAR-DE,367,77,ſ. Mutter. 
9929,RAR-DE,367,77,"Tehimeameke, Verwandter. "
9930,RAR-DE,367,77,"Tehöje, oder hehe, Menſch. "
9931,RAR-DE,367,77,Mann. 
9932,RAR-DE,367,77,Tajaca; ee 1 
9933,RAR-DE,367,77,"Tele, Unten. Hi "
9934,RAR-DE,367,77,"Telebe, Tiefer, Weiter ae, "
9935,RAR-DE,367,77,ele - 
9938,RAR-DE,367,77,Wouͤrterbüch. 
9941,RAR-DE,367,77,"Toe, Begraben Einſcharren⸗ "
9944,RAR-DE,367,77,"Te'sgatigameke, dor unten iſt, "
9945,RAR-DE,367,77,f. Teufel: 
9946,RAR-DE,367,77,Telegons Aa Abwärts. 
9949,RAR-DE,367,77,"Telétſi, "
9951,RAR-DE,367,77,"Telogui, a "
9953,RAR-DE,367,77,"Temaliki, Juͤngling. "
9955,RAR-DE,367,77,"Tomaſedli, J. Badſtube. "
9956,RAR-DE,367,77,beser remeke . 
9959,RAR-DE,367,77,"Temé ke, "
9960,RAR-DE,367,77,Brod. 
9962,RAR-DE,367,77,"Tamela, oder römäla , Zahn. "
9964,RAR-DE,367,77,"Temöro, te "
9966,RAR-DE,367,77,"Temotlatſehie, Ein Ort, wo "
9967,RAR-DE,367,77,viele roten ſind. 
9969,RAR-DE,367,77,"Tenibätlals, Zaum. "
9971,RAR-DE,367,77,"Tenila, Zunge. "
9973,RAR-DE,367,77,"Tedpa, Kirche. "
9975,RAR-DE,367,77,"Tepä, oder repa, Oben. a "
9977,RAR-DE,367,77,"Tepabe, Höber, beſſer, oben. "
9979,RAR-DE,367,77,"Tepägatigsmeke, f. Gott. "
9980,RAR-DE,367,77,"epatla, Darinnen. "
9982,RAR-DE,367,77,"Tepöii, Maulwurf. Scheer, "
9985,RAR-DE,367,77,maus. 
9988,RAR-DE,367,77,"Tepulä, oder tepurä, Hauen, "
9991,RAR-DE,367,77,hacken. 
9992,RAR-DE,367,77,"Tepuläca, Häcke "
9993,RAR-DE,367,77,1 aa Zerreiſſen. 
9994,RAR-DE,367,77,"unésmeke, Zerreiſſen. "
9995,RAR-DE,367,77,"T-fligus, Trauern, betrübt fern. "
9996,RAR-DE,367,77,"Teſſiguala, Betruͤbniß. Trau⸗ "
9997,RAR-DE,367,77,rigkeit. Keue: 
9998,RAR-DE,367,77,"Telsiguati, Verunglüdt, be "
9999,RAR-DE,367,77,"drängt, arm.“ "
10000,RAR-DE,367,77,"Teſſö, Kluft, Hoͤhle. "
10001,RAR-DE,367,77,"Tetshoje, Menſcheh. Leute. "
10002,RAR-DE,367,77,"Tetſcholi, ſ. Wachtel. "
10003,RAR-DE,367,77,"Ten; Es friert, e frieren. "
10004,RAR-DE,367,77,"Terüleke, Es iſt 4 90 "
10005,RAR-DE,367,77,"Thulagua, Es iſt kalt. "
10006,RAR-DE,367,77,"Thulärneke; Kalt, "
10007,RAR-DE,367,77,"Thuläne, Mit iſt kalt, "
10008,RAR-DE,367,77,"Tilma, J. Kotze. f "
10009,RAR-DE,367,77,"Tatäkome, Dinn, fein. "
10010,RAR-DE,367,77,"Tiatölle, Rottungen. Heimli⸗ "
10011,RAR-DE,367,77,che Zuſammenkuntte. | 
10012,RAR-DE,367,77,"Te, Bringen. Hertragen. Ca t6 "
10013,RAR-DE,367,77,"oder ‚guäacatd, bring es her. "
10016,RAR-DE,367,77,2 
10019,RAR-DE,367,77,— (—ͤ—E 
10022,RAR-DE,367,77,DER 27 
10025,RAR-DE,367,77,"> Tiehigö, Noch. "
10028,RAR-DE,367,77,er 
10029,RAR-DE,367,77,ERBEN 
10032,RAR-DE,367,77,"Togui, Knab. Bub, "
10033,RAR-DE,367,77,Tofacameke Weiß. 
10034,RAR-DE,367,77,"Toroli, Huhn "
10037,RAR-DE,367,77,Ttiehl! Sich. Torfcht tfchapi: 
10040,RAR-DE,367,77,"mela, Fiſche fangen, . öi⸗ "
10041,RAR-DE,367,77,chen. N 
10042,RAR-DE,368,78,"Töruke, Er iſt bentaben: » "
10045,RAR-DE,368,78,"Tiani, Sagen. Sprechen. Re⸗ "
10048,RAR-DE,368,78,den. 
10049,RAR-DE,368,78,Tlanholz; oder beſſer tlainijos. 
10052,RAR-DE,368,78,"1a, oder tlenjolä, Bbſes "
10055,RAR-DE,368,78,thun. 
10058,RAR-DE,368,78,"Tlani - oder täinijoläjameke, "
10059,RAR-DE,368,78,Uebelthaͤ⸗ 
10062,RAR-DE,368,78,Der Boͤſes thut. 
10063,RAR-DE,368,78,"fer, "
10066,RAR-DE,368,78,"Tiani - - oder teinijotikl, Mes "
10069,RAR-DE,368,78,beithat. Sünde. 
10070,RAR-DE,368,78,"Tiehä, Kraͤtze. "
10071,RAR-DE,368,78,"Tlehea, Wegwerfen. "
10072,RAR-DE,368,78,"Tiehaca, Wunde. 1255 "
10073,RAR-DE,368,78,"Tiehach: äcd, f. Staat, "
10074,RAR-DE,368,78,"Tichapi, Nehmen. Ergreifen. "
10075,RAR-DE,368,78,"Tiehapivoli, Die Brautleute. "
10078,RAR-DE,368,78,Ticharügameke 3 Weggeworfe⸗ 8 
10079,RAR-DE,368,78,"Tichie, heißt Auf, oder Ju, "
10082,RAR-DE,368,78,und wird dem Hauptworte 
10083,RAR-DE,368,78,"binten angehaͤngt, z. B. "
10084,RAR-DE,368,78,"tlehigötlehie, im "
10085,RAR-DE,368,78,"Sulatſchie, im Herzen. "
10086,RAR-DE,368,78,"Tiekicoliki, Topf, Hafen. "
10089,RAR-DE,368,78,"' Tichieotehi, Winkel 1 "
10090,RAR-DE,368,78,"ö Tiehichpiläca, Stahl zum Feuer, "
10093,RAR-DE,368,78,ſchl gen. 
10094,RAR-DE,368,78,F ene Es muß Feuer 
10095,RAR-DE,368,78,geſchlagen werden. 
10096,RAR-DE,368,78,"Tleniculi, Maus, ſ. "
10099,RAR-DE,368,78,Tichikia? Warum? 
10100,RAR-DE,368,78,Tiehimikia® Warum? 
10101,RAR-DE,368,78,"Tlehimoli, Eichhöruchen. "
10102,RAR-DE,368,78,"Tichinaca, ſ. Kraut. "
10103,RAR-DE,368,78,Tichinſf. 1. Gewebe. 
10106,RAR-DE,368,78,"Tichiperameke , Fein. Dans. f "
10109,RAR-DE,368,78,Fla 
10110,RAR-DE,368,78,Hach. Tichipl« 
10113,RAR-DE,368,78,— — N N 
10116,RAR-DE,368,78,BL ARE CAR. N 
10119,RAR-DE,368,78,357 
10122,RAR-DE,368,78,Winkel. . 
10125,RAR-DE,368,78,0 Maus. u 
10128,RAR-DE,368,78,368 
10131,RAR-DE,368,78,Tichpikia? 2 1 
10132,RAR-DE,368,78,"Tichiph, Stinken. "
10134,RAR-DE,368,78,"Tfebipüfi, lob. "
10136,RAR-DE,368,78,"""Tichiticht, Saugen. "
10138,RAR-DE,368,78,"Tlehiiſehiameke, Saͤugling. "
10140,RAR-DE,368,78,"Tfehitichigus, Eine zahme Kuh, "
10141,RAR-DE,368,78,die ſich melken läßt. 
10143,RAR-DE,368,78,"Tichitichimöco, Ein gar kleines "
10144,RAR-DE,368,78,"Eichhoͤrnchen, wie eine Maus. "
10147,RAR-DE,368,78,"Tlehirüla, Kreis. Runde. Zirkel. 05 "
10148,RAR-DE,368,78,"Tuſchi, Mahlen. Zerreiben. "
10151,RAR-DE,368,78,"Tichirälameke, Rund. "
10153,RAR-DE,368,78,"Tlehivävoli, Metze, f. Getrei⸗ "
10154,RAR-DE,368,78,demaaß. 
10156,RAR-DE,368,78,"Tfchivi, Indianlſcher Hahn. "
10158,RAR-DE,368,78,"Tſehécemeke, Schwarz. "
10160,RAR-DE,368,78,"Tfehoches, Kue.“ "
10162,RAR-DE,368,78,"Tſchomalt, Reh ſ. Reh. "
10164,RAR-DE,368,78,"Is Es wird, iſt ſchon "
10166,RAR-DE,368,78,"Tichotſchona, Ins Maul ſchla⸗ "
10168,RAR-DE,368,78,n. 
10170,RAR-DE,368,78,"Tichotfchenäla, Maulſchele. "
10171,RAR-DE,368,78,Ohrfeige. 
10173,RAR-DE,368,78,"e Kienholz zum den, "
10176,RAR-DE,368,78,"Tichougus, Auslöfhen. "
10177,RAR-DE,368,78,Tichukia? Warum? 
10178,RAR-DE,368,78,"Tfchuch, Der Ort, "
10179,RAR-DE,368,78,"re zahmes Thier befindet, [ "
10180,RAR-DE,368,78,e 
10181,RAR-DE,368,78,"Tlchuluguf, Vogel. "
10182,RAR-DE,368,78,"Tichulug&ameke, Hungrig. "
10183,RAR-DE,368,78,"Tlchnluguitſi, Hungern. "
10184,RAR-DE,368,78,"Tichumila, Mund, Maul. "
10185,RAR-DE,368,78,"Tirhuſigua, Nießen. "
10188,RAR-DE,368,78,"Tſchuta, Schleifen. Schaͤrfen. "
10191,RAR-DE,368,78,ene Salben. Schmie⸗ 
10194,RAR-DE,368,78,"Tlehutſehellls, Salbung. "
10196,RAR-DE,368,78,"Tichutfchü, Taback ſchmauchen, "
10197,RAR-DE,368,78,ſ. Tahack. 
10199,RAR-DE,368,78,"Tfele oder Tleli, Tag. "
10201,RAR-DE,368,78,"Tfelixugi, Verzeihen. Vergeben. "
10203,RAR-DE,368,78,"Tfelifapoli, Morgenſtern. "
10206,RAR-DE,368,78,"Veniruje, Zahm "
10209,RAR-DE,369,79,wo ſich 
10212,RAR-DE,369,79,"pi, 05 "
10213,RAR-DE,369,79,"Uvänale, Baden, ſ. Baden. a "
10216,RAR-DE,369,79,Tarahumariſch⸗ Deutſches 
10219,RAR-DE,369,79,"Tleſtäna, Es if * "
10220,RAR-DE,369,79,"Tieftatacameke, oder Stäcame- "
10221,RAR-DE,369,79,"ke. Roth, 5 "
10222,RAR-DE,369,79,"Tleti, Bös. Uebel. Schlimm. "
10223,RAR-DE,369,79,"Tletibe, Aerger. Schlimmer. "
10226,RAR-DE,369,79,"Tfetijoſa, Boͤſes thun. "
10229,RAR-DE,369,79,"Tierijolajameke, Uebelthaͤter. "
10230,RAR-DE,369,79,Sünder. . 
10231,RAR-DE,369,79,"Tucaguod, Stodfinftere‘ Nacht, "
10234,RAR-DE,369,79,nox conenbigs 5 
10237,RAR-DE,369,79,"Tulchiki; Mehl, Staub. BR "
10238,RAR-DE,369,79,tiebenes. 
10241,RAR-DE,369,79,U. V. 
10244,RAR-DE,369,79,Via 
10247,RAR-DE,369,79,"Väcalchi, Kuh. 5 "
10248,RAR-DE,369,79,"Takina, Naher. Beſſer ben f "
10249,RAR-DE,369,79,"Vakitst, Es trocknet, dürrt aus. "
10250,RAR-DE,369,79,Vaſſeraſeke; ſ. plug 
10251,RAR-DE,369,79,"Vaflürichi, Wo "
10252,RAR-DE,369,79,Waſſer hat. 
10253,RAR-DE,369,79,"Uelemeke, Altes Weib. "
10254,RAR-DE,369,79,Vene Zahm. 
10255,RAR-DE,369,79,machen. 
10256,RAR-DE,369,79,"Uin, Steben bleiben. et "
10257,RAR-DE,369,79,halten. Warken. ! 
10258,RAR-DE,369,79,"Uipaca, Tabak. "
10259,RAR-DE,369,79,"Verendo, Ein wilder Bock. "
10260,RAR-DE,369,79,"Viſſigs, Waͤſche waſchen. "
10261,RAR-DE,369,79,"Vie, Spielblatt. "
10262,RAR-DE,369,79,"Ulula, Nachteule⸗ N "
10263,RAR-DE,369,79,"1 Baͤr, ſ. Baͤr. i "
10264,RAR-DE,369,79,Volsiga Seltenfteben: ſ. Sei 
10265,RAR-DE,369,79,tenſtechen. 
10266,RAR-DE,369,79,"Upeameke, Ein Verheutathe⸗ "
10267,RAR-DE,369,79,"ter, Ehemann. i "
10268,RAR-DE,369,79,Eheweib. 
10271,RAR-DE,369,79,warmes 
10274,RAR-DE,369,79,1 
10277,RAR-DE,369,79,"Vnechcä , Viel. "
10278,RAR-DE,369,79,Vuechcrbe ; Mehr. 1 
10279,RAR-DE,369,79,"Vuoſſaguaca, Ziegelerde, f. "
10280,RAR-DE,369,79,- Mörtel. 
10283,RAR-DE,369,79,f . 
